pais_de_origen,codigo_pais_origen,pais_destino,codigo_pais_destino,1960,1970,1980,1990,2000
Argentina,ARG,Andorra,AND,4,24,6,12,16
Argentina,ARG,Antigua and Barbuda,ATG,3,4,3,2,6
Argentina,ARG,Aruba,ABW,8,8,8,53,123
Argentina,ARG,Australia,AUS,144,434,8783,10299,10749
Argentina,ARG,Austria,AUT,119,46,564,364,339
Argentina,ARG,Barbados,BRB,8,20,34,13,15
Argentina,ARG,Belgium,BEL,100,420,495,533,719
Argentina,ARG,Benin,BEN,3,4,5,6,11
Argentina,ARG,Bolivia,BOL,4113,9976,14647,17463,27612
Argentina,ARG,Bosnia and Herzegovina,BIH,2,2,3,14,11
Argentina,ARG,Brazil,BRA,17814,17026,26427,28161,27553
Argentina,ARG,Bulgaria,BGR,9,10,10,10,46
Argentina,ARG,Cameroon,CMR,6,7,6,2,2
Argentina,ARG,Canada,CAN,1909,2421,2992,9645,13536
Argentina,ARG,Chad,TCD,1,1,2,2,2
Argentina,ARG,Chile,CHL,11966,12739,18862,32548,45713
Argentina,ARG,China,CHN,2,8,6,123,207
Argentina,ARG,Colombia,COL,943,1418,1730,2142,2654
Argentina,ARG,"Congo, Dem. Rep.",COD,25,45,27,19,15
Argentina,ARG,Costa Rica,CRI,146,203,429,656,1103
Argentina,ARG,Cote d'Ivoire,CIV,7,11,14,39,4
Argentina,ARG,Cuba,CUB,397,360,206,132,181
Argentina,ARG,Cyprus,CYP,8,26,45,64,39
Argentina,ARG,Czech Republic,CZE,3,4,4,28,312
Argentina,ARG,Denmark,DNK,81,868,825,903,931
Argentina,ARG,Dominican Republic,DOM,90,809,1502,2291,3221
Argentina,ARG,Ecuador,ECU,540,1004,1563,1661,2183
Argentina,ARG,"Egypt, Arab Rep.",EGY,9,22,36,103,330
Argentina,ARG,El Salvador,SLV,109,118,135,146,163
Argentina,ARG,Faeroe Islands,FRO,4,5,6,7,2
Argentina,ARG,Falkland Islands (Malvinas),FLK,2,2,7,29,35
Argentina,ARG,Finland,FIN,23,98,190,117,173
Argentina,ARG,France,FRA,10669,1067,9699,9508,17999
Argentina,ARG,French Guiana,GUF,3,10,20,45,69
Argentina,ARG,French Polynesia,PYF,4,4,4,14,42
Argentina,ARG,Germany,DEU,1230,1767,5144,3561,5112
Argentina,ARG,Greece,GRC,24,66,238,516,254
Argentina,ARG,Guatemala,GTM,203,267,320,275,345
Argentina,ARG,Guinea,GIN,2,3,5,4,9
Argentina,ARG,Guyana,GUY,353,205,20,17,40
Argentina,ARG,Honduras,HND,68,31,40,86,139
Argentina,ARG,Hungary,HUN,48,225,208,181,173
Argentina,ARG,Indonesia,IDN,24,15,15,19,17
Argentina,ARG,Ireland,IRL,48,60,107,77,265
Argentina,ARG,Israel,ISR,1107,1315,1243,16177,36951
Argentina,ARG,Italy,ITA,458,17211,16981,34358,20311
Argentina,ARG,Japan,JPN,5,78,173,2666,3061
Argentina,ARG,Jordan,JOR,5,3,6,1,13
Argentina,ARG,Lebanon,LBN,2,8,5,32,897
Argentina,ARG,Luxembourg,LUX,5,7,25,151,115
Argentina,ARG,"Macedonia, FYR",MKD,3,3,5,139,161
Argentina,ARG,Mexico,MEX,2480,1638,6004,4417,6564
Argentina,ARG,Monaco,MCO,5,21,35,44,52
Argentina,ARG,Myanmar,MMR,29,28,16,6,5
Argentina,ARG,Namibia,NAM,9,15,23,37,36
Argentina,ARG,Netherlands,NLD,3,226,625,1800,2215
Argentina,ARG,Netherlands Antilles,ANT,31,27,24,102,48
Argentina,ARG,New Zealand,NZL,131,145,217,231,382
Argentina,ARG,Nicaragua,NIC,70,118,133,142,170
Argentina,ARG,Niger,NER,34,46,62,44,10
Argentina,ARG,Nigeria,NGA,106,145,1085,368,618
Argentina,ARG,Norway,NOR,163,237,370,453,544
Argentina,ARG,Oman,OMN,1,2,5,14,21
Argentina,ARG,Panama,PAN,242,456,551,615,811
Argentina,ARG,Papua New Guinea,PNG,3,7,8,6,4
Argentina,ARG,Paraguay,PRY,27512,24563,37611,47261,64284
Argentina,ARG,Peru,PER,2643,3877,4861,4386,3586
Argentina,ARG,Philippines,PHL,11,113,44,43,638
Argentina,ARG,Poland,POL,4,4,58,112,190
Argentina,ARG,Portugal,PRT,55,144,377,856,1094
Argentina,ARG,Puerto Rico,PRI,133,392,563,1252,281
Argentina,ARG,Qatar,QAT,2,45,67,54,1340
Argentina,ARG,Reunion,REU,2,1,9,11,17
Argentina,ARG,Samoa,WSM,1,4,5,3,10
Argentina,ARG,Senegal,SEN,14,9,10,18,18
Argentina,ARG,Serbia and Montenegro,SCG,16,16,29,236,875
Argentina,ARG,Slovak Republic,SVK,1,1,2,5,57
Argentina,ARG,Slovenia,SVN,1,1,2,92,172
Argentina,ARG,South Africa,ZAF,422,672,920,972,1004
Argentina,ARG,Spain,ESP,12334,20804,35637,52801,83803
Argentina,ARG,Suriname,SUR,415,275,180,243,324
Argentina,ARG,Swaziland,SWZ,6,11,2,2,18
Argentina,ARG,Sweden,SWE,268,620,2204,2156,2408
Argentina,ARG,Switzerland,CHE,408,541,283,1876,1359
Argentina,ARG,Tanzania,TZA,5,5,2,2,4
Argentina,ARG,Togo,TGO,48,69,72,75,78
Argentina,ARG,Trinidad and Tobago,TTO,50,40,46,37,21
Argentina,ARG,Tunisia,TUN,5,3,4,8,7
Argentina,ARG,Turkey,TUR,128,233,278,503,142
Argentina,ARG,United Kingdom,GBR,5672,319,3589,4574,10198
Argentina,ARG,United States,USA,17591,55325,77600,106364,133210
Argentina,ARG,Uruguay,URY,27775,23013,16613,18724,25146
Argentina,ARG,Vanuatu,VUT,1,2,4,5,2
Argentina,ARG,"Venezuela, RB",VEN,4240,3827,10340,9580,8733
Argentina,ARG,West Bank and Gaza,PSE,61,73,86,113,175
Argentina,ARG,"Yemen, Rep.",YEM,31,38,47,58,68
Argentina,ARG,Zimbabwe,ZWE,53,68,65,61,56
Afghanistan,AFG,Algeria,DZA,41,16,13,10,8
Afghanistan,AFG,Australia,AUS,42,70,749,2637,11128
Afghanistan,AFG,Austria,AUT,47,148,217,267,2488
Afghanistan,AFG,Bahrain,BHR,62,61,13384,22519,34419
Afghanistan,AFG,Bangladesh,BGD,151,119,132,144,158
Afghanistan,AFG,Belgium,BEL,16,91,41,229,209
Afghanistan,AFG,Bulgaria,BGR,168,175,179,178,826
Afghanistan,AFG,Canada,CAN,228,3007,5905,1539,21969
Afghanistan,AFG,"Congo, Dem. Rep.",COD,26,9,5,3,3
Afghanistan,AFG,Cyprus,CYP,3,10,18,25,4
Afghanistan,AFG,Czech Republic,CZE,2,2,3,19,211
Afghanistan,AFG,Denmark,DNK,13,12,42,384,4198
Afghanistan,AFG,"Egypt, Arab Rep.",EGY,1450,3819,6431,177,277
Afghanistan,AFG,Fiji,FJI,9,7,6,8,9
Afghanistan,AFG,France,FRA,1767,177,110,51,2981
Afghanistan,AFG,Germany,DEU,199,256,592,15875,15529
Afghanistan,AFG,Greece,GRC,9,26,48,226,357
Afghanistan,AFG,"Hong Kong SAR, China",HKG,67,66,4,32,599
Afghanistan,AFG,Hungary,HUN,99,116,101,86,81
Afghanistan,AFG,India,IND,3827,3975,5397,13755,9671
Afghanistan,AFG,Indonesia,IDN,24,15,15,19,17
Afghanistan,AFG,"Iran, Islamic Rep.",IRN,42222,75075,284019,680274,762129
Afghanistan,AFG,Ireland,IRL,6,7,13,15,93
Afghanistan,AFG,Israel,ISR,16,19,19,190,429
Afghanistan,AFG,Italy,ITA,180,224,278,1522,202
Afghanistan,AFG,Jordan,JOR,21,49,170,64,62
Afghanistan,AFG,Kuwait,KWT,760,1323,1164,93561,88350
Afghanistan,AFG,Lebanon,LBN,28,49,102,45698,23718
Afghanistan,AFG,Libya,LBY,36,225,573,844,1011
Afghanistan,AFG,"Macao SAR, China",MAC,3,1,4,4,4
Afghanistan,AFG,Maldives,MDV,3,5,1,5,4
Afghanistan,AFG,Morocco,MAR,63,20,11,10,9
Afghanistan,AFG,Myanmar,MMR,12,11,8,6,5
Afghanistan,AFG,New Zealand,NZL,19,74,133,270,727
Afghanistan,AFG,Nicaragua,NIC,10,18,20,21,25
Afghanistan,AFG,Oman,OMN,80,116,269,780,1148
Afghanistan,AFG,Pakistan,PAK,28216,27957,22442,18015,14461
Afghanistan,AFG,Peru,PER,1,1,2,9,8
Afghanistan,AFG,Philippines,PHL,11,8,44,35,751
Afghanistan,AFG,Poland,POL,3,2,50,97,165
Afghanistan,AFG,Qatar,QAT,27,261,1508,76302,35442
Afghanistan,AFG,Saudi Arabia,SAU,157,887,4522,11782,12746
Afghanistan,AFG,Serbia and Montenegro,SCG,3,3,5,1,5
Afghanistan,AFG,Singapore,SGP,2,4,10,24,181
Afghanistan,AFG,Sri Lanka,LKA,14,25,139,96,83
Afghanistan,AFG,Sudan,SDN,5,4,6,8,10
Afghanistan,AFG,Sweden,SWE,17,39,174,353,4239
Afghanistan,AFG,Switzerland,CHE,160,127,111,519,2395
Afghanistan,AFG,Syrian Arab Republic,SYR,701,6777,4931,6975,9172
Afghanistan,AFG,Tanzania,TZA,23,21,7,7,7
Afghanistan,AFG,Thailand,THA,2,5,89,175,596
Afghanistan,AFG,Tunisia,TUN,83,9,61,119,112
Afghanistan,AFG,Turkey,TUR,620,2573,3653,7136,9630
Afghanistan,AFG,United Arab Emirates,ARE,25,759,8290,15383,26430
Afghanistan,AFG,United Kingdom,GBR,221,50,548,14,5
Afghanistan,AFG,United States,USA,293,207,4832,30146,44893
Afghanistan,AFG,West Bank and Gaza,PSE,39,46,55,72,111
Afghanistan,AFG,"Yemen, Rep.",YEM,1283,1588,1966,2434,2845
Afghanistan,AFG,Zimbabwe,ZWE,1,1,1,1,1
Albania,ALB,Algeria,DZA,16,6,5,4,3
Albania,ALB,Australia,AUS,1410,1525,1315,951,1437
Albania,ALB,Austria,AUT,1158,2303,605,1351,2372
Albania,ALB,Bahrain,BHR,2,1,4,2,2
Albania,ALB,Belgium,BEL,1572,804,900,591,1951
Albania,ALB,Benin,BEN,3,4,5,7,12
Albania,ALB,Bermuda,BMU,2,3,2,2,3
Albania,ALB,Bosnia and Herzegovina,BIH,108,109,196,956,753
Albania,ALB,Bulgaria,BGR,86,90,92,91,424
Albania,ALB,Cameroon,CMR,8,8,7,10,8
Albania,ALB,Canada,CAN,863,1733,2655,456,6102
Albania,ALB,Cape Verde,CPV,8,9,10,12,14
Albania,ALB,Central African Republic,CAF,12,7,15,19,6
Albania,ALB,"Congo, Dem. Rep.",COD,106,685,426,294,241
Albania,ALB,"Congo, Rep.",COG,11,18,19,31,6
Albania,ALB,Cote d'Ivoire,CIV,29,44,57,22,18
Albania,ALB,Croatia,HRV,1045,1062,1901,25,182
Albania,ALB,Cuba,CUB,5,5,28,42,118
Albania,ALB,Czech Republic,CZE,11,12,14,96,180
Albania,ALB,Denmark,DNK,145,57,5,6,91
Albania,ALB,Dominican Republic,DOM,3,8,13,19,26
Albania,ALB,Ethiopia,ETH,12,12,12,13,14
Albania,ALB,Finland,FIN,9,40,78,8,48
Albania,ALB,France,FRA,19179,6911,8,33,32356
Albania,ALB,Gabon,GAB,3,4,8,14,21
Albania,ALB,Germany,DEU,4212,2587,2092,1758,221897
Albania,ALB,Ghana,GHA,5,12,4,14,23
Albania,ALB,Greece,GRC,6554,4074,4728,50727,420838
Albania,ALB,Guatemala,GTM,2,6,5,4,2
Albania,ALB,Guinea,GIN,13,19,28,10,12
Albania,ALB,Hungary,HUN,917,574,465,386,359
Albania,ALB,Iceland,ISL,2,2,5,13,20
Albania,ALB,India,IND,58,47,12,369,58
Albania,ALB,Indonesia,IDN,46,29,30,36,32
Albania,ALB,Ireland,IRL,7,9,16,15,184
Albania,ALB,Israel,ISR,29,34,40,202,433
Albania,ALB,Italy,ITA,12606,11374,12096,42821,275300
Albania,ALB,Jordan,JOR,2,10,37,372,11
Albania,ALB,Kuwait,KWT,2,12,1,15,14
Albania,ALB,Lao PDR,LAO,2,2,2,2,2
Albania,ALB,Luxembourg,LUX,11,35,46,271,221
Albania,ALB,"Macedonia, FYR",MKD,188,191,343,1847,2146
Albania,ALB,Mexico,MEX,32,33,5,44,8
Albania,ALB,Monaco,MCO,8,8,63,79,93
Albania,ALB,Myanmar,MMR,10,9,9,12,10
Albania,ALB,New Zealand,NZL,29,8,22,23,62
Albania,ALB,Nicaragua,NIC,12,21,23,25,30
Albania,ALB,Niger,NER,19,26,34,26,8
Albania,ALB,Nigeria,NGA,59,40,183,42,70
Albania,ALB,Norway,NOR,4,24,15,21,152
Albania,ALB,Pakistan,PAK,4,13,11,9,7
Albania,ALB,Philippines,PHL,20,76,85,485,600
Albania,ALB,Poland,POL,124,107,87,74,70
Albania,ALB,Qatar,QAT,57,2,6,64,156
Albania,ALB,Romania,ROU,1567,1345,949,676,691
Albania,ALB,Rwanda,RWA,3,15,19,23,92
Albania,ALB,Senegal,SEN,4,2,2,5,5
Albania,ALB,Serbia and Montenegro,SCG,1036,1053,1885,1104,4084
Albania,ALB,Slovak Republic,SVK,4,5,5,17,17
Albania,ALB,Slovenia,SVN,304,309,552,15,2
Albania,ALB,South Africa,ZAF,32,94,157,173,70
Albania,ALB,Spain,ESP,84,141,242,2,377
Albania,ALB,Sudan,SDN,1,1,1,5,6
Albania,ALB,Sweden,SWE,44,83,1797,16,370
Albania,ALB,Switzerland,CHE,4810,145,4631,88828,1817
Albania,ALB,Syrian Arab Republic,SYR,2,18,13,19,25
Albania,ALB,Tanzania,TZA,10,9,3,3,7
Albania,ALB,Thailand,THA,34,73,203,353,1150
Albania,ALB,Togo,TGO,27,38,40,42,43
Albania,ALB,Turkey,TUR,5224,3240,1344,139,3313
Albania,ALB,United States,USA,10047,10865,7963,5844,40555
Albania,ALB,West Bank and Gaza,PSE,17,20,24,31,48
Albania,ALB,"Yemen, Rep.",YEM,10,13,16,20,23
Albania,ALB,Zimbabwe,ZWE,5,7,6,6,6
Algeria,DZA,Afghanistan,AFG,7,30,17,33,54
Algeria,DZA,Angola,AGO,10,4,2,2,3
Algeria,DZA,Antigua and Barbuda,ATG,1,2,5,9,5
Algeria,DZA,Australia,AUS,130,353,1033,648,990
Algeria,DZA,Austria,AUT,1923,1383,673,251,546
Algeria,DZA,"Bahamas, The",BHS,1,2,4,2,3
Algeria,DZA,Bangladesh,BGD,16,78,87,95,104
Algeria,DZA,Belgium,BEL,1694,6775,12179,11551,8004
Algeria,DZA,Benin,BEN,49,63,82,108,185
Algeria,DZA,Bosnia and Herzegovina,BIH,30,31,55,267,210
Algeria,DZA,Brazil,BRA,168,45,94,299,339
Algeria,DZA,Bulgaria,BGR,33,34,35,35,162
Algeria,DZA,Burkina Faso,BFA,65,93,177,56,14
Algeria,DZA,Canada,CAN,222,1267,2360,3038,20298
Algeria,DZA,Central African Republic,CAF,4,2,5,7,2
Algeria,DZA,Chile,CHL,17,68,15,45,43
Algeria,DZA,Colombia,COL,4,9,14,19,21
Algeria,DZA,"Congo, Dem. Rep.",COD,2,413,260,180,147
Algeria,DZA,Cote d'Ivoire,CIV,113,175,224,58,313
Algeria,DZA,Cuba,CUB,65,58,71,82,203
Algeria,DZA,Cyprus,CYP,36,123,210,300,20
Algeria,DZA,Czech Republic,CZE,3,3,4,26,330
Algeria,DZA,Denmark,DNK,1558,26,433,627,932
Algeria,DZA,Dominican Republic,DOM,38,48,55,65,77
Algeria,DZA,"Egypt, Arab Rep.",EGY,5218,3222,1087,4226,1695
Algeria,DZA,El Salvador,SLV,1,2,2,3,2
Algeria,DZA,Ethiopia,ETH,72,68,72,76,79
Algeria,DZA,Finland,FIN,29,122,237,238,456
Algeria,DZA,France,FRA,626615,1493990,1424707,1375771,1057135
Algeria,DZA,French Guiana,GUF,95,260,519,1208,1842
Algeria,DZA,French Polynesia,PYF,58,289,744,605,17
Algeria,DZA,Gabon,GAB,19,5,4,4,5
Algeria,DZA,Germany,DEU,9670,7395,14291,6947,20295
Algeria,DZA,Ghana,GHA,7,65,34,444,854
Algeria,DZA,Greece,GRC,379,6035,1669,304,267
Algeria,DZA,Guadeloupe,GLP,149,465,888,1931,1734
Algeria,DZA,Haiti,HTI,3,2,2,3,4
Algeria,DZA,Hungary,HUN,116,385,354,308,293
Algeria,DZA,India,IND,2351,9606,2795,4359,4799
Algeria,DZA,Indonesia,IDN,76,48,49,59,851
Algeria,DZA,Iraq,IRQ,145,162,180,256,65
Algeria,DZA,Ireland,IRL,329,414,736,899,861
Algeria,DZA,Israel,ISR,46884,55710,55304,46068,46734
Algeria,DZA,Italy,ITA,7365,11372,5306,5870,15861
Algeria,DZA,Jordan,JOR,76,43,76,141,339
Algeria,DZA,Lao PDR,LAO,2,2,3,3,3
Algeria,DZA,Lebanon,LBN,10,352,193,173,1215
Algeria,DZA,Libya,LBY,73,1390,3535,5207,6234
Algeria,DZA,Luxembourg,LUX,93,144,490,2910,347
Algeria,DZA,"Macedonia, FYR",MKD,52,53,95,2522,2930
Algeria,DZA,Madagascar,MDG,3,2,4,4373,3953
Algeria,DZA,Malawi,MWI,1,1,178,175,172
Algeria,DZA,Mali,MLI,450,441,433,425,588
Algeria,DZA,Martinique,MTQ,162,437,426,831,995
Algeria,DZA,Monaco,MCO,90,354,680,847,1000
Algeria,DZA,Morocco,MAR,94601,30409,17079,14454,13233
Algeria,DZA,Myanmar,MMR,92,87,52,20,17
Algeria,DZA,Namibia,NAM,2,3,5,8,8
Algeria,DZA,Netherlands,NLD,52,266,710,2020,3873
Algeria,DZA,Netherlands Antilles,ANT,24,21,18,64,2
Algeria,DZA,New Caledonia,NCL,264,13,859,852,1022
Algeria,DZA,New Zealand,NZL,2,8,13,29,109
Algeria,DZA,Nicaragua,NIC,19,32,36,39,46
Algeria,DZA,Niger,NER,353,477,644,507,207
Algeria,DZA,Norway,NOR,215,84,148,457,749
Algeria,DZA,Oman,OMN,1,2,5,14,20
Algeria,DZA,Pakistan,PAK,186,586,470,378,303
Algeria,DZA,Papua New Guinea,PNG,2,5,6,5,4
Algeria,DZA,Peru,PER,6,8,10,21,17
Algeria,DZA,Philippines,PHL,34,27,139,911,606
Algeria,DZA,Poland,POL,4,3,144,283,483
Algeria,DZA,Puerto Rico,PRI,3,9,13,1,119
Algeria,DZA,Qatar,QAT,9,1882,2854,289,1815
Algeria,DZA,Reunion,REU,158,638,12,16,23
Algeria,DZA,Saudi Arabia,SAU,2,9,46,119,129
Algeria,DZA,Senegal,SEN,5,3,4,7,7
Algeria,DZA,Serbia and Montenegro,SCG,290,295,528,165,611
Algeria,DZA,Singapore,SGP,56,3,11,29,104
Algeria,DZA,Slovak Republic,SVK,1,1,1,4,24
Algeria,DZA,South Africa,ZAF,25,382,744,1739,190
Algeria,DZA,Sudan,SDN,764,729,935,530,640
Algeria,DZA,Swaziland,SWZ,1,2,2,4,6
Algeria,DZA,Sweden,SWE,6,1480,3265,6109,1664
Algeria,DZA,Switzerland,CHE,6568,1811,6864,6749,3959
Algeria,DZA,Syrian Arab Republic,SYR,23,8,9,12,16
Algeria,DZA,Togo,TGO,3,4,5,5,5
Algeria,DZA,Trinidad and Tobago,TTO,21,17,19,16,9
Algeria,DZA,Tunisia,TUN,32926,18207,16256,16819,15846
Algeria,DZA,Turkey,TUR,602,1096,1308,2366,656
Algeria,DZA,Uganda,UGA,2,2,20,41,3
Algeria,DZA,United Kingdom,GBR,8385,30581,2479,5592,40555
Algeria,DZA,United States,USA,322,533,4843,5577,11717
Algeria,DZA,Uruguay,URY,5,4,3,3,15
Algeria,DZA,"Venezuela, RB",VEN,15,7,55,33,84
Algeria,DZA,West Bank and Gaza,PSE,3293,3926,4648,6116,9454
Algeria,DZA,"Yemen, Rep.",YEM,1136,1407,1742,2156,2521
Algeria,DZA,Zimbabwe,ZWE,604,778,734,692,637
American Samoa,ASM,Fiji,FJI,4,12,21,25,30
American Samoa,ASM,Germany,DEU,13,10,14,4,246
American Samoa,ASM,Guadeloupe,GLP,1,2,4,10,9
American Samoa,ASM,India,IND,6,13,2,184,62
American Samoa,ASM,New Zealand,NZL,10,116,179,31,391
American Samoa,ASM,Pakistan,PAK,2,6,5,4,3
American Samoa,ASM,Papua New Guinea,PNG,1,3,3,2,2
American Samoa,ASM,Puerto Rico,PRI,3,9,12,1,116
American Samoa,ASM,Samoa,WSM,1694,916,1281,1071,1920
American Samoa,ASM,Solomon Islands,SLB,4,5,10,1,3
American Samoa,ASM,United States,USA,2519,11528,9604,1870,16339
American Samoa,ASM,Vanuatu,VUT,2,2,7,2,6
American Samoa,ASM,"Yemen, Rep.",YEM,3,3,4,5,6
Andorra,AND,Canada,CAN,17,34,52,17,15
Andorra,AND,Germany,DEU,7,4,3,22,348
Andorra,AND,Hungary,HUN,14,16,14,12,11
Andorra,AND,Switzerland,CHE,8,13,7,139,16
Andorra,AND,United States,USA,440,3,1548,57,5
Angola,AGO,Australia,AUS,18,50,145,322,348
Angola,AGO,Austria,AUT,66,44,74,134,251
Angola,AGO,Bangladesh,BGD,2,10,11,12,13
Angola,AGO,Belgium,BEL,58,80,79,525,680
Angola,AGO,Benin,BEN,17,22,29,38,66
Angola,AGO,Bosnia and Herzegovina,BIH,3,3,6,30,23
Angola,AGO,Botswana,BWA,202,180,72,533,3857
Angola,AGO,Brazil,BRA,2947,780,7001,4835,6331
Angola,AGO,Bulgaria,BGR,2,2,2,2,11
Angola,AGO,Canada,CAN,79,449,835,917,2429
Angola,AGO,Cape Verde,CPV,1,1,1,1902,2209
Angola,AGO,Central African Republic,CAF,10,6,12,44,14
Angola,AGO,Chad,TCD,2,3,3,3,4
Angola,AGO,Colombia,COL,46,40,25,12,47
Angola,AGO,"Congo, Rep.",COG,840,1413,5526,9170,1693
Angola,AGO,Cote d'Ivoire,CIV,40,62,80,21,118
Angola,AGO,Denmark,DNK,174,3,26,58,124
Angola,AGO,Djibouti,DJI,2,4,8,13,16
Angola,AGO,Ecuador,ECU,10,18,29,31,21
Angola,AGO,Ethiopia,ETH,191,182,191,201,211
Angola,AGO,Finland,FIN,3,14,27,7,110
Angola,AGO,France,FRA,7698,18448,141,245,12986
Angola,AGO,French Guiana,GUF,18,47,94,218,333
Angola,AGO,Gabon,GAB,51,103,190,348,529
Angola,AGO,Germany,DEU,314,348,314,720,7231
Angola,AGO,Greece,GRC,13,170,57,139,13
Angola,AGO,Hungary,HUN,14,50,46,40,38
Angola,AGO,India,IND,301,1230,358,558,614
Angola,AGO,Indonesia,IDN,93,59,60,73,65
Angola,AGO,Ireland,IRL,35,44,78,95,520
Angola,AGO,Italy,ITA,253,387,1608,2584,1750
Angola,AGO,Lao PDR,LAO,3,3,3,3,3
Angola,AGO,Lesotho,LSO,17,34,51,72,1
Angola,AGO,Luxembourg,LUX,10,16,55,325,351
Angola,AGO,"Macedonia, FYR",MKD,6,6,11,282,327
Angola,AGO,Madagascar,MDG,7,4,10,2,2
Angola,AGO,Malawi,MWI,35,35,5448,5352,5258
Angola,AGO,Martinique,MTQ,1,2,3,5,6
Angola,AGO,Mauritius,MUS,14,14,64,51,51
Angola,AGO,Monaco,MCO,10,10,76,95,112
Angola,AGO,Mozambique,MOZ,2,12,54,1200,5244
Angola,AGO,Myanmar,MMR,113,107,64,25,21
Angola,AGO,Namibia,NAM,13238,21219,34012,54519,52200
Angola,AGO,New Zealand,NZL,1,5,15,12,18
Angola,AGO,Nicaragua,NIC,3,6,6,7,8
Angola,AGO,Norway,NOR,23,4,6,31,105
Angola,AGO,Pakistan,PAK,24,75,60,48,39
Angola,AGO,Peru,PER,101,146,181,32,26
Angola,AGO,Philippines,PHL,41,36,171,677,2450
Angola,AGO,Portugal,PRT,15415,40277,105233,139439,167578
Angola,AGO,Reunion,REU,1,5,246,328,486
Angola,AGO,Sao Tome and Principe,STP,624,594,565,988,940
Angola,AGO,Serbia and Montenegro,SCG,32,33,59,18,68
Angola,AGO,Seychelles,SYC,15,27,23,5,82
Angola,AGO,Somalia,SOM,1,15,59,18,18
Angola,AGO,South Africa,ZAF,10612,7109,3414,5868,11882
Angola,AGO,Sudan,SDN,225,215,275,387,467
Angola,AGO,Swaziland,SWZ,32,64,74,132,200
Angola,AGO,Switzerland,CHE,225,62,286,230,4300
Angola,AGO,Tanzania,TZA,22,20,6,16,1102
Angola,AGO,Togo,TGO,1,2,2,2,2
Angola,AGO,Uganda,UGA,10,10,9,9,14
Angola,AGO,United Kingdom,GBR,883,3222,6480,484,33459
Angola,AGO,United States,USA,141,316,1347,3194,8412
Angola,AGO,Uruguay,URY,57,47,34,35,10
Angola,AGO,"Venezuela, RB",VEN,258,130,968,582,216
Angola,AGO,Zambia,ZMB,42246,33853,27957,25172,22777
Angola,AGO,Zimbabwe,ZWE,47,60,57,54,49
Anguilla,AIA,Aruba,ABW,74,70,66,9,12
Anguilla,AIA,Barbados,BRB,96,50,10,10,11
Anguilla,AIA,Cuba,CUB,69,62,35,21,28
Anguilla,AIA,Dominica,DMA,20,12,4,9,13
Anguilla,AIA,Dominican Republic,DOM,321,291,242,205,170
Anguilla,AIA,Grenada,GRD,48,25,2,7,12
Anguilla,AIA,Guadeloupe,GLP,10,17,39,87,78
Anguilla,AIA,Haiti,HTI,3,7,9,13,17
Anguilla,AIA,Jamaica,JAM,40,29,22,21,63
Anguilla,AIA,Netherlands Antilles,ANT,955,839,737,65,554
Anguilla,AIA,Puerto Rico,PRI,14,42,61,27,566
Anguilla,AIA,St. Kitts and Nevis,KNA,410,317,302,7,134
Anguilla,AIA,St. Lucia,LCA,21,13,6,10,30
Anguilla,AIA,Trinidad and Tobago,TTO,987,440,39,26,41
Anguilla,AIA,Turks and Caicos Islands,TCA,1,3,8,4,5
Anguilla,AIA,United Kingdom,GBR,4,5,5,4,6
Anguilla,AIA,United States,USA,147,3,438,815,417
Anguilla,AIA,Virgin Islands (U.S.),VIR,125,195,1267,1603,1105
Antigua and Barbuda,ATG,Anguilla,AIA,14,24,35,66,113
Antigua and Barbuda,ATG,Aruba,ABW,16,15,14,32,44
Antigua and Barbuda,ATG,"Bahamas, The",BHS,48,31,32,16,17
Antigua and Barbuda,ATG,Barbados,BRB,341,273,238,35,40
Antigua and Barbuda,ATG,Canada,CAN,14,162,317,1925,2288
Antigua and Barbuda,ATG,Cuba,CUB,242,219,122,75,96
Antigua and Barbuda,ATG,Dominica,DMA,71,132,197,196,290
Antigua and Barbuda,ATG,Dominican Republic,DOM,615,556,463,393,325
Antigua and Barbuda,ATG,Grenada,GRD,171,100,33,22,41
Antigua and Barbuda,ATG,Guadeloupe,GLP,36,59,136,308,276
Antigua and Barbuda,ATG,Haiti,HTI,11,26,33,44,60
Antigua and Barbuda,ATG,Indonesia,IDN,184,116,118,143,128
Antigua and Barbuda,ATG,Jamaica,JAM,143,102,77,73,221
Antigua and Barbuda,ATG,Lao PDR,LAO,1,1,1,1,1
Antigua and Barbuda,ATG,Montserrat,MSR,207,249,236,176,16
Antigua and Barbuda,ATG,Myanmar,MMR,223,212,126,49,41
Antigua and Barbuda,ATG,Netherlands Antilles,ANT,203,178,156,229,1058
Antigua and Barbuda,ATG,Nigeria,NGA,2,3,25,8,14
Antigua and Barbuda,ATG,Philippines,PHL,82,92,337,67,5791
Antigua and Barbuda,ATG,Puerto Rico,PRI,50,147,211,96,1966
Antigua and Barbuda,ATG,St. Kitts and Nevis,KNA,332,256,244,177,154
Antigua and Barbuda,ATG,St. Lucia,LCA,73,77,85,76,115
Antigua and Barbuda,ATG,St. Vincent and the Grenadines,VCT,31,29,27,30,48
Antigua and Barbuda,ATG,Thailand,THA,130,1,662,1330,4566
Antigua and Barbuda,ATG,Togo,TGO,1,2,2,2,2
Antigua and Barbuda,ATG,Trinidad and Tobago,TTO,3497,1560,139,90,144
Antigua and Barbuda,ATG,Turks and Caicos Islands,TCA,4,11,28,14,16
Antigua and Barbuda,ATG,United Kingdom,GBR,7,9,9,8,12
Antigua and Barbuda,ATG,United States,USA,3901,91,4533,13281,19151
Antigua and Barbuda,ATG,Virgin Islands (U.S.),VIR,726,735,5189,7744,4842
Antigua and Barbuda,ATG,"Virgin Islands, British",VGB,66,323,397,461,509
Antigua and Barbuda,ATG,"Yemen, Rep.",YEM,2,2,3,3,4
Armenia,ARM,Albania,ALB,4,5,5,6,6
Armenia,ARM,Argentina,ARG,1318,857,446,90,1497
Armenia,ARM,Australia,AUS,214,484,234,375,887
Armenia,ARM,Austria,AUT,164,99,87,181,654
Armenia,ARM,Azerbaijan,AZE,152502,168047,165099,137027,89898
Armenia,ARM,Belgium,BEL,418,189,69,62,195
Armenia,ARM,Benin,BEN,2,2,3,3,6
Armenia,ARM,Bolivia,BOL,4,6,7,3,10
Armenia,ARM,Brazil,BRA,985,734,484,284,971
Armenia,ARM,Bulgaria,BGR,857,894,916,908,4221
Armenia,ARM,Burundi,BDI,21,17,13,2,2
Armenia,ARM,Canada,CAN,2374,1997,1651,1652,1879
Armenia,ARM,Central African Republic,CAF,67,37,80,10,3
Armenia,ARM,Chad,TCD,39,43,47,52,59
Armenia,ARM,Chile,CHL,52,33,19,20,10
Armenia,ARM,China,CHN,189,62,3,19,425
Armenia,ARM,Colombia,COL,4,7,9,13,15
Armenia,ARM,"Congo, Dem. Rep.",COD,104,2837,1781,1230,1007
Armenia,ARM,"Congo, Rep.",COG,5,9,246,408,75
Armenia,ARM,Cote d'Ivoire,CIV,7,11,14,21,2
Armenia,ARM,Croatia,HRV,5,5,9,2,25
Armenia,ARM,Cyprus,CYP,41,143,244,348,537
Armenia,ARM,Czech Republic,CZE,30,33,37,260,930
Armenia,ARM,Denmark,DNK,13,208,149,127,569
Armenia,ARM,Djibouti,DJI,1,3,5,8,11
Armenia,ARM,Ecuador,ECU,3,6,9,10,15
Armenia,ARM,"Egypt, Arab Rep.",EGY,56,54,51,7,184
Armenia,ARM,Eritrea,ERI,5,8,24,7,2
Armenia,ARM,Ethiopia,ETH,51,49,51,54,57
Armenia,ARM,Finland,FIN,34,26,23,24,89
Armenia,ARM,France,FRA,1755,175,376,51,2961
Armenia,ARM,Gabon,GAB,12,4,3,3,5
Armenia,ARM,"Gambia, The",GMB,1,2,18,26,37
Armenia,ARM,Georgia,GEO,38234,39045,38679,37742,23674
Armenia,ARM,Germany,DEU,674,745,781,11517,21695
Armenia,ARM,Ghana,GHA,1,5,2,5,9
Armenia,ARM,Greece,GRC,61,123,157,3459,7438
Armenia,ARM,Guinea,GIN,40,59,88,21,4
Armenia,ARM,"Hong Kong SAR, China",HKG,540,530,29,255,4831
Armenia,ARM,Hungary,HUN,654,1059,943,813,770
Armenia,ARM,Indonesia,IDN,108,68,69,84,75
Armenia,ARM,Ireland,IRL,1,2,3,4,52
Armenia,ARM,Israel,ISR,1233,1466,2481,5685,10674
Armenia,ARM,Italy,ITA,110,21,184,47,280
Armenia,ARM,Kenya,KEN,121,1271,1015,718,23
Armenia,ARM,Lao PDR,LAO,6,6,6,6,6
Armenia,ARM,Lebanon,LBN,6,9,9,37,300
Armenia,ARM,Libya,LBY,1,9,22,33,39
Armenia,ARM,Luxembourg,LUX,2,1,4,25,6
Armenia,ARM,"Macao SAR, China",MAC,20,8,30,33,35
Armenia,ARM,Madagascar,MDG,125,72,25,13,12
Armenia,ARM,Mexico,MEX,46,51,24,94,52
Armenia,ARM,Myanmar,MMR,1319,1254,650,29,24
Armenia,ARM,New Zealand,NZL,5,5,10,10,21
Armenia,ARM,Niger,NER,18,25,33,25,8
Armenia,ARM,Nigeria,NGA,57,50,298,87,146
Armenia,ARM,Norway,NOR,7,5,4,8,36
Armenia,ARM,Paraguay,PRY,16,47,28,24,164
Armenia,ARM,Peru,PER,39,41,41,2,2
Armenia,ARM,Philippines,PHL,47,51,197,28,153
Armenia,ARM,Poland,POL,3067,2641,1914,1348,905
Armenia,ARM,Qatar,QAT,6,50,129,61,448
Armenia,ARM,Romania,ROU,6,5,4,3,8
Armenia,ARM,Russian Federation,RUS,72835,84996,103733,151484,481328
Armenia,ARM,Rwanda,RWA,5,19,24,18,63
Armenia,ARM,Serbia and Montenegro,SCG,3,3,5,1,5
Armenia,ARM,Slovak Republic,SVK,12,13,15,45,105
Armenia,ARM,Somalia,SOM,7,12,41,11,3
Armenia,ARM,South Africa,ZAF,94,80,64,67,27
Armenia,ARM,Sudan,SDN,714,681,874,297,358
Armenia,ARM,Sweden,SWE,466,105,101,99,448
Armenia,ARM,Switzerland,CHE,98,51,68,156,705
Armenia,ARM,Tanzania,TZA,100,92,167,161,138
Armenia,ARM,Thailand,THA,11,277,525,847,2671
Armenia,ARM,Togo,TGO,26,37,39,41,42
Armenia,ARM,Turkey,TUR,297,250,182,223,801
Armenia,ARM,Turkmenistan,TKM,2552,3196,3698,4436,3252
Armenia,ARM,Uganda,UGA,24,24,39,59,19
Armenia,ARM,Ukraine,UKR,18403,21959,25378,36498,52168
Armenia,ARM,United Kingdom,GBR,614,491,1464,752,15
Armenia,ARM,United States,USA,84201,69991,49945,32487,99985
Armenia,ARM,Uruguay,URY,172,143,103,65,238
Armenia,ARM,"Venezuela, RB",VEN,172,57,40,389,29
Armenia,ARM,West Bank and Gaza,PSE,27,32,38,50,78
Armenia,ARM,"Yemen, Rep.",YEM,881,1090,1350,1671,1954
Armenia,ARM,Zambia,ZMB,1,1,22,3,3
Armenia,ARM,Zimbabwe,ZWE,11,14,13,12,11
Aruba,ABW,Anguilla,AIA,3,4,7,10,17
Aruba,ABW,Antigua and Barbuda,ATG,2,2,4,7,2
Aruba,ABW,"Bahamas, The",BHS,16,7,4,7,7
Aruba,ABW,Barbados,BRB,18,12,8,11,13
Aruba,ABW,Colombia,COL,2,23,44,68,246
Aruba,ABW,Cuba,CUB,80,72,40,25,32
Aruba,ABW,Dominica,DMA,6,5,4,20,29
Aruba,ABW,Dominican Republic,DOM,212,258,291,340,402
Aruba,ABW,France,FRA,86,9,6,5,145
Aruba,ABW,Grenada,GRD,7,4,1,8,14
Aruba,ABW,Guadeloupe,GLP,2,4,8,19,17
Aruba,ABW,Haiti,HTI,4,9,11,15,20
Aruba,ABW,Indonesia,IDN,2,2,2,2,2
Aruba,ABW,Martinique,MTQ,5,9,26,20,24
Aruba,ABW,Netherlands Antilles,ANT,70,62,54,3906,3317
Aruba,ABW,Philippines,PHL,1,1,4,11,65
Aruba,ABW,Puerto Rico,PRI,17,49,71,32,658
Aruba,ABW,St. Lucia,LCA,6,4,3,12,16
Aruba,ABW,St. Vincent and the Grenadines,VCT,8,8,7,8,12
Aruba,ABW,Trinidad and Tobago,TTO,116,69,46,30,48
Aruba,ABW,Turks and Caicos Islands,TCA,1,4,9,5,5
Aruba,ABW,United Kingdom,GBR,129,167,161,146,220
Aruba,ABW,United States,USA,743,17,3288,4108,2101
Aruba,ABW,Uruguay,URY,2,1,1,1,2
Aruba,ABW,Virgin Islands (U.S.),VIR,12,167,30,235,106
Australia,AUS,Afghanistan,AFG,3,2,8,22,21
Australia,AUS,Albania,ALB,1,1,1,1,2
Australia,AUS,Algeria,DZA,5,2,2,1,1
Australia,AUS,American Samoa,ASM,33,30,33,6,5
Australia,AUS,Angola,AGO,74,29,12,13,20
Australia,AUS,Austria,AUT,63,2321,1252,970,1212
Australia,AUS,Bangladesh,BGD,4,22,24,26,29
Australia,AUS,Belgium,BEL,66,238,341,468,696
Australia,AUS,Benin,BEN,3,4,5,6,11
Australia,AUS,Bermuda,BMU,1,1,6,1,147
Australia,AUS,Bhutan,BTN,5,7,10,13,18
Australia,AUS,Bolivia,BOL,40,23,8,54,77
Australia,AUS,Bosnia and Herzegovina,BIH,12,12,22,108,85
Australia,AUS,Brazil,BRA,1297,9,611,295,445
Australia,AUS,Brunei Darussalam,BRN,4,5,32,262,373
Australia,AUS,Bulgaria,BGR,10,11,11,11,50
Australia,AUS,Cambodia,KHM,621,524,7,63,386
Australia,AUS,Cayman Islands,CYM,3,6,20,35,4
Australia,AUS,Chad,TCD,14,15,17,18,21
Australia,AUS,Chile,CHL,738,195,454,673,976
Australia,AUS,China,CHN,1643,461,188,300,3578
Australia,AUS,Colombia,COL,24,91,153,226,178
Australia,AUS,"Congo, Dem. Rep.",COD,222,237,139,96,79
Australia,AUS,Cook Islands,COK,27,24,89,47,11
Australia,AUS,Costa Rica,CRI,5,12,46,46,50
Australia,AUS,Cote d'Ivoire,CIV,7,11,14,41,4
Australia,AUS,Croatia,HRV,98,99,178,705,819
Australia,AUS,Cuba,CUB,1,1,26,42,120
Australia,AUS,Cyprus,CYP,138,479,819,1168,1365
Australia,AUS,Czech Republic,CZE,23,26,29,202,231
Australia,AUS,Denmark,DNK,133,787,821,1064,1593
Australia,AUS,Dominican Republic,DOM,24,38,49,64,81
Australia,AUS,Ecuador,ECU,4,7,11,12,129
Australia,AUS,"Egypt, Arab Rep.",EGY,18,92,173,239,540
Australia,AUS,El Salvador,SLV,11,8,14,18,6
Australia,AUS,Ethiopia,ETH,4,4,4,4,4
Australia,AUS,Faeroe Islands,FRO,4,5,6,7,23
Australia,AUS,Fiji,FJI,187,682,1253,1310,1526
Australia,AUS,Finland,FIN,29,122,236,439,653
Australia,AUS,France,FRA,17553,1755,3470,3829,29613
Australia,AUS,French Polynesia,PYF,10,8,9,51,101
Australia,AUS,Gabon,GAB,1,2,3,5,7
Australia,AUS,Germany,DEU,716,3453,6508,4638,7839
Australia,AUS,Gibraltar,GIB,9,6,14,1,15
Australia,AUS,Greece,GRC,12,35,5683,15557,8423
Australia,AUS,Guadeloupe,GLP,3,3,8,19,17
Australia,AUS,Guam,GUM,44,334,3,33,37
Australia,AUS,Guatemala,GTM,13,119,15,78,44
Australia,AUS,Guinea-Bissau,GNB,2,3,3,6,6
Australia,AUS,Honduras,HND,6,3,3,8,6
Australia,AUS,"Hong Kong SAR, China",HKG,4682,3749,3773,1804,34152
Australia,AUS,Hungary,HUN,228,32,11,4,1
Australia,AUS,Iceland,ISL,7,3,82,211,61
Australia,AUS,India,IND,775,447,503,3027,1883
Australia,AUS,Indonesia,IDN,185,117,119,144,129
Australia,AUS,Ireland,IRL,596,751,1334,2157,6672
Australia,AUS,Israel,ISR,227,269,255,3314,7570
Australia,AUS,Italy,ITA,241,14982,92,7632,5243
Australia,AUS,Japan,JPN,12,190,421,3683,7916
Australia,AUS,Jordan,JOR,12,14,42,121,246
Australia,AUS,Kiribati,KIR,141,116,108,150,174
Australia,AUS,"Korea, Dem. Rep.",PRK,53,48,50,54,318
Australia,AUS,"Korea, Rep.",KOR,7,52,151,229,725
Australia,AUS,Kuwait,KWT,23,46,75,501,473
Australia,AUS,Lao PDR,LAO,16,17,18,19,18
Australia,AUS,Lebanon,LBN,1,2,3,209,285
Australia,AUS,Libya,LBY,5,2,4,6,7
Australia,AUS,Luxembourg,LUX,8,12,42,248,96
Australia,AUS,"Macao SAR, China",MAC,148,59,215,236,256
Australia,AUS,"Macedonia, FYR",MKD,28,28,50,2216,2575
Australia,AUS,Malaysia,MYS,5,191,574,1842,4372
Australia,AUS,Marshall Islands,MHL,2,3,3,4,168
Australia,AUS,Mauritius,MUS,206,212,189,53,125
Australia,AUS,"Micronesia, Fed. Sts.",FSM,85,77,45,10,9
Australia,AUS,Monaco,MCO,8,12,58,72,85
Australia,AUS,Morocco,MAR,8,3,1,1,1
Australia,AUS,Mozambique,MOZ,3,1,3,181,824
Australia,AUS,Myanmar,MMR,224,213,127,50,41
Australia,AUS,Naura,NRU,41,160,300,331,332
Australia,AUS,Netherlands,NLD,4,1020,2822,8131,9404
Australia,AUS,Netherlands Antilles,ANT,15,14,12,40,1
Australia,AUS,New Caledonia,NCL,231,59,270,177,112
Australia,AUS,New Zealand,NZL,34932,43826,45707,51217,56375
Australia,AUS,Nicaragua,NIC,10,16,18,19,23
Australia,AUS,Niger,NER,35,48,64,60,42
Australia,AUS,Nigeria,NGA,110,162,1246,429,718
Australia,AUS,Northern Mariana Islands,MNP,1,2,2,3,8
Australia,AUS,Norway,NOR,168,407,671,810,1000
Australia,AUS,Oman,OMN,9,13,31,90,133
Australia,AUS,Pakistan,PAK,51,161,129,104,83
Australia,AUS,Papua New Guinea,PNG,13089,32257,14546,11271,8463
Australia,AUS,Peru,PER,183,168,146,206,169
Australia,AUS,Philippines,PHL,69,388,339,1091,2385
Australia,AUS,Poland,POL,31,27,212,396,664
Australia,AUS,Portugal,PRT,32,83,216,856,957
Australia,AUS,Qatar,QAT,1,11,50,348,425
Australia,AUS,Romania,ROU,5,4,3,2,6
Australia,AUS,Saint Pierre and Miquelon,SPM,1,4,4,5,5
Australia,AUS,Samoa,WSM,195,179,229,167,404
Australia,AUS,Serbia and Montenegro,SCG,117,119,212,1941,7184
Australia,AUS,Singapore,SGP,913,107,354,927,3371
Australia,AUS,Slovak Republic,SVK,9,10,11,35,53
Australia,AUS,Slovenia,SVN,28,29,52,225,149
Australia,AUS,Solomon Islands,SLB,316,347,399,457,512
Australia,AUS,Somalia,SOM,13,3,3,1,2
Australia,AUS,South Africa,ZAF,4064,4660,5210,3387,3042
Australia,AUS,Sri Lanka,LKA,154,77,832,577,496
Australia,AUS,Sudan,SDN,3,3,3,53,64
Australia,AUS,Swaziland,SWZ,26,52,5,4,12
Australia,AUS,Sweden,SWE,176,368,645,1175,2215
Australia,AUS,Switzerland,CHE,215,855,150,1479,2372
Australia,AUS,Syrian Arab Republic,SYR,3,21,15,21,28
Australia,AUS,Tanzania,TZA,3,3,45,44,107
Australia,AUS,Thailand,THA,18,359,545,825,2524
Australia,AUS,Timor-Leste,TLS,126,146,136,158,163
Australia,AUS,Togo,TGO,50,72,76,79,81
Australia,AUS,Tonga,TON,2,5,15,24,12
Australia,AUS,Trinidad and Tobago,TTO,13,11,12,10,6
Australia,AUS,Turkey,TUR,49,914,1424,2876,2934
Australia,AUS,Tuvalu,TUV,89,64,61,58,40
Australia,AUS,United Arab Emirates,ARE,1,33,363,673,1156
Australia,AUS,United Kingdom,GBR,45146,60219,63407,74195,113700
Australia,AUS,United States,USA,23305,31783,46076,54050,74459
Australia,AUS,Uruguay,URY,22,18,13,13,288
Australia,AUS,Vanuatu,VUT,332,388,416,419,243
Australia,AUS,Vietnam,VNM,2,2,6,13,135
Australia,AUS,West Bank and Gaza,PSE,24,28,33,44,68
Australia,AUS,"Yemen, Rep.",YEM,174,216,267,331,386
Australia,AUS,Zambia,ZMB,403,323,1347,82,74
Australia,AUS,Zimbabwe,ZWE,477,614,580,547,503
Austria,AUT,Albania,ALB,3,4,4,5,5
Austria,AUT,Algeria,DZA,120,47,37,29,23
Austria,AUT,Angola,AGO,121,48,19,21,33
Austria,AUT,Argentina,ARG,21433,14824,9066,4915,2454
Austria,AUT,Australia,AUS,22793,27224,21991,20980,19133
Austria,AUT,Bahrain,BHR,10,4,15,9,9
Austria,AUT,Belgium,BEL,1533,1528,1782,1425,2261
Austria,AUT,Benin,BEN,3,4,5,6,11
Austria,AUT,Bermuda,BMU,19,32,23,29,37
Austria,AUT,Bhutan,BTN,2,3,4,6,8
Austria,AUT,Bolivia,BOL,942,471,71,130,136
Austria,AUT,Bosnia and Herzegovina,BIH,700,711,1274,6214,4894
Austria,AUT,Botswana,BWA,2,1,3,22,24
Austria,AUT,Brazil,BRA,12184,10111,7618,4724,3208
Austria,AUT,Bulgaria,BGR,28,29,30,30,139
Austria,AUT,Burkina Faso,BFA,2,3,6,2,5
Austria,AUT,Canada,CAN,68268,50167,32649,35357,21953
Austria,AUT,Cape Verde,CPV,7,8,8,10,12
Austria,AUT,Cayman Islands,CYM,1,2,6,22,2
Austria,AUT,Chile,CHL,1423,950,729,592,522
Austria,AUT,Colombia,COL,441,410,303,205,181
Austria,AUT,"Congo, Dem. Rep.",COD,469,101,42,29,24
Austria,AUT,Costa Rica,CRI,55,15,26,50,96
Austria,AUT,Cote d'Ivoire,CIV,25,38,49,19,15
Austria,AUT,Croatia,HRV,6960,7073,12665,1288,1670
Austria,AUT,Cuba,CUB,16,15,7,4,2
Austria,AUT,Cyprus,CYP,4,11,18,24,160
Austria,AUT,Czech Republic,CZE,99,109,121,853,7422
Austria,AUT,Denmark,DNK,113,2134,1541,1385,1453
Austria,AUT,Dominican Republic,DOM,13,280,539,832,1177
Austria,AUT,Ecuador,ECU,34,63,98,105,207
Austria,AUT,"Egypt, Arab Rep.",EGY,35,120,213,632,739
Austria,AUT,El Salvador,SLV,39,2,3,4,2
Austria,AUT,Ethiopia,ETH,1,1,1,1,1
Austria,AUT,Fiji,FJI,82,43,7,2,3
Austria,AUT,Finland,FIN,7,31,60,238,304
Austria,AUT,France,FRA,14864,5322,12197,12583,25076
Austria,AUT,French Guiana,GUF,2,6,12,28,43
Austria,AUT,French Polynesia,PYF,2,5,11,56,10
Austria,AUT,Germany,DEU,59970,124663,176610,151101,189096
Austria,AUT,Ghana,GHA,16,35,11,40,69
Austria,AUT,Greece,GRC,147,417,1389,2845,1372
Austria,AUT,Guatemala,GTM,37,31,23,27,11
Austria,AUT,Guinea,GIN,11,16,24,9,10
Austria,AUT,Guyana,GUY,48,28,3,2,5
Austria,AUT,Honduras,HND,7,3,4,9,13
Austria,AUT,Hungary,HUN,3581,2462,2022,1689,1574
Austria,AUT,Iceland,ISL,36,48,4,10,72
Austria,AUT,India,IND,56,4,12,404,57
Austria,AUT,Indonesia,IDN,75,47,48,58,52
Austria,AUT,"Iran, Islamic Rep.",IRN,1,2,8,20,17
Austria,AUT,Ireland,IRL,207,261,464,61,758
Austria,AUT,Israel,ISR,289,344,46520,24018,4381
Austria,AUT,Italy,ITA,9571,34886,20999,15730,10131
Austria,AUT,Jordan,JOR,18,44,155,50,115
Austria,AUT,Kuwait,KWT,9,49,63,112,106
Austria,AUT,Lao PDR,LAO,3,3,3,3,3
Austria,AUT,Lebanon,LBN,22,3,163,389,513
Austria,AUT,Libya,LBY,9,8,20,30,36
Austria,AUT,Liechtenstein,LIE,1171,1850,1945,2095,2132
Austria,AUT,Luxembourg,LUX,354,425,416,481,622
Austria,AUT,"Macedonia, FYR",MKD,1225,1244,2228,2667,3098
Austria,AUT,Malawi,MWI,7,7,16,16,15
Austria,AUT,Mauritius,MUS,5,5,1,9,18
Austria,AUT,Mexico,MEX,398,416,51,376,505
Austria,AUT,Monaco,MCO,54,50,49,61,72
Austria,AUT,Morocco,MAR,16,5,3,2,2
Austria,AUT,Mozambique,MOZ,12,13,53,100,105
Austria,AUT,Myanmar,MMR,16,15,15,20,16
Austria,AUT,Namibia,NAM,30,48,77,123,118
Austria,AUT,Netherlands,NLD,950,1100,2551,6878,6395
Austria,AUT,New Caledonia,NCL,5,8,6,8,13
Austria,AUT,New Zealand,NZL,937,1059,977,1204,1208
Austria,AUT,Nicaragua,NIC,20,34,39,42,50
Austria,AUT,Niger,NER,16,22,30,22,7
Austria,AUT,Nigeria,NGA,51,34,158,36,60
Austria,AUT,Norway,NOR,582,752,880,1011,1080
Austria,AUT,Oman,OMN,2,3,7,19,28
Austria,AUT,Pakistan,PAK,4,13,11,9,7
Austria,AUT,Panama,PAN,151,88,55,58,58
Austria,AUT,Papua New Guinea,PNG,88,217,148,115,86
Austria,AUT,Paraguay,PRY,4,12,26,38,144
Austria,AUT,Peru,PER,522,460,380,223,183
Austria,AUT,Philippines,PHL,33,183,136,123,1626
Austria,AUT,Poland,POL,1099,947,1958,3010,4648
Austria,AUT,Portugal,PRT,14,36,94,247,293
Austria,AUT,Puerto Rico,PRI,1,3,4,3,41
Austria,AUT,Qatar,QAT,21,16,2410,649,767
Austria,AUT,Romania,ROU,1932,1658,1170,834,572
Austria,AUT,Saudi Arabia,SAU,3,16,84,219,237
Austria,AUT,Senegal,SEN,11,7,7,14,14
Austria,AUT,Serbia and Montenegro,SCG,6731,6841,12249,16607,61465
Austria,AUT,Sierra Leone,SLE,3,5,6,6,2
Austria,AUT,Singapore,SGP,12,2,6,15,21
Austria,AUT,Slovak Republic,SVK,39,43,48,147,801
Austria,AUT,Slovenia,SVN,2042,2075,3716,4444,2650
Austria,AUT,Solomon Islands,SLB,1,1,1,2,3
Austria,AUT,South Africa,ZAF,2062,3028,3980,2387,2276
Austria,AUT,Spain,ESP,64,108,186,1905,3309
Austria,AUT,Sweden,SWE,5726,8102,6972,6555,5957
Austria,AUT,Switzerland,CHE,48669,45314,38022,31607,31194
Austria,AUT,Syrian Arab Republic,SYR,8,77,56,79,104
Austria,AUT,Thailand,THA,55,117,326,567,1846
Austria,AUT,Togo,TGO,23,33,35,36,37
Austria,AUT,Trinidad and Tobago,TTO,7,6,7,5,3
Austria,AUT,Tunisia,TUN,21,47,15,30,28
Austria,AUT,Turkey,TUR,1838,3245,3834,6898,14309
Austria,AUT,United Kingdom,GBR,36007,6936,23727,20978,6987
Austria,AUT,United States,USA,317730,253310,155493,97915,72126
Austria,AUT,Uruguay,URY,195,162,117,120,247
Austria,AUT,Vanuatu,VUT,3,3,2,1,1
Austria,AUT,"Venezuela, RB",VEN,459,1311,1213,1037,803
Austria,AUT,West Bank and Gaza,PSE,137,163,194,255,394
Austria,AUT,"Yemen, Rep.",YEM,84,104,129,159,186
Austria,AUT,Zambia,ZMB,17,14,140,22,20
Austria,AUT,Zimbabwe,ZWE,201,259,244,230,211
Azerbaijan,AZE,Argentina,ARG,20,14,9,1,2
Azerbaijan,AZE,Armenia,ARM,158871,218499,237154,125123,115689
Azerbaijan,AZE,Australia,AUS,132,299,144,629,143
Azerbaijan,AZE,Austria,AUT,31,7,17,13,140
Azerbaijan,AZE,Belgium,BEL,28,13,5,4,13
Azerbaijan,AZE,Brazil,BRA,15,11,7,4,20
Azerbaijan,AZE,Bulgaria,BGR,24,25,25,25,116
Azerbaijan,AZE,Burundi,BDI,34,27,22,3,3
Azerbaijan,AZE,Canada,CAN,1395,1174,970,970,1104
Azerbaijan,AZE,Central African Republic,CAF,29,16,35,4,1
Azerbaijan,AZE,Chad,TCD,63,69,76,85,96
Azerbaijan,AZE,China,CHN,303,99,5,28,676
Azerbaijan,AZE,Colombia,COL,4,7,9,11,16
Azerbaijan,AZE,"Congo, Dem. Rep.",COD,45,1229,771,533,436
Azerbaijan,AZE,"Congo, Rep.",COG,2,4,107,177,33
Azerbaijan,AZE,Croatia,HRV,7,7,12,3,34
Azerbaijan,AZE,Cyprus,CYP,56,195,333,475,22
Azerbaijan,AZE,Czech Republic,CZE,41,46,50,356,186
Azerbaijan,AZE,Denmark,DNK,2,46,33,28,125
Azerbaijan,AZE,Djibouti,DJI,2,4,9,14,17
Azerbaijan,AZE,Eritrea,ERI,7,12,16,11,2
Azerbaijan,AZE,Ethiopia,ETH,22,21,22,23,24
Azerbaijan,AZE,Finland,FIN,16,11,9,11,41
Azerbaijan,AZE,France,FRA,226,23,45,7,382
Azerbaijan,AZE,Gabon,GAB,5,2,1,1,2
Azerbaijan,AZE,Georgia,GEO,8277,11734,13777,16573,10395
Azerbaijan,AZE,Germany,DEU,73,78,81,1305,2055
Azerbaijan,AZE,Ghana,GHA,2,8,3,9,15
Azerbaijan,AZE,Greece,GRC,1,2,4,47,102
Azerbaijan,AZE,Guinea,GIN,17,26,38,9,2
Azerbaijan,AZE,"Hong Kong SAR, China",HKG,864,848,46,408,7727
Azerbaijan,AZE,Hungary,HUN,60,155,141,123,117
Azerbaijan,AZE,Indonesia,IDN,47,29,30,36,32
Azerbaijan,AZE,"Iran, Islamic Rep.",IRN,1,2,8,20,964
Azerbaijan,AZE,Iraq,IRQ,4830,2983,1768,1073,17
Azerbaijan,AZE,Ireland,IRL,1,1,3,3,43
Azerbaijan,AZE,Israel,ISR,26046,30949,52388,120033,225396
Azerbaijan,AZE,Italy,ITA,8,3,13,17,99
Azerbaijan,AZE,Kazakhstan,KAZ,16188,24665,31568,40361,31823
Azerbaijan,AZE,Kenya,KEN,196,2064,1649,1166,38
Azerbaijan,AZE,"Korea, Dem. Rep.",PRK,10,10,1,5,60
Azerbaijan,AZE,Kuwait,KWT,9,44,15,1060,1001
Azerbaijan,AZE,Kyrgyz Republic,KGZ,2206,2762,3781,3548,2232
Azerbaijan,AZE,Lao PDR,LAO,2,3,3,3,3
Azerbaijan,AZE,Lebanon,LBN,124,196,183,703,5957
Azerbaijan,AZE,"Macao SAR, China",MAC,33,13,48,52,57
Azerbaijan,AZE,Madagascar,MDG,54,31,11,6,5
Azerbaijan,AZE,Mexico,MEX,25,27,13,51,15
Azerbaijan,AZE,Myanmar,MMR,570,542,281,12,10
Azerbaijan,AZE,New Zealand,NZL,3,3,6,6,30
Azerbaijan,AZE,Niger,NER,8,11,15,11,4
Azerbaijan,AZE,Nigeria,NGA,25,22,129,38,63
Azerbaijan,AZE,Norway,NOR,13,10,8,7,70
Azerbaijan,AZE,Philippines,PHL,20,22,85,12,66
Azerbaijan,AZE,Poland,POL,967,833,607,432,298
Azerbaijan,AZE,Qatar,QAT,119,1047,2710,1174,8901
Azerbaijan,AZE,Romania,ROU,9,7,5,4,11
Azerbaijan,AZE,Russian Federation,RUS,101089,136343,217178,478594,846104
Azerbaijan,AZE,Rwanda,RWA,2,8,11,8,27
Azerbaijan,AZE,Saudi Arabia,SAU,3,16,84,218,236
Azerbaijan,AZE,Slovak Republic,SVK,16,18,20,62,11
Azerbaijan,AZE,Somalia,SOM,11,18,27,17,5
Azerbaijan,AZE,South Africa,ZAF,153,129,104,108,43
Azerbaijan,AZE,Sudan,SDN,1159,1106,1419,482,582
Azerbaijan,AZE,Sweden,SWE,258,58,56,55,249
Azerbaijan,AZE,Switzerland,CHE,7,12,5,39,177
Azerbaijan,AZE,Syrian Arab Republic,SYR,8,77,56,79,104
Azerbaijan,AZE,Tanzania,TZA,162,150,272,262,224
Azerbaijan,AZE,Thailand,THA,5,120,227,366,1155
Azerbaijan,AZE,Togo,TGO,11,16,17,18,18
Azerbaijan,AZE,Turkey,TUR,6277,5287,3842,4703,16916
Azerbaijan,AZE,Turkmenistan,TKM,6828,9466,12495,19916,14599
Azerbaijan,AZE,Uganda,UGA,38,38,63,96,31
Azerbaijan,AZE,United Kingdom,GBR,71,57,169,87,2
Azerbaijan,AZE,United States,USA,45173,38390,48042,17434,33627
Azerbaijan,AZE,West Bank and Gaza,PSE,571,681,806,1061,1640
Azerbaijan,AZE,"Yemen, Rep.",YEM,18599,23026,28507,35291,41257
Azerbaijan,AZE,Zambia,ZMB,2,2,36,5,5
Azerbaijan,AZE,Zimbabwe,ZWE,17,23,21,20,18
"Bahamas, The",BHS,Anguilla,AIA,1,2,3,6,10
"Bahamas, The",BHS,Antigua and Barbuda,ATG,1,2,3,5,1
"Bahamas, The",BHS,Aruba,ABW,7,6,6,3,4
"Bahamas, The",BHS,Australia,AUS,2,31,16,173,179
"Bahamas, The",BHS,Barbados,BRB,30,16,5,57,65
"Bahamas, The",BHS,Canada,CAN,26,298,581,1101,1419
"Bahamas, The",BHS,Cayman Islands,CYM,9,15,53,79,9
"Bahamas, The",BHS,Cuba,CUB,22,20,11,7,9
"Bahamas, The",BHS,Dominica,DMA,6,4,1,5,8
"Bahamas, The",BHS,Dominican Republic,DOM,209,190,158,134,111
"Bahamas, The",BHS,France,FRA,16,2,1,1,28
"Bahamas, The",BHS,Grenada,GRD,15,8,1,17,32
"Bahamas, The",BHS,Guadeloupe,GLP,3,5,12,27,24
"Bahamas, The",BHS,Hungary,HUN,1,5,5,4,4
"Bahamas, The",BHS,Jamaica,JAM,13,9,7,6,20
"Bahamas, The",BHS,Netherlands Antilles,ANT,19,17,15,20,145
"Bahamas, The",BHS,Panama,PAN,58,28,12,13,34
"Bahamas, The",BHS,Puerto Rico,PRI,5,13,19,9,180
"Bahamas, The",BHS,St. Lucia,LCA,6,4,2,7,12
"Bahamas, The",BHS,Trinidad and Tobago,TTO,305,136,12,8,13
"Bahamas, The",BHS,Turks and Caicos Islands,TCA,3,7,17,850,940
"Bahamas, The",BHS,United Kingdom,GBR,25,32,31,28,42
"Bahamas, The",BHS,United States,USA,6776,158,17083,25867,30465
"Bahamas, The",BHS,Virgin Islands (U.S.),VIR,3,45,8,14,29
Bahrain,BHR,Algeria,DZA,23,9,7,6,4
Bahrain,BHR,Australia,AUS,4,7,70,476,657
Bahrain,BHR,Bulgaria,BGR,2,2,2,2,9
Bahrain,BHR,Canada,CAN,14,183,359,254,1336
Bahrain,BHR,"Egypt, Arab Rep.",EGY,503,1104,1767,1330,407
Bahrain,BHR,Ethiopia,ETH,5,5,5,5,5
Bahrain,BHR,Germany,DEU,2,2,5,114,125
Bahrain,BHR,Indonesia,IDN,403,254,258,313,4388
Bahrain,BHR,Israel,ISR,1,2,2,16,35
Bahrain,BHR,Italy,ITA,1,2,2,12,3
Bahrain,BHR,Kuwait,KWT,2,1148,2500,3150,2975
Bahrain,BHR,Libya,LBY,5,77,195,287,344
Bahrain,BHR,Morocco,MAR,34,11,6,5,5
Bahrain,BHR,Myanmar,MMR,124,118,100,108,89
Bahrain,BHR,New Zealand,NZL,1,4,9,14,188
Bahrain,BHR,Oman,OMN,7,10,24,70,104
Bahrain,BHR,Philippines,PHL,175,127,737,124,8252
Bahrain,BHR,Saudi Arabia,SAU,3,18,92,240,260
Bahrain,BHR,Sudan,SDN,3,2,3,1,1
Bahrain,BHR,Syrian Arab Republic,SYR,46,22,18,25,33
Bahrain,BHR,Thailand,THA,39,50,1471,2919,9980
Bahrain,BHR,Turkey,TUR,7,12,15,26,23
Bahrain,BHR,West Bank and Gaza,PSE,1222,1457,1725,2271,3510
Bahrain,BHR,"Yemen, Rep.",YEM,105,131,162,200,234
Bahrain,BHR,Zimbabwe,ZWE,3,4,3,3,3
Bangladesh,BGD,Afghanistan,AFG,44,617,28057,31302,41817
Bangladesh,BGD,Angola,AGO,10,4,2,2,3
Bangladesh,BGD,Australia,AUS,40,67,709,2237,8943
Bangladesh,BGD,Austria,AUT,42,135,106,760,1632
Bangladesh,BGD,Bahrain,BHR,22,22,4743,7980,12198
Bangladesh,BGD,Belgium,BEL,19,83,219,208,604
Bangladesh,BGD,Bhutan,BTN,11,14,19,26,35
Bangladesh,BGD,Bosnia and Herzegovina,BIH,2,2,4,19,15
Bangladesh,BGD,Brunei Darussalam,BRN,94,125,341,663,943
Bangladesh,BGD,Bulgaria,BGR,130,136,139,138,641
Bangladesh,BGD,Cambodia,KHM,346,292,4,35,215
Bangladesh,BGD,Canada,CAN,228,3004,5898,2277,21945
Bangladesh,BGD,Chad,TCD,2,2,2,3,3
Bangladesh,BGD,China,CHN,30,24,212,181,941
Bangladesh,BGD,Cyprus,CYP,2,8,14,20,295
Bangladesh,BGD,Czech Republic,CZE,2,2,2,15,33
Bangladesh,BGD,Denmark,DNK,105,96,229,265,393
Bangladesh,BGD,"Egypt, Arab Rep.",EGY,62,107,157,8,115
Bangladesh,BGD,Ethiopia,ETH,3,3,3,3,3
Bangladesh,BGD,Fiji,FJI,9,98,198,172,201
Bangladesh,BGD,Finland,FIN,4,16,31,108,396
Bangladesh,BGD,France,FRA,13883,1388,861,401,23422
Bangladesh,BGD,Germany,DEU,179,232,364,4103,14155
Bangladesh,BGD,Greece,GRC,8,23,43,206,4664
Bangladesh,BGD,"Hong Kong SAR, China",HKG,75,20,4615,11,170
Bangladesh,BGD,Hungary,HUN,96,112,98,84,79
Bangladesh,BGD,India,IND,12501,75838,4653065,4250287,3789377
Bangladesh,BGD,Indonesia,IDN,383,241,246,298,266
Bangladesh,BGD,"Iran, Islamic Rep.",IRN,38,68,256,613,517
Bangladesh,BGD,Ireland,IRL,45,56,100,123,593
Bangladesh,BGD,Italy,ITA,161,703,252,5134,23376
Bangladesh,BGD,Japan,JPN,14,223,493,3855,7151
Bangladesh,BGD,Jordan,JOR,4,16,60,631,6835
Bangladesh,BGD,Kenya,KEN,6,64,51,36,1
Bangladesh,BGD,Kuwait,KWT,269,467,613,33157,31310
Bangladesh,BGD,Lao PDR,LAO,1,1,1,1,1
Bangladesh,BGD,Lebanon,LBN,6,17,97,6423,12805
Bangladesh,BGD,Liberia,LBR,24,42,7,7,6
Bangladesh,BGD,Libya,LBY,2,10,25,36,43
Bangladesh,BGD,Luxembourg,LUX,6,10,33,196,33
Bangladesh,BGD,"Macao SAR, China",MAC,33,13,49,53,58
Bangladesh,BGD,"Macedonia, FYR",MKD,4,4,7,193,225
Bangladesh,BGD,Madagascar,MDG,6,3,1,38,35
Bangladesh,BGD,Malawi,MWI,1,1,2,2,2
Bangladesh,BGD,Malaysia,MYS,100,4515,13529,37871,77856
Bangladesh,BGD,Maldives,MDV,2,22,1057,1437,1664
Bangladesh,BGD,Mexico,MEX,21,23,9,30,10
Bangladesh,BGD,Monaco,MCO,6,2,46,57,67
Bangladesh,BGD,Myanmar,MMR,4478,4259,2853,1855,1567
Bangladesh,BGD,Namibia,NAM,2,4,6,10,9
Bangladesh,BGD,Nepal,NPL,2,2080,2710,575,537
Bangladesh,BGD,New Zealand,NZL,10,58,56,72,1164
Bangladesh,BGD,Nigeria,NGA,3,3,15,4,7
Bangladesh,BGD,Norway,NOR,12,4,151,566,495
Bangladesh,BGD,Oman,OMN,7166,10309,23972,69525,102360
Bangladesh,BGD,Pakistan,PAK,3894,94555,75903,60930,48910
Bangladesh,BGD,Philippines,PHL,140,87,700,145,1059
Bangladesh,BGD,Poland,POL,2,2,15,27,46
Bangladesh,BGD,Qatar,QAT,6,92,1428,10724,19135
Bangladesh,BGD,Saudi Arabia,SAU,4522,25466,129860,338332,366007
Bangladesh,BGD,Senegal,SEN,12,8,8,15,15
Bangladesh,BGD,Serbia and Montenegro,SCG,20,21,37,12,43
Bangladesh,BGD,Singapore,SGP,232,2522,6029,14569,16327
Bangladesh,BGD,South Africa,ZAF,91,90,88,2,1070
Bangladesh,BGD,Sri Lanka,LKA,674,1181,6540,4533,3902
Bangladesh,BGD,Sudan,SDN,3,3,4,11,13
Bangladesh,BGD,Sweden,SWE,6,312,1385,2801,2905
Bangladesh,BGD,Switzerland,CHE,143,115,100,235,1025
Bangladesh,BGD,Syrian Arab Republic,SYR,248,2388,1738,2458,3232
Bangladesh,BGD,Tanzania,TZA,22,21,9,9,7
Bangladesh,BGD,Thailand,THA,37,77,485,917,3084
Bangladesh,BGD,Timor-Leste,TLS,9,11,10,12,12
Bangladesh,BGD,Togo,TGO,1,2,2,2,2
Bangladesh,BGD,Turkey,TUR,1,2,3,5,329
Bangladesh,BGD,Uganda,UGA,1,1,25,52,12
Bangladesh,BGD,United Arab Emirates,ARE,59,1771,19327,35862,61616
Bangladesh,BGD,United Kingdom,GBR,1750,397,49666,107183,163655
Bangladesh,BGD,United States,USA,360,271,6317,23029,92655
Bangladesh,BGD,Vietnam,VNM,4,17,86,170,1025
Bangladesh,BGD,"Yemen, Rep.",YEM,22,27,33,41,48
Bangladesh,BGD,Zambia,ZMB,6,5,99,15,13
Bangladesh,BGD,Zimbabwe,ZWE,41,53,50,48,44
Barbados,BRB,Anguilla,AIA,10,17,25,48,82
Barbados,BRB,Antigua and Barbuda,ATG,72,103,153,215,170
Barbados,BRB,Aruba,ABW,56,53,50,24,32
Barbados,BRB,Australia,AUS,4,52,27,291,305
Barbados,BRB,"Bahamas, The",BHS,36,338,271,247,274
Barbados,BRB,Bermuda,BMU,8,31,17,272,267
Barbados,BRB,Canada,CAN,55,625,1221,15905,14677
Barbados,BRB,Cayman Islands,CYM,9,16,56,88,73
Barbados,BRB,Colombia,COL,4,5,5,5,10
Barbados,BRB,Costa Rica,CRI,7,9,3,5,8
Barbados,BRB,Cuba,CUB,178,161,90,56,72
Barbados,BRB,Denmark,DNK,24,17,14,21,24
Barbados,BRB,Dominica,DMA,51,56,63,67,99
Barbados,BRB,Dominican Republic,DOM,63,57,47,40,33
Barbados,BRB,Fiji,FJI,1,1,1,2,2
Barbados,BRB,Finland,FIN,5,22,44,8,13
Barbados,BRB,France,FRA,3111,311,230,199,5249
Barbados,BRB,French Guiana,GUF,10,37,74,172,263
Barbados,BRB,Germany,DEU,7,3,6,102,24
Barbados,BRB,Grenada,GRD,123,106,95,101,188
Barbados,BRB,Guadeloupe,GLP,26,43,98,222,199
Barbados,BRB,Guatemala,GTM,24,6,15,9,1
Barbados,BRB,Haiti,HTI,8,19,24,33,45
Barbados,BRB,Honduras,HND,42,19,25,54,2
Barbados,BRB,Hungary,HUN,3,13,12,11,10
Barbados,BRB,Ireland,IRL,9,11,20,14,21
Barbados,BRB,Italy,ITA,2,27,4,7,22
Barbados,BRB,Jamaica,JAM,446,558,482,450,165
Barbados,BRB,Luxembourg,LUX,3,4,7,44,3
Barbados,BRB,"Macedonia, FYR",MKD,2,2,3,40,47
Barbados,BRB,Monaco,MCO,1,1,10,13,15
Barbados,BRB,Montserrat,MSR,27,38,41,21,2
Barbados,BRB,Netherlands Antilles,ANT,155,137,120,169,471
Barbados,BRB,New Zealand,NZL,54,146,289,259,114
Barbados,BRB,Nicaragua,NIC,8,14,15,16,20
Barbados,BRB,Nigeria,NGA,7,9,69,23,39
Barbados,BRB,Norway,NOR,4,3,9,9,20
Barbados,BRB,Panama,PAN,3599,1412,388,518,49
Barbados,BRB,Puerto Rico,PRI,37,110,157,71,1470
Barbados,BRB,Serbia and Montenegro,SCG,8,9,15,7,28
Barbados,BRB,St. Kitts and Nevis,KNA,61,47,45,42,52
Barbados,BRB,St. Lucia,LCA,52,248,453,388,590
Barbados,BRB,St. Vincent and the Grenadines,VCT,183,168,156,248,394
Barbados,BRB,Togo,TGO,3,4,5,5,5
Barbados,BRB,Trinidad and Tobago,TTO,2476,2728,3984,2403,1600
Barbados,BRB,Turks and Caicos Islands,TCA,3,8,21,11,12
Barbados,BRB,United Kingdom,GBR,4792,15516,25847,22575,8194
Barbados,BRB,United States,USA,12029,280,31809,45699,54282
Barbados,BRB,"Venezuela, RB",VEN,106,166,219,241,83
Barbados,BRB,Virgin Islands (U.S.),VIR,124,373,327,425,236
Barbados,BRB,"Virgin Islands, British",VGB,8,37,45,96,106
Belarus,BLR,Albania,ALB,6,6,7,8,9
Belarus,BLR,Algeria,DZA,34,13,10,8,6
Belarus,BLR,Argentina,ARG,42,31,22,12,3
Belarus,BLR,Australia,AUS,218,491,237,252,1031
Belarus,BLR,Belgium,BEL,94,43,16,14,45
Belarus,BLR,Bermuda,BMU,4,6,4,6,7
Belarus,BLR,Bulgaria,BGR,104,108,111,110,511
Belarus,BLR,Burkina Faso,BFA,2,3,5,2,4
Belarus,BLR,Canada,CAN,5670,4769,3942,3944,4488
Belarus,BLR,Chile,CHL,15,9,5,6,6
Belarus,BLR,China,CHN,29,25,2,17,22
Belarus,BLR,Colombia,COL,3,5,6,8,11
Belarus,BLR,"Congo, Dem. Rep.",COD,9,47,29,20,16
Belarus,BLR,Cote d'Ivoire,CIV,4,6,8,13,3
Belarus,BLR,Croatia,HRV,866,880,1576,222,2642
Belarus,BLR,Cyprus,CYP,141,356,570,789,162
Belarus,BLR,Czech Republic,CZE,3195,3531,3902,27582,1320
Belarus,BLR,Denmark,DNK,4,87,62,51,239
Belarus,BLR,"Egypt, Arab Rep.",EGY,10,39,70,77,253
Belarus,BLR,Estonia,EST,9979,17102,21419,25299,14883
Belarus,BLR,Finland,FIN,59,42,34,41,154
Belarus,BLR,Georgia,GEO,5787,6907,6405,9654,6056
Belarus,BLR,Germany,DEU,151,172,555,2679,3813
Belarus,BLR,Ghana,GHA,5,8,2,9,15
Belarus,BLR,Greece,GRC,4,6,11,157,336
Belarus,BLR,"Hong Kong SAR, China",HKG,80,200,4,237,248
Belarus,BLR,Hungary,HUN,1566,5285,4851,4222,4021
Belarus,BLR,India,IND,157,148,76,279,60
Belarus,BLR,Ireland,IRL,16,20,36,49,610
Belarus,BLR,Israel,ISR,385,458,750,1484,2672
Belarus,BLR,Italy,ITA,69,62,66,646,1680
Belarus,BLR,Kazakhstan,KAZ,80433,148693,135840,136939,107972
Belarus,BLR,Kyrgyz Republic,KGZ,5049,7518,8402,10056,2704
Belarus,BLR,Latvia,LVA,60002,92455,108635,116621,79328
Belarus,BLR,Libya,LBY,3,50,127,188,225
Belarus,BLR,Lithuania,LTU,42103,63325,80292,88093,56314
Belarus,BLR,"Macao SAR, China",MAC,3,1,4,4,4
Belarus,BLR,Mexico,MEX,75,79,9,52,2
Belarus,BLR,Moldova,MDA,4767,8237,11066,15640,12825
Belarus,BLR,Netherlands,NLD,31,9,8,8,71
Belarus,BLR,New Zealand,NZL,5,5,11,10,106
Belarus,BLR,Niger,NER,11,15,20,15,5
Belarus,BLR,Nigeria,NGA,34,24,112,26,44
Belarus,BLR,Norway,NOR,22,17,14,13,119
Belarus,BLR,Pakistan,PAK,6,18,14,11,9
Belarus,BLR,Poland,POL,415683,357938,256644,177096,113204
Belarus,BLR,Romania,ROU,967,830,585,417,2245
Belarus,BLR,Russian Federation,RUS,985601,1125849,1228403,1408619,935782
Belarus,BLR,Senegal,SEN,2,2,2,3,3
Belarus,BLR,Serbia and Montenegro,SCG,2,2,3,2,9
Belarus,BLR,Slovak Republic,SVK,1265,1398,1545,4768,172
Belarus,BLR,Slovenia,SVN,108,110,197,93,567
Belarus,BLR,South Africa,ZAF,72,61,49,50,122
Belarus,BLR,Spain,ESP,2,3,6,29,667
Belarus,BLR,Sweden,SWE,613,145,133,132,590
Belarus,BLR,Switzerland,CHE,26,22,25,486,316
Belarus,BLR,Togo,TGO,16,22,23,24,25
Belarus,BLR,Tunisia,TUN,6,2,4,8,8
Belarus,BLR,Turkey,TUR,74,63,46,57,199
Belarus,BLR,Ukraine,UKR,276999,367421,386705,419031,270751
Belarus,BLR,United Kingdom,GBR,143,114,80,60,46
Belarus,BLR,United States,USA,46247,35508,19723,17767,58949
Belarus,BLR,Uruguay,URY,5,4,3,2,5
Belarus,BLR,West Bank and Gaza,PSE,7,8,10,13,20
Belarus,BLR,"Yemen, Rep.",YEM,4,5,6,8,9
Belarus,BLR,Zimbabwe,ZWE,3,4,4,4,3
Belgium,BEL,Algeria,DZA,153,60,47,37,29
Belgium,BEL,Andorra,AND,6,33,22,44,57
Belgium,BEL,Angola,AGO,154,61,24,27,42
Belgium,BEL,Argentina,ARG,147,961,1825,1151,1125
Belgium,BEL,Australia,AUS,2002,3563,4160,4464,4853
Belgium,BEL,Austria,AUT,2724,1067,925,787,1342
Belgium,BEL,Bahrain,BHR,5,2,8,5,5
Belgium,BEL,Bermuda,BMU,6,10,7,9,12
Belgium,BEL,Bolivia,BOL,128,68,17,196,301
Belgium,BEL,Bosnia and Herzegovina,BIH,40,41,73,357,281
Belgium,BEL,Botswana,BWA,2,2,5,35,38
Belgium,BEL,Brazil,BRA,2093,26,2290,1875,1405
Belgium,BEL,Bulgaria,BGR,13,14,14,14,66
Belgium,BEL,Burkina Faso,BFA,1,1,3,1,2
Belgium,BEL,Burundi,BDI,1207,968,777,3,2
Belgium,BEL,Cameroon,CMR,324,364,290,430,362
Belgium,BEL,Canada,CAN,27479,25157,23277,27051,20398
Belgium,BEL,Central African Republic,CAF,185,102,220,59,18
Belgium,BEL,Chad,TCD,29,32,35,39,44
Belgium,BEL,Chile,CHL,469,508,465,1008,826
Belgium,BEL,Colombia,COL,280,315,302,303,350
Belgium,BEL,"Congo, Dem. Rep.",COD,739949,150557,60727,41965,34358
Belgium,BEL,"Congo, Rep.",COG,381,642,235,389,72
Belgium,BEL,Costa Rica,CRI,51,23,78,126,219
Belgium,BEL,Cote d'Ivoire,CIV,7,10,13,24,6
Belgium,BEL,Croatia,HRV,354,360,644,195,223
Belgium,BEL,Cuba,CUB,9,8,4,2,1
Belgium,BEL,Czech Republic,CZE,15,16,18,126,762
Belgium,BEL,Denmark,DNK,240,332,659,789,1216
Belgium,BEL,Djibouti,DJI,2,4,7,11,14
Belgium,BEL,Dominican Republic,DOM,7,143,274,423,598
Belgium,BEL,Ecuador,ECU,8,15,24,25,293
Belgium,BEL,"Egypt, Arab Rep.",EGY,44,84,129,593,695
Belgium,BEL,El Salvador,SLV,38,39,46,51,31
Belgium,BEL,Equatorial Guinea,GNQ,2,20,119,62,102
Belgium,BEL,Eritrea,ERI,2543,8,618,30,5
Belgium,BEL,Ethiopia,ETH,1744,1659,1744,1834,1928
Belgium,BEL,Faeroe Islands,FRO,13,17,22,25,6
Belgium,BEL,Finland,FIN,193,148,130,137,237
Belgium,BEL,France,FRA,31743,159945,127668,127747,53553
Belgium,BEL,Gabon,GAB,412,132,128,156,238
Belgium,BEL,"Gambia, The",GMB,35,82,612,869,1254
Belgium,BEL,Germany,DEU,8035,12869,18450,17886,24283
Belgium,BEL,Ghana,GHA,4,4,1,5,8
Belgium,BEL,Greece,GRC,85,243,1932,4216,1282
Belgium,BEL,Guatemala,GTM,51,35,26,32,12
Belgium,BEL,Guinea,GIN,2,3,4,39,127
Belgium,BEL,Honduras,HND,8,4,5,10,18
Belgium,BEL,Hungary,HUN,765,506,413,344,320
Belgium,BEL,Iceland,ISL,3,11,9,23,77
Belgium,BEL,India,IND,19,1,4,135,19
Belgium,BEL,Indonesia,IDN,50,31,32,39,35
Belgium,BEL,Ireland,IRL,255,228,471,506,1225
Belgium,BEL,Israel,ISR,46,55,65,327,701
Belgium,BEL,Italy,ITA,9062,16449,37283,14125,9121
Belgium,BEL,Jordan,JOR,18,26,80,21,72
Belgium,BEL,Kenya,KEN,3,108,77,42,31
Belgium,BEL,Kuwait,KWT,5,25,63,83,79
Belgium,BEL,Lao PDR,LAO,2,2,2,2,2
Belgium,BEL,Lesotho,LSO,12,31,50,42,22
Belgium,BEL,Liberia,LBR,22,3,3,3,2
Belgium,BEL,Libya,LBY,12,12,30,44,52
Belgium,BEL,Luxembourg,LUX,5869,6415,7975,10535,14687
Belgium,BEL,"Macedonia, FYR",MKD,70,71,128,590,685
Belgium,BEL,Madagascar,MDG,67,38,402,115,104
Belgium,BEL,Malawi,MWI,9,9,20,20,20
Belgium,BEL,Mauritius,MUS,39,40,91,15,28
Belgium,BEL,Mexico,MEX,127,131,39,640,745
Belgium,BEL,Monaco,MCO,259,320,105,131,154
Belgium,BEL,Morocco,MAR,20,7,4,3,3
Belgium,BEL,Mozambique,MOZ,33,23,84,157,164
Belgium,BEL,Myanmar,MMR,10,10,10,13,11
Belgium,BEL,Namibia,NAM,47,75,121,193,185
Belgium,BEL,Netherlands,NLD,30962,13035,19956,42027,43999
Belgium,BEL,New Caledonia,NCL,3,1,4,3,2
Belgium,BEL,New Zealand,NZL,176,233,285,345,511
Belgium,BEL,Nicaragua,NIC,20,34,38,41,49
Belgium,BEL,Niger,NER,21,28,38,29,9
Belgium,BEL,Nigeria,NGA,65,45,214,50,84
Belgium,BEL,Norway,NOR,310,373,583,793,905
Belgium,BEL,Oman,OMN,1,1,3,10,14
Belgium,BEL,Pakistan,PAK,1,4,4,3,2
Belgium,BEL,Panama,PAN,22,21,24,28,36
Belgium,BEL,Papua New Guinea,PNG,11,27,26,20,15
Belgium,BEL,Paraguay,PRY,3,7,6,8,118
Belgium,BEL,Peru,PER,245,417,560,369,302
Belgium,BEL,Philippines,PHL,22,317,91,98,850
Belgium,BEL,Poland,POL,162,140,963,1784,2978
Belgium,BEL,Portugal,PRT,85,222,579,1294,3340
Belgium,BEL,Qatar,QAT,5,4,14,434,395
Belgium,BEL,Romania,ROU,726,623,439,313,245
Belgium,BEL,Rwanda,RWA,21667,2257,1820,2255,1894
Belgium,BEL,San Marino,SMR,3,4,723,760,799
Belgium,BEL,Sao Tome and Principe,STP,7,7,6,15,14
Belgium,BEL,Saudi Arabia,SAU,2,9,43,113,122
Belgium,BEL,Serbia and Montenegro,SCG,386,393,703,393,1453
Belgium,BEL,Singapore,SGP,9,1,4,10,15
Belgium,BEL,Slovak Republic,SVK,6,6,7,22,177
Belgium,BEL,Slovenia,SVN,102,104,186,249,3
Belgium,BEL,Somalia,SOM,3777,11,1057,45,10
Belgium,BEL,South Africa,ZAF,2358,3379,4382,3487,3356
Belgium,BEL,Spain,ESP,4978,8396,14382,18360,22756
Belgium,BEL,Sudan,SDN,120,115,147,420,506
Belgium,BEL,Swaziland,SWZ,5,10,1,9,6
Belgium,BEL,Sweden,SWE,504,139,3004,26,1188
Belgium,BEL,Switzerland,CHE,4009,4658,5987,6441,8172
Belgium,BEL,Syrian Arab Republic,SYR,4,40,29,41,54
Belgium,BEL,Tanzania,TZA,238,220,225,217,150
Belgium,BEL,Thailand,THA,37,78,218,380,1239
Belgium,BEL,Togo,TGO,30,43,45,47,48
Belgium,BEL,Trinidad and Tobago,TTO,4,3,4,3,2
Belgium,BEL,Tunisia,TUN,27,427,20,38,36
Belgium,BEL,Turkey,TUR,442,1699,2389,4648,8732
Belgium,BEL,Uganda,UGA,60,60,61,69,133
Belgium,BEL,United Kingdom,GBR,17839,11693,15195,16661,10461
Belgium,BEL,United States,USA,52547,49050,42257,42029,41849
Belgium,BEL,Uruguay,URY,47,39,28,29,195
Belgium,BEL,"Venezuela, RB",VEN,231,529,653,523,393
Belgium,BEL,West Bank and Gaza,PSE,27,33,39,51,78
Belgium,BEL,"Yemen, Rep.",YEM,17,21,26,32,37
Belgium,BEL,Zambia,ZMB,22,18,178,29,26
Belgium,BEL,Zimbabwe,ZWE,133,171,161,152,140
Belize,BLZ,Antigua and Barbuda,ATG,2,3,5,8,7
Belize,BLZ,"Bahamas, The",BHS,5,51,28,33,37
Belize,BLZ,Bolivia,BOL,31,15,2,715,954
Belize,BLZ,Canada,CAN,38,413,804,1239,1472
Belize,BLZ,Cayman Islands,CYM,19,32,116,151,9
Belize,BLZ,Chile,CHL,15,15,3,16,2
Belize,BLZ,Colombia,COL,5,5,4,3,6
Belize,BLZ,Cuba,CUB,24,22,12,7,9
Belize,BLZ,Denmark,DNK,6,6,1,5,6
Belize,BLZ,Dominican Republic,DOM,133,120,100,85,70
Belize,BLZ,El Salvador,SLV,5,1,81,139,255
Belize,BLZ,Finland,FIN,1,7,13,1,4
Belize,BLZ,France,FRA,748,75,55,48,1262
Belize,BLZ,French Guiana,GUF,12,46,92,214,327
Belize,BLZ,Guatemala,GTM,65,1054,836,524,570
Belize,BLZ,Haiti,HTI,1,2,3,4,6
Belize,BLZ,Honduras,HND,46,21,27,58,264
Belize,BLZ,Hungary,HUN,3,13,12,11,10
Belize,BLZ,Ireland,IRL,3,4,7,5,5
Belize,BLZ,Jamaica,JAM,234,392,396,422,19
Belize,BLZ,Mexico,MEX,818,1237,976,1241,1101
Belize,BLZ,Netherlands Antilles,ANT,18,16,14,4,11
Belize,BLZ,Nicaragua,NIC,23,38,43,46,56
Belize,BLZ,Nigeria,NGA,1,2,13,4,7
Belize,BLZ,Panama,PAN,164,118,130,84,90
Belize,BLZ,Puerto Rico,PRI,5,14,20,261,186
Belize,BLZ,Serbia and Montenegro,SCG,2,2,4,2,7
Belize,BLZ,Spain,ESP,67,113,194,9,15
Belize,BLZ,Suriname,SUR,12,8,5,7,9
Belize,BLZ,Trinidad and Tobago,TTO,229,111,30,25,14
Belize,BLZ,United Kingdom,GBR,24,15557,1068,1225,1
Belize,BLZ,United States,USA,2979,10456,15982,34390,44013
Benin,BEN,Austria,AUT,13,9,15,28,37
Benin,BEN,Belgium,BEL,12,17,156,109,109
Benin,BEN,Bulgaria,BGR,1,1,1,1,7
Benin,BEN,Burkina Faso,BFA,861,1222,2333,5884,3522
Benin,BEN,Burundi,BDI,4,3,3,24,19
Benin,BEN,Cameroon,CMR,628,707,563,65,54
Benin,BEN,Canada,CAN,12,66,124,35,398
Benin,BEN,Cape Verde,CPV,182,201,222,30,35
Benin,BEN,Central African Republic,CAF,101,56,120,147,46
Benin,BEN,Chad,TCD,7,8,9,10,11
Benin,BEN,"Congo, Rep.",COG,607,1021,2330,3866,714
Benin,BEN,Cote d'Ivoire,CIV,19970,30874,39592,47750,60847
Benin,BEN,Cyprus,CYP,3,10,18,25,4
Benin,BEN,Djibouti,DJI,7,12,25,39,50
Benin,BEN,Eritrea,ERI,3,8,39,118,1
Benin,BEN,Ethiopia,ETH,593,564,593,623,655
Benin,BEN,France,FRA,280,672,7112,9931,473
Benin,BEN,Gabon,GAB,159,4362,8713,16440,25017
Benin,BEN,"Gambia, The",GMB,2,18,12,174,252
Benin,BEN,Germany,DEU,63,71,63,290,1496
Benin,BEN,Ghana,GHA,21979,11013,1915,2631,3348
Benin,BEN,Greece,GRC,3,35,11,29,3
Benin,BEN,Guadeloupe,GLP,1,1,4,9,8
Benin,BEN,Guinea,GIN,77,115,171,493,1529
Benin,BEN,Guinea-Bissau,GNB,3,3,4,8,8
Benin,BEN,Hungary,HUN,5,17,16,14,13
Benin,BEN,India,IND,110,448,130,203,224
Benin,BEN,Ireland,IRL,1,2,3,3,17
Benin,BEN,Italy,ITA,50,77,332,535,1209
Benin,BEN,Liberia,LBR,9,42,226,226,215
Benin,BEN,Madagascar,MDG,14,8,31,7,6
Benin,BEN,Mali,MLI,1486,1459,1432,1406,552
Benin,BEN,Martinique,MTQ,1,2,2,4,5
Benin,BEN,Mauritania,MRT,42,71,118,528,583
Benin,BEN,Niger,NER,4270,5764,7781,14741,22822
Benin,BEN,Nigeria,NGA,4837,25911,248728,94128,157826
Benin,BEN,Pakistan,PAK,9,27,22,18,14
Benin,BEN,Senegal,SEN,467,301,317,592,584
Benin,BEN,Sierra Leone,SLE,124,204,252,248,21
Benin,BEN,Somalia,SOM,4,11,67,181,3
Benin,BEN,Sudan,SDN,676,645,827,1163,1404
Benin,BEN,Switzerland,CHE,45,12,1078,46,168
Benin,BEN,Tanzania,TZA,2,1,17,48,12
Benin,BEN,Togo,TGO,39804,56908,59867,62534,64427
Benin,BEN,Uganda,UGA,30,30,27,27,41
Benin,BEN,United Kingdom,GBR,32,117,236,18,1224
Benin,BEN,United States,USA,21,48,308,387,1282
Benin,BEN,Zimbabwe,ZWE,17,22,21,20,18
Bermuda,BMU,Australia,AUS,5,62,32,340,362
Bermuda,BMU,Cuba,CUB,55,50,23,10,1
Bermuda,BMU,Dominican Republic,DOM,21,19,16,13,11
Bermuda,BMU,Fiji,FJI,1,1,1,2,2
Bermuda,BMU,New Zealand,NZL,62,109,212,153,163
Bermuda,BMU,Trinidad and Tobago,TTO,48,23,4,4,2
Bermuda,BMU,United States,USA,3697,87,14523,15471,15254
Bhutan,BTN,Bangladesh,BGD,44,34,38,42,46
Bhutan,BTN,Bulgaria,BGR,17,18,18,18,84
Bhutan,BTN,"Egypt, Arab Rep.",EGY,10,27,45,1,2
Bhutan,BTN,India,IND,32,189,7292,10771,7945
Bhutan,BTN,Nepal,NPL,2,5,7,2999,2362
Bhutan,BTN,Pakistan,PAK,10,769,617,496,398
Bhutan,BTN,Sri Lanka,LKA,2,3,19,13,12
Bolivia,BOL,Argentina,ARG,90166,102092,119671,149439,237213
Bolivia,BOL,Australia,AUS,9,27,58,493,656
Bolivia,BOL,Austria,AUT,17,7,17,50,123
Bolivia,BOL,Brazil,BRA,9035,10595,12924,15889,20394
Bolivia,BOL,Bulgaria,BGR,1,1,1,1,7
Bolivia,BOL,Cameroon,CMR,7,8,7,3,2
Bolivia,BOL,Canada,CAN,543,689,852,1292,2531
Bolivia,BOL,Chad,TCD,2,2,2,2,2
Bolivia,BOL,Chile,CHL,8514,7135,6088,7247,10556
Bolivia,BOL,China,CHN,1,5,4,20,225
Bolivia,BOL,Colombia,COL,178,345,481,648,772
Bolivia,BOL,"Congo, Dem. Rep.",COD,3,5,3,2,2
Bolivia,BOL,Costa Rica,CRI,39,56,115,169,277
Bolivia,BOL,Denmark,DNK,7,8,35,66,181
Bolivia,BOL,Dominican Republic,DOM,7,107,204,313,443
Bolivia,BOL,Ecuador,ECU,282,526,818,874,707
Bolivia,BOL,El Salvador,SLV,9,24,34,42,19
Bolivia,BOL,Finland,FIN,2,9,17,24,52
Bolivia,BOL,French Guiana,GUF,3,11,22,52,79
Bolivia,BOL,Germany,DEU,280,153,120,1267,1133
Bolivia,BOL,Greece,GRC,3,10,17,1,8
Bolivia,BOL,Guatemala,GTM,37,66,66,50,85
Bolivia,BOL,Guyana,GUY,401,233,23,20,45
Bolivia,BOL,Honduras,HND,17,8,10,22,107
Bolivia,BOL,Hungary,HUN,15,68,63,55,52
Bolivia,BOL,Indonesia,IDN,21,13,14,16,15
Bolivia,BOL,Ireland,IRL,4,5,9,7,17
Bolivia,BOL,Israel,ISR,11,14,13,166,380
Bolivia,BOL,Italy,ITA,66,397,25,108,1949
Bolivia,BOL,Japan,JPN,3,51,112,426,3360
Bolivia,BOL,Mexico,MEX,3,9,108,1333,1382
Bolivia,BOL,Myanmar,MMR,26,24,14,6,5
Bolivia,BOL,Netherlands Antilles,ANT,2,2,2,7,10
Bolivia,BOL,Nicaragua,NIC,18,30,34,37,44
Bolivia,BOL,Nigeria,NGA,1,2,15,5,9
Bolivia,BOL,Norway,NOR,2,13,30,119,269
Bolivia,BOL,Panama,PAN,42,94,159,216,193
Bolivia,BOL,Paraguay,PRY,211,14,437,757,1084
Bolivia,BOL,Peru,PER,4171,3731,3140,3402,2782
Bolivia,BOL,Philippines,PHL,9,51,39,127,518
Bolivia,BOL,Senegal,SEN,4,3,3,5,5
Bolivia,BOL,Serbia and Montenegro,SCG,1,1,3,5,18
Bolivia,BOL,South Africa,ZAF,2,3,5,5,70
Bolivia,BOL,Spain,ESP,87,146,251,889,10641
Bolivia,BOL,Suriname,SUR,20,13,9,12,15
Bolivia,BOL,Sweden,SWE,12,321,611,1805,2323
Bolivia,BOL,Switzerland,CHE,59,73,41,275,742
Bolivia,BOL,Tanzania,TZA,6,5,2,2,5
Bolivia,BOL,Trinidad and Tobago,TTO,4,3,3,3,2
Bolivia,BOL,Turkey,TUR,1,2,3,5,9
Bolivia,BOL,United Kingdom,GBR,31,2,318,405,894
Bolivia,BOL,United States,USA,2340,8903,16256,34385,53658
Bolivia,BOL,Uruguay,URY,1624,1346,971,996,360
Bolivia,BOL,"Venezuela, RB",VEN,1047,1399,2068,2367,1840
Bosnia and Herzegovina,BIH,Albania,ALB,37,40,45,49,56
Bosnia and Herzegovina,BIH,Angola,AGO,9,4,1,2,3
Bosnia and Herzegovina,BIH,Australia,AUS,6312,10875,18939,20532,23626
Bosnia and Herzegovina,BIH,Austria,AUT,16008,91697,173,102798,152381
Bosnia and Herzegovina,BIH,Bangladesh,BGD,1,6,7,7,8
Bosnia and Herzegovina,BIH,Belgium,BEL,1021,1018,1532,1442,3073
Bosnia and Herzegovina,BIH,Benin,BEN,3,3,4,6,10
Bosnia and Herzegovina,BIH,Bermuda,BMU,7,12,9,11,14
Bosnia and Herzegovina,BIH,Brazil,BRA,97,72,59,39,25
Bosnia and Herzegovina,BIH,Bulgaria,BGR,19,20,20,20,94
Bosnia and Herzegovina,BIH,Burkina Faso,BFA,2,3,6,3,6
Bosnia and Herzegovina,BIH,Cameroon,CMR,26,29,23,34,29
Bosnia and Herzegovina,BIH,Canada,CAN,8753,10270,12020,17920,25468
Bosnia and Herzegovina,BIH,Cape Verde,CPV,6,7,8,9,10
Bosnia and Herzegovina,BIH,Chad,TCD,2,3,3,3,3
Bosnia and Herzegovina,BIH,Chile,CHL,24,16,11,7,11
Bosnia and Herzegovina,BIH,Colombia,COL,7,6,5,3,5
Bosnia and Herzegovina,BIH,"Congo, Dem. Rep.",COD,20,6,3,2,2
Bosnia and Herzegovina,BIH,Cote d'Ivoire,CIV,22,34,44,17,14
Bosnia and Herzegovina,BIH,Croatia,HRV,611,621,1112,317969,459328
Bosnia and Herzegovina,BIH,Cyprus,CYP,100,251,402,557,38
Bosnia and Herzegovina,BIH,Czech Republic,CZE,2254,2491,2753,19459,1455
Bosnia and Herzegovina,BIH,Denmark,DNK,167,66,5160,7051,28233
Bosnia and Herzegovina,BIH,Fiji,FJI,58,30,5,2,2
Bosnia and Herzegovina,BIH,Finland,FIN,10,46,90,55,1610
Bosnia and Herzegovina,BIH,France,FRA,22096,7960,24289,23613,37277
Bosnia and Herzegovina,BIH,Germany,DEU,36054,91947,122299,107502,186646
Bosnia and Herzegovina,BIH,Ghana,GHA,18,41,13,46,79
Bosnia and Herzegovina,BIH,Greece,GRC,182,48,560,237,286
Bosnia and Herzegovina,BIH,Guinea,GIN,10,15,22,8,9
Bosnia and Herzegovina,BIH,Hungary,HUN,10167,15733,13984,12032,11393
Bosnia and Herzegovina,BIH,Iceland,ISL,2,3,6,34,18
Bosnia and Herzegovina,BIH,India,IND,196,158,42,1254,197
Bosnia and Herzegovina,BIH,Ireland,IRL,37,47,84,76,941
Bosnia and Herzegovina,BIH,Israel,ISR,31,37,44,221,474
Bosnia and Herzegovina,BIH,Italy,ITA,8596,4472,4838,10193,26927
Bosnia and Herzegovina,BIH,Jordan,JOR,16,11,24,207,60
Bosnia and Herzegovina,BIH,Kuwait,KWT,1,8,11,18,17
Bosnia and Herzegovina,BIH,Luxembourg,LUX,45,40,252,362,1720
Bosnia and Herzegovina,BIH,"Macedonia, FYR",MKD,16,16,29,5470,6355
Bosnia and Herzegovina,BIH,Mexico,MEX,144,151,13,16,19
Bosnia and Herzegovina,BIH,Monaco,MCO,10,28,73,91,107
Bosnia and Herzegovina,BIH,Namibia,NAM,2,3,5,7,7
Bosnia and Herzegovina,BIH,Netherlands,NLD,1424,379,306,170,594
Bosnia and Herzegovina,BIH,New Caledonia,NCL,5,6,4,6,9
Bosnia and Herzegovina,BIH,New Zealand,NZL,261,282,239,225,458
Bosnia and Herzegovina,BIH,Niger,NER,15,20,27,20,6
Bosnia and Herzegovina,BIH,Nigeria,NGA,46,31,142,32,54
Bosnia and Herzegovina,BIH,Pakistan,PAK,14,45,36,29,23
Bosnia and Herzegovina,BIH,Panama,PAN,7,5,3,4,5
Bosnia and Herzegovina,BIH,Peru,PER,6,6,5,16,13
Bosnia and Herzegovina,BIH,Poland,POL,31265,26922,18313,11353,5150
Bosnia and Herzegovina,BIH,Portugal,PRT,6,15,39,58,126
Bosnia and Herzegovina,BIH,Qatar,QAT,45,2,5,296,120
Bosnia and Herzegovina,BIH,Romania,ROU,691,593,418,298,703
Bosnia and Herzegovina,BIH,Senegal,SEN,12,8,8,16,16
Bosnia and Herzegovina,BIH,Serbia and Montenegro,SCG,88,90,160,110,408
Bosnia and Herzegovina,BIH,Sierra Leone,SLE,4,6,7,7,3
Bosnia and Herzegovina,BIH,Singapore,SGP,14,2,7,17,24
Bosnia and Herzegovina,BIH,Slovak Republic,SVK,892,986,1090,3364,134
Bosnia and Herzegovina,BIH,Slovenia,SVN,618,628,1124,70405,69279
Bosnia and Herzegovina,BIH,South Africa,ZAF,122,171,219,129,253
Bosnia and Herzegovina,BIH,Spain,ESP,96,163,278,253,1660
Bosnia and Herzegovina,BIH,Sudan,SDN,4,4,5,17,20
Bosnia and Herzegovina,BIH,Sweden,SWE,591,13059,2070,19042,50956
Bosnia and Herzegovina,BIH,Switzerland,CHE,2896,3371,10539,20023,49417
Bosnia and Herzegovina,BIH,Syrian Arab Republic,SYR,1,12,9,12,16
Bosnia and Herzegovina,BIH,Tanzania,TZA,34,32,10,10,22
Bosnia and Herzegovina,BIH,Togo,TGO,21,30,31,33,34
Bosnia and Herzegovina,BIH,Turkey,TUR,4032,3369,2424,2932,2374
Bosnia and Herzegovina,BIH,United Kingdom,GBR,4648,7627,4793,4777,115
Bosnia and Herzegovina,BIH,United States,USA,50710,53277,49268,43775,125844
Bosnia and Herzegovina,BIH,Uruguay,URY,17,14,10,6,7
Bosnia and Herzegovina,BIH,"Venezuela, RB",VEN,13,42,34,29,20
Bosnia and Herzegovina,BIH,West Bank and Gaza,PSE,18,22,26,34,53
Bosnia and Herzegovina,BIH,"Yemen, Rep.",YEM,11,14,17,21,25
Bosnia and Herzegovina,BIH,Zambia,ZMB,187,149,11,2,2
Bosnia and Herzegovina,BIH,Zimbabwe,ZWE,12,16,15,14,13
Botswana,BWA,Angola,AGO,420,167,67,73,115
Botswana,BWA,Australia,AUS,26,70,204,149,700
Botswana,BWA,Canada,CAN,19,109,202,104,194
Botswana,BWA,Germany,DEU,1,1,1,53,26
Botswana,BWA,Hungary,HUN,1,9,8,7,7
Botswana,BWA,India,IND,82,335,98,152,167
Botswana,BWA,Lesotho,LSO,99,58,21,75,78
Botswana,BWA,Malawi,MWI,56,55,8743,8589,8438
Botswana,BWA,Mauritius,MUS,6,6,27,21,22
Botswana,BWA,Namibia,NAM,537,861,1380,2212,2118
Botswana,BWA,New Zealand,NZL,3,17,34,21,71
Botswana,BWA,Pakistan,PAK,6,20,16,13,11
Botswana,BWA,Reunion,REU,2,7,496,660,980
Botswana,BWA,Seychelles,SYC,17,22,10,2,28
Botswana,BWA,South Africa,ZAF,61129,49207,36292,59090,17676
Botswana,BWA,Sudan,SDN,8,7,9,13,16
Botswana,BWA,Swaziland,SWZ,52,103,110,162,190
Botswana,BWA,United Kingdom,GBR,2399,154,341,167,883
Botswana,BWA,United States,USA,40,89,914,386,2383
Botswana,BWA,Zambia,ZMB,1682,1348,29936,275,249
Botswana,BWA,Zimbabwe,ZWE,341,439,414,391,359
Brazil,BRA,Argentina,ARG,49290,45225,43698,35768,36424
Brazil,BRA,Aruba,ABW,2,1,1,9,21
Brazil,BRA,Australia,AUS,63,190,418,2827,4709
Brazil,BRA,Austria,AUT,157,61,732,919,1936
Brazil,BRA,Barbados,BRB,2,3,6,3,3
Brazil,BRA,Belgium,BEL,135,435,634,1117,1786
Brazil,BRA,Benin,BEN,25,33,42,56,95
Brazil,BRA,Bolivia,BOL,5733,7311,8479,8570,14708
Brazil,BRA,Bosnia and Herzegovina,BIH,1,1,3,13,10
Brazil,BRA,Bulgaria,BGR,7,7,7,7,34
Brazil,BRA,Cameroon,CMR,11,12,10,4,3
Brazil,BRA,Canada,CAN,2009,2548,3148,5760,13365
Brazil,BRA,Cayman Islands,CYM,2,3,11,31,3
Brazil,BRA,Chad,TCD,2,3,3,3,3
Brazil,BRA,Chile,CHL,616,891,1788,4311,6877
Brazil,BRA,China,CHN,77,382,296,2409,16246
Brazil,BRA,Colombia,COL,1796,1909,1711,1586,1968
Brazil,BRA,"Congo, Dem. Rep.",COD,333,433,257,178,146
Brazil,BRA,Costa Rica,CRI,43,55,117,218,408
Brazil,BRA,Cote d'Ivoire,CIV,62,96,123,348,36
Brazil,BRA,Cuba,CUB,6,6,3,2,2
Brazil,BRA,Cyprus,CYP,5,16,27,38,28
Brazil,BRA,Czech Republic,CZE,2,2,2,17,116
Brazil,BRA,Denmark,DNK,71,81,438,830,1514
Brazil,BRA,Dominican Republic,DOM,18,280,533,820,1159
Brazil,BRA,Ecuador,ECU,232,431,671,963,1077
Brazil,BRA,"Egypt, Arab Rep.",EGY,4,18,33,51,141
Brazil,BRA,El Salvador,SLV,43,1,108,187,182
Brazil,BRA,Ethiopia,ETH,7,7,7,8,8
Brazil,BRA,Faeroe Islands,FRO,7,9,13,14,32
Brazil,BRA,Finland,FIN,20,86,166,166,295
Brazil,BRA,France,FRA,9316,932,7500,13530,15717
Brazil,BRA,French Guiana,GUF,508,1538,3067,7135,10881
Brazil,BRA,French Polynesia,PYF,1,1,1,4,12
Brazil,BRA,Gabon,GAB,2,5,9,18,27
Brazil,BRA,Germany,DEU,1339,3051,7626,6861,24428
Brazil,BRA,Greece,GRC,31,87,528,1167,790
Brazil,BRA,Guatemala,GTM,64,109,76,82,149
Brazil,BRA,Guinea,GIN,21,32,48,56,154
Brazil,BRA,Guyana,GUY,346,270,104,346,1042
Brazil,BRA,Honduras,HND,40,18,23,50,171
Brazil,BRA,Hungary,HUN,60,280,259,226,216
Brazil,BRA,Indonesia,IDN,125,78,80,97,87
Brazil,BRA,Ireland,IRL,42,52,93,67,1215
Brazil,BRA,Israel,ISR,435,517,488,6355,14516
Brazil,BRA,Italy,ITA,603,11423,8478,27195,28977
Brazil,BRA,Japan,JPN,247,3964,8770,52178,242246
Brazil,BRA,Jordan,JOR,25,10,8,65,105
Brazil,BRA,"Korea, Dem. Rep.",PRK,2,40,79,434,1442
Brazil,BRA,Lebanon,LBN,1,3,2,21,364
Brazil,BRA,Luxembourg,LUX,4,7,22,132,552
Brazil,BRA,"Macedonia, FYR",MKD,2,3,4,121,141
Brazil,BRA,Mauritania,MRT,132,220,369,155,171
Brazil,BRA,Mexico,MEX,6,578,1291,1481,2347
Brazil,BRA,Monaco,MCO,4,7,31,38,45
Brazil,BRA,Mongolia,MNG,11,13,16,20,24
Brazil,BRA,Mozambique,MOZ,52,42,157,277,229
Brazil,BRA,Myanmar,MMR,151,143,85,33,28
Brazil,BRA,Namibia,NAM,12,19,30,48,46
Brazil,BRA,Netherlands,NLD,2,546,1509,4348,8345
Brazil,BRA,Netherlands Antilles,ANT,5,5,4,17,23
Brazil,BRA,New Zealand,NZL,39,14,60,63,646
Brazil,BRA,Nicaragua,NIC,52,88,99,106,127
Brazil,BRA,Niger,NER,303,410,553,396,86
Brazil,BRA,Nigeria,NGA,948,1299,9741,3306,5544
Brazil,BRA,Norway,NOR,65,148,251,586,1287
Brazil,BRA,Oman,OMN,2,2,6,17,24
Brazil,BRA,Panama,PAN,115,256,440,638,819
Brazil,BRA,Paraguay,PRY,15979,30531,84503,104263,82987
Brazil,BRA,Peru,PER,2225,2604,2840,2662,2176
Brazil,BRA,Philippines,PHL,55,56,228,171,3984
Brazil,BRA,Poland,POL,3,2,68,132,225
Brazil,BRA,Portugal,PRT,1891,4941,12910,23211,48521
Brazil,BRA,Puerto Rico,PRI,1,4,6,27,55
Brazil,BRA,Qatar,QAT,1,18,31,35,544
Brazil,BRA,Reunion,REU,4,3,8,10,15
Brazil,BRA,Senegal,SEN,8,5,5,10,10
Brazil,BRA,Serbia and Montenegro,SCG,14,14,25,49,180
Brazil,BRA,South Africa,ZAF,116,470,828,786,1241
Brazil,BRA,Spain,ESP,4404,7429,12725,13410,26797
Brazil,BRA,Sudan,SDN,1,1,2,14,17
Brazil,BRA,Suriname,SUR,679,1084,1222,2539,4917
Brazil,BRA,Swaziland,SWZ,5,10,2,2,16
Brazil,BRA,Sweden,SWE,173,144,619,1916,3457
Brazil,BRA,Switzerland,CHE,537,734,373,2466,8999
Brazil,BRA,Tanzania,TZA,8,8,3,3,7
Brazil,BRA,Togo,TGO,431,616,648,677,698
Brazil,BRA,Trinidad and Tobago,TTO,10,8,9,7,4
Brazil,BRA,Tunisia,TUN,3,6,2,4,4
Brazil,BRA,Turkey,TUR,51,94,112,202,343
Brazil,BRA,United Kingdom,GBR,3184,179,3130,3987,8853
Brazil,BRA,United States,USA,14821,34273,49875,100962,225330
Brazil,BRA,Uruguay,URY,20870,17292,12483,11739,12950
Brazil,BRA,"Venezuela, RB",VEN,1963,2317,3653,4437,4834
Brazil,BRA,West Bank and Gaza,PSE,25,29,35,46,70
Brazil,BRA,"Yemen, Rep.",YEM,12,15,19,23,27
Brazil,BRA,Zimbabwe,ZWE,37,48,45,42,39
Brunei Darussalam,BRN,Australia,AUS,12,19,206,1567,2036
Brunei Darussalam,BRN,Bangladesh,BGD,43,34,38,41,45
Brunei Darussalam,BRN,Canada,CAN,45,586,1150,2023,4280
Brunei Darussalam,BRN,China,CHN,2,30,15,9,204
Brunei Darussalam,BRN,"Egypt, Arab Rep.",EGY,16,11,5,2,66
Brunei Darussalam,BRN,Fiji,FJI,3,2,2,2,2
Brunei Darussalam,BRN,"Hong Kong SAR, China",HKG,5,253,341,122,2308
Brunei Darussalam,BRN,India,IND,206,188,102,71191,30378
Brunei Darussalam,BRN,Indonesia,IDN,71,45,45,55,49
Brunei Darussalam,BRN,Israel,ISR,2,2,2,23,51
Brunei Darussalam,BRN,"Macao SAR, China",MAC,10,4,15,16,17
Brunei Darussalam,BRN,Malaysia,MYS,12,384,1149,5211,5007
Brunei Darussalam,BRN,Myanmar,MMR,36,34,24,19,16
Brunei Darussalam,BRN,New Zealand,NZL,10,55,69,68,243
Brunei Darussalam,BRN,Pakistan,PAK,10,2472,1984,1593,1279
Brunei Darussalam,BRN,Philippines,PHL,31,23,130,137,839
Brunei Darussalam,BRN,Singapore,SGP,81,214,222,322,474
Brunei Darussalam,BRN,Thailand,THA,7,14,262,515,1756
Brunei Darussalam,BRN,Turkey,TUR,10,710,1127,2291,16
Brunei Darussalam,BRN,United States,USA,46,38,881,555,65
Brunei Darussalam,BRN,West Bank and Gaza,PSE,5,6,7,9,13
Brunei Darussalam,BRN,"Yemen, Rep.",YEM,153,189,234,289,338
Bulgaria,BGR,Albania,ALB,7,8,8,9,11
Bulgaria,BGR,Algeria,DZA,70,28,22,17,14
Bulgaria,BGR,Angola,AGO,22,9,3,4,6
Bulgaria,BGR,Argentina,ARG,45,296,563,972,654
Bulgaria,BGR,Australia,AUS,1339,1570,1618,1696,2547
Bulgaria,BGR,Austria,AUT,3383,216,1110,5552,5951
Bulgaria,BGR,Bahrain,BHR,303,131,441,277,282
Bulgaria,BGR,Bangladesh,BGD,1,5,5,6,7
Bulgaria,BGR,Belgium,BEL,147,266,261,57,1085
Bulgaria,BGR,Benin,BEN,2,3,3,5,8
Bulgaria,BGR,Bermuda,BMU,2,3,2,2,3
Bulgaria,BGR,Bolivia,BOL,16,10,5,12,16
Bulgaria,BGR,Bosnia and Herzegovina,BIH,93,95,169,826,650
Bulgaria,BGR,Brazil,BRA,793,834,713,406,282
Bulgaria,BGR,Burkina Faso,BFA,2,3,5,2,5
Bulgaria,BGR,Canada,CAN,900,1808,2770,2197,9294
Bulgaria,BGR,Cape Verde,CPV,5,6,6,7,9
Bulgaria,BGR,Costa Rica,CRI,4,4,9,24,53
Bulgaria,BGR,Cote d'Ivoire,CIV,18,28,36,14,11
Bulgaria,BGR,Croatia,HRV,942,957,1714,334,405
Bulgaria,BGR,Cuba,CUB,11,10,35,52,144
Bulgaria,BGR,Cyprus,CYP,6,16,26,36,2794
Bulgaria,BGR,Czech Republic,CZE,147,162,179,1266,4729
Bulgaria,BGR,Denmark,DNK,36,14,109,244,696
Bulgaria,BGR,Dominican Republic,DOM,7,105,200,308,435
Bulgaria,BGR,Ecuador,ECU,3,5,7,8,67
Bulgaria,BGR,"Egypt, Arab Rep.",EGY,20,47,76,22,78
Bulgaria,BGR,Faeroe Islands,FRO,4,5,6,7,26
Bulgaria,BGR,Finland,FIN,2,10,19,253,478
Bulgaria,BGR,France,FRA,4710,1699,3614,3896,7946
Bulgaria,BGR,Germany,DEU,393,1341,8922,4127,20786
Bulgaria,BGR,Ghana,GHA,15,33,11,38,65
Bulgaria,BGR,Greece,GRC,283,200,466,5953,33726
Bulgaria,BGR,Guatemala,GTM,5,12,9,9,4
Bulgaria,BGR,Guinea,GIN,8,12,18,6,8
Bulgaria,BGR,Honduras,HND,3,1,2,4,5
Bulgaria,BGR,Hungary,HUN,72539,14128,7275,4619,3573
Bulgaria,BGR,India,IND,161,130,34,1029,162
Bulgaria,BGR,Indonesia,IDN,46,29,29,36,32
Bulgaria,BGR,"Iran, Islamic Rep.",IRN,36,65,245,587,495
Bulgaria,BGR,Ireland,IRL,24,30,54,49,605
Bulgaria,BGR,Israel,ISR,35563,42257,1795,9034,19391
Bulgaria,BGR,Italy,ITA,1179,1065,1132,2263,10434
Bulgaria,BGR,Jordan,JOR,6,1155,4620,65,50
Bulgaria,BGR,Kuwait,KWT,277,1454,155,1900,1794
Bulgaria,BGR,Lao PDR,LAO,2,2,2,2,2
Bulgaria,BGR,Lebanon,LBN,3258,289,42,25124,13982
Bulgaria,BGR,Libya,LBY,5,149,379,558,668
Bulgaria,BGR,Luxembourg,LUX,3,9,11,67,165
Bulgaria,BGR,"Macedonia, FYR",MKD,163,165,296,2115,2458
Bulgaria,BGR,Malawi,MWI,1,1,3,3,3
Bulgaria,BGR,Mexico,MEX,34,35,6,61,221
Bulgaria,BGR,Monaco,MCO,2,3,16,19,23
Bulgaria,BGR,Morocco,MAR,9,3,2,1,1
Bulgaria,BGR,Myanmar,MMR,10,9,9,12,10
Bulgaria,BGR,Namibia,NAM,8,13,22,35,33
Bulgaria,BGR,New Zealand,NZL,165,157,144,150,499
Bulgaria,BGR,Nicaragua,NIC,33,56,63,68,81
Bulgaria,BGR,Niger,NER,12,16,22,16,5
Bulgaria,BGR,Nigeria,NGA,37,25,116,26,44
Bulgaria,BGR,Norway,NOR,16,300,204,374,804
Bulgaria,BGR,Oman,OMN,58,84,194,564,830
Bulgaria,BGR,Pakistan,PAK,12,37,30,24,19
Bulgaria,BGR,Papua New Guinea,PNG,6,14,2,2,1
Bulgaria,BGR,Peru,PER,28,34,38,61,50
Bulgaria,BGR,Philippines,PHL,20,75,84,81,1036
Bulgaria,BGR,Poland,POL,2190,1885,1740,1703,1914
Bulgaria,BGR,Portugal,PRT,1,3,8,114,840
Bulgaria,BGR,Qatar,QAT,3121,1544,624,41950,20893
Bulgaria,BGR,Romania,ROU,64477,55311,39033,27821,19786
Bulgaria,BGR,Saudi Arabia,SAU,87,490,2497,6506,7039
Bulgaria,BGR,Senegal,SEN,10,7,7,13,13
Bulgaria,BGR,Serbia and Montenegro,SCG,895,909,1628,1295,4792
Bulgaria,BGR,Sierra Leone,SLE,3,5,6,6,2
Bulgaria,BGR,Singapore,SGP,12,2,5,14,20
Bulgaria,BGR,Slovak Republic,SVK,58,64,71,219,1034
Bulgaria,BGR,Slovenia,SVN,268,272,487,65,26
Bulgaria,BGR,South Africa,ZAF,16,192,371,81,1662
Bulgaria,BGR,Spain,ESP,21,35,59,299,21845
Bulgaria,BGR,Sweden,SWE,106,751,910,8,3469
Bulgaria,BGR,Switzerland,CHE,449,253,433,8321,1956
Bulgaria,BGR,Syrian Arab Republic,SYR,242,2288,1665,2354,3096
Bulgaria,BGR,Thailand,THA,34,72,200,348,1134
Bulgaria,BGR,Togo,TGO,17,24,25,27,27
Bulgaria,BGR,Trinidad and Tobago,TTO,4,3,4,3,2
Bulgaria,BGR,Tunisia,TUN,12,334,9,17,16
Bulgaria,BGR,Turkey,TUR,282561,313509,293493,457367,480716
Bulgaria,BGR,United Arab Emirates,ARE,11,315,3444,6390,10979
Bulgaria,BGR,United Kingdom,GBR,2,1573,707,1732,1378
Bulgaria,BGR,United States,USA,8601,10196,9439,9507,36019
Bulgaria,BGR,Uruguay,URY,15,12,9,9,79
Bulgaria,BGR,West Bank and Gaza,PSE,2412,2876,3405,4481,6926
Bulgaria,BGR,"Yemen, Rep.",YEM,1484,1837,2274,2816,3292
Bulgaria,BGR,Zambia,ZMB,3,2,25,4,4
Bulgaria,BGR,Zimbabwe,ZWE,22,29,27,26,24
Burkina Faso,BFA,Afghanistan,AFG,4,19,11,21,34
Burkina Faso,BFA,Australia,AUS,1,3,9,9,30
Burkina Faso,BFA,Austria,AUT,9,6,11,20,48
Burkina Faso,BFA,Bangladesh,BGD,10,50,56,61,67
Burkina Faso,BFA,Belgium,BEL,8,12,83,77,78
Burkina Faso,BFA,Benin,BEN,1560,2027,2633,3464,5950
Burkina Faso,BFA,Brazil,BRA,7,2,4,12,13
Burkina Faso,BFA,Cameroon,CMR,307,346,275,9,8
Burkina Faso,BFA,Canada,CAN,12,66,122,12,340
Burkina Faso,BFA,Cape Verde,CPV,2077,2295,2537,344,399
Burkina Faso,BFA,Central African Republic,CAF,3,2,4,70,22
Burkina Faso,BFA,Cote d'Ivoire,CIV,402537,622326,798070,864973,1252098
Burkina Faso,BFA,Cuba,CUB,9,9,10,12,30
Burkina Faso,BFA,"Egypt, Arab Rep.",EGY,3,62,127,2,68
Burkina Faso,BFA,Ethiopia,ETH,64,61,64,68,71
Burkina Faso,BFA,France,FRA,142,340,3831,4367,239
Burkina Faso,BFA,Gabon,GAB,17,585,1169,2207,3358
Burkina Faso,BFA,Germany,DEU,45,50,44,271,1060
Burkina Faso,BFA,Ghana,GHA,14,105154,18284,25124,31964
Burkina Faso,BFA,Greece,GRC,2,25,8,20,3
Burkina Faso,BFA,Guadeloupe,GLP,38,36,106,249,224
Burkina Faso,BFA,Guinea,GIN,882,1316,1963,840,1349
Burkina Faso,BFA,Guinea-Bissau,GNB,52,55,58,131,126
Burkina Faso,BFA,Hungary,HUN,1,5,4,4,4
Burkina Faso,BFA,India,IND,1508,6161,1793,2796,3078
Burkina Faso,BFA,Israel,ISR,89,105,142,983,2170
Burkina Faso,BFA,Italy,ITA,36,55,235,379,4882
Burkina Faso,BFA,Liberia,LBR,227,9,9,9,9
Burkina Faso,BFA,Mali,MLI,30237,29682,29138,28603,21397
Burkina Faso,BFA,Martinique,MTQ,34,54,65,126,151
Burkina Faso,BFA,Mauritania,MRT,483,807,1350,599,662
Burkina Faso,BFA,Niger,NER,5555,7499,10123,18093,27134
Burkina Faso,BFA,Nigeria,NGA,920,2001,17098,6176,10356
Burkina Faso,BFA,Pakistan,PAK,119,376,302,242,194
Burkina Faso,BFA,Senegal,SEN,7443,4792,5056,9428,9296
Burkina Faso,BFA,Sierra Leone,SLE,17,27,34,33,301
Burkina Faso,BFA,Singapore,SGP,9,2,5,13,48
Burkina Faso,BFA,Sudan,SDN,87,83,107,151,182
Burkina Faso,BFA,Switzerland,CHE,32,9,41,33,218
Burkina Faso,BFA,Togo,TGO,4658,6660,7006,7318,7540
Burkina Faso,BFA,Trinidad and Tobago,TTO,3,3,3,2,1
Burkina Faso,BFA,Uganda,UGA,4,4,4,4,5
Burkina Faso,BFA,United Kingdom,GBR,16,59,119,9,619
Burkina Faso,BFA,United States,USA,22,49,426,287,1311
Burkina Faso,BFA,West Bank and Gaza,PSE,4,4,5,7,11
Burkina Faso,BFA,"Yemen, Rep.",YEM,14,18,22,27,32
Burkina Faso,BFA,Zimbabwe,ZWE,184,238,224,211,194
Burundi,BDI,Australia,AUS,2,5,16,38,27
Burundi,BDI,Austria,AUT,4,3,4,8,37
Burundi,BDI,Bangladesh,BGD,2,9,10,11,12
Burundi,BDI,Belgium,BEL,3,346,467,407,592
Burundi,BDI,Benin,BEN,5,6,8,11,19
Burundi,BDI,Brazil,BRA,4,1,2,7,8
Burundi,BDI,Cameroon,CMR,50,56,45,2300,1937
Burundi,BDI,Canada,CAN,22,128,238,196,2293
Burundi,BDI,Central African Republic,CAF,274,151,326,14,4
Burundi,BDI,Chad,TCD,262,289,320,353,401
Burundi,BDI,Comoros,COM,1,4,14,23,23
Burundi,BDI,"Congo, Dem. Rep.",COD,7,29403,18501,12785,10467
Burundi,BDI,"Congo, Rep.",COG,262,441,68,113,21
Burundi,BDI,Cote d'Ivoire,CIV,12,18,23,6,179
Burundi,BDI,Djibouti,DJI,246,449,904,1418,1821
Burundi,BDI,Equatorial Guinea,GNQ,3,6,31,16,27
Burundi,BDI,Eritrea,ERI,41,855,992,1114,820
Burundi,BDI,Ethiopia,ETH,5076,4828,5076,5336,5609
Burundi,BDI,Gabon,GAB,1358,310,172,41,62
Burundi,BDI,"Gambia, The",GMB,19,157,102,389,562
Burundi,BDI,Germany,DEU,18,20,18,171,427
Burundi,BDI,Hungary,HUN,1,5,4,4,4
Burundi,BDI,India,IND,270,1104,321,501,552
Burundi,BDI,Italy,ITA,15,23,95,153,555
Burundi,BDI,Kenya,KEN,551,534,867,1226,3973
Burundi,BDI,Madagascar,MDG,194,112,263,26,23
Burundi,BDI,Mayotte,MYT,24,50,106,274,547
Burundi,BDI,Pakistan,PAK,21,67,54,43,35
Burundi,BDI,Sao Tome and Principe,STP,3,3,3,3,3
Burundi,BDI,Somalia,SOM,60,1255,1696,1709,1572
Burundi,BDI,Sudan,SDN,25018,23869,30618,42892,51746
Burundi,BDI,Switzerland,CHE,13,4,17,13,360
Burundi,BDI,Tanzania,TZA,83203,77114,152540,75731,72272
Burundi,BDI,Uganda,UGA,76651,76513,58697,46808,16370
Burundi,BDI,United Kingdom,GBR,5,19,38,3,807
Burundi,BDI,United States,USA,22,50,470,256,1333
Burundi,BDI,Zimbabwe,ZWE,180,232,218,206,190
Cambodia,KHM,Australia,AUS,142,236,3461,17129,22643
Cambodia,KHM,Austria,AUT,130,438,770,796,144
Cambodia,KHM,Bangladesh,BGD,38,30,34,37,40
Cambodia,KHM,Belgium,BEL,45,273,78,676,623
Cambodia,KHM,Bulgaria,BGR,5,5,5,5,23
Cambodia,KHM,Canada,CAN,192,2529,4966,14331,18476
Cambodia,KHM,Chad,TCD,1,1,1,2,2
Cambodia,KHM,China,CHN,8,6,120,63,179
Cambodia,KHM,Denmark,DNK,34,31,25,55,127
Cambodia,KHM,Dominican Republic,DOM,2,34,66,102,144
Cambodia,KHM,Fiji,FJI,31,25,20,25,29
Cambodia,KHM,Finland,FIN,1,5,10,58,95
Cambodia,KHM,France,FRA,4508,451,42938,58843,7605
Cambodia,KHM,French Polynesia,PYF,4,5,9,26,32
Cambodia,KHM,Germany,DEU,558,741,975,1217,46299
Cambodia,KHM,Ghana,GHA,1,9,3,11,18
Cambodia,KHM,Greece,GRC,26,72,134,673,6
Cambodia,KHM,Guam,GUM,6,42,2,20,26
Cambodia,KHM,"Hong Kong SAR, China",HKG,21,6,2743,3,49
Cambodia,KHM,Hungary,HUN,6,7,6,5,5
Cambodia,KHM,India,IND,8,854,4,1963,3
Cambodia,KHM,Indonesia,IDN,1278,804,820,994,888
Cambodia,KHM,Ireland,IRL,14,18,32,39,7
Cambodia,KHM,Italy,ITA,496,668,813,4541,293
Cambodia,KHM,Japan,JPN,3,54,119,1334,1945
Cambodia,KHM,Kenya,KEN,10,109,87,62,1
Cambodia,KHM,Lao PDR,LAO,1222,1287,1353,1423,1352
Cambodia,KHM,Luxembourg,LUX,2,3,11,64,23
Cambodia,KHM,"Macao SAR, China",MAC,10,4,14,15,17
Cambodia,KHM,"Macedonia, FYR",MKD,1,1,2,63,73
Cambodia,KHM,Madagascar,MDG,9,5,1,1,1
Cambodia,KHM,Mexico,MEX,45,50,12,2,2
Cambodia,KHM,Myanmar,MMR,647,615,440,343,282
Cambodia,KHM,Netherlands Antilles,ANT,4,4,3,3,2
Cambodia,KHM,New Caledonia,NCL,67,167,147,172,235
Cambodia,KHM,New Zealand,NZL,63,247,446,903,4690
Cambodia,KHM,Nigeria,NGA,3,3,15,4,8
Cambodia,KHM,Norway,NOR,4,3,5,108,177
Cambodia,KHM,Pakistan,PAK,33,76,61,49,39
Cambodia,KHM,Philippines,PHL,470,293,2337,254,1408
Cambodia,KHM,Serbia and Montenegro,SCG,7,7,12,4,14
Cambodia,KHM,Singapore,SGP,4,6,16,40,297
Cambodia,KHM,Sudan,SDN,8,7,9,12,14
Cambodia,KHM,Sweden,SWE,2,100,445,900,321
Cambodia,KHM,Switzerland,CHE,443,376,308,331,1232
Cambodia,KHM,Tanzania,TZA,8,8,10,10,12
Cambodia,KHM,Thailand,THA,5219,9019,8785,10882,29620
Cambodia,KHM,Togo,TGO,1,2,2,2,2
Cambodia,KHM,United Kingdom,GBR,563,128,1397,35,14
Cambodia,KHM,United States,USA,1219,858,20024,127916,140684
Cambodia,KHM,Vanuatu,VUT,10,12,6,5,1
Cambodia,KHM,Vietnam,VNM,10,16,14,6,350
Cameroon,CMR,Australia,AUS,3,8,24,21,68
Cameroon,CMR,Austria,AUT,57,39,67,121,248
Cameroon,CMR,Belgium,BEL,50,72,415,475,1755
Cameroon,CMR,Benin,BEN,575,748,971,1278,2194
Cameroon,CMR,Brazil,BRA,12,3,7,22,25
Cameroon,CMR,Burkina Faso,BFA,3,4,8,83,21
Cameroon,CMR,Burundi,BDI,13,11,8,73,58
Cameroon,CMR,Canada,CAN,105,593,1104,236,2322
Cameroon,CMR,Cape Verde,CPV,19,21,24,3,4
Cameroon,CMR,Central African Republic,CAF,10736,5921,12784,5001,1565
Cameroon,CMR,Chad,TCD,22963,25379,28048,30999,35126
Cameroon,CMR,"Congo, Dem. Rep.",COD,1,5099,3209,2217,1815
Cameroon,CMR,"Congo, Rep.",COG,641,1078,1852,3073,567
Cameroon,CMR,Cote d'Ivoire,CIV,1338,2069,2653,685,3754
Cameroon,CMR,Cuba,CUB,2,2,2,2,5
Cameroon,CMR,Cyprus,CYP,2,6,11,15,26
Cameroon,CMR,Djibouti,DJI,20,37,75,117,150
Cameroon,CMR,Dominican Republic,DOM,2,3,3,3,4
Cameroon,CMR,"Egypt, Arab Rep.",EGY,3,16,29,2,139
Cameroon,CMR,Eritrea,ERI,5,8,107,324,4
Cameroon,CMR,Ethiopia,ETH,880,837,880,925,972
Cameroon,CMR,France,FRA,802,1921,19057,26165,1353
Cameroon,CMR,Gabon,GAB,236,4114,8188,15430,23481
Cameroon,CMR,"Gambia, The",GMB,3,27,18,67,97
Cameroon,CMR,Germany,DEU,276,310,273,899,6556
Cameroon,CMR,Ghana,GHA,616,96,51,654,1258
Cameroon,CMR,Greece,GRC,11,154,49,126,117
Cameroon,CMR,Guinea,GIN,8,11,17,58,182
Cameroon,CMR,Hungary,HUN,9,33,30,26,25
Cameroon,CMR,India,IND,58,237,69,108,118
Cameroon,CMR,Ireland,IRL,4,5,8,10,240
Cameroon,CMR,Italy,ITA,220,337,1455,2345,3479
Cameroon,CMR,Luxembourg,LUX,1,2,6,34,87
Cameroon,CMR,Madagascar,MDG,26,15,46,9,8
Cameroon,CMR,Mali,MLI,21,21,20,20,602
Cameroon,CMR,Martinique,MTQ,5,19,17,32,39
Cameroon,CMR,Mauritania,MRT,5,8,13,376,416
Cameroon,CMR,Mayotte,MYT,2,4,9,23,45
Cameroon,CMR,Monaco,MCO,1,6,8,10,12
Cameroon,CMR,Niger,NER,186,251,339,1344,2650
Cameroon,CMR,Nigeria,NGA,17103,11048,47794,9981,16735
Cameroon,CMR,Norway,NOR,2,69,92,123,202
Cameroon,CMR,Pakistan,PAK,5,14,12,9,7
Cameroon,CMR,Reunion,REU,41,28,3,4,6
Cameroon,CMR,Senegal,SEN,8,5,5,10,10
Cameroon,CMR,Serbia and Montenegro,SCG,3,3,6,2,7
Cameroon,CMR,Somalia,SOM,8,12,184,496,8
Cameroon,CMR,Sudan,SDN,2060,1965,2521,3535,4265
Cameroon,CMR,Switzerland,CHE,196,54,253,200,2070
Cameroon,CMR,Tanzania,TZA,5,4,50,147,37
Cameroon,CMR,Togo,TGO,37,53,56,59,60
Cameroon,CMR,Tunisia,TUN,2,15,2,3,3
Cameroon,CMR,Uganda,UGA,92,92,83,83,124
Cameroon,CMR,United Kingdom,GBR,92,336,675,50,3485
Cameroon,CMR,United States,USA,188,463,1882,4170,12885
Cameroon,CMR,Zimbabwe,ZWE,186,240,226,214,196
Canada,CAN,Afghanistan,AFG,3,4,11,57,69
Canada,CAN,Albania,ALB,1,2,2,2,2
Canada,CAN,Algeria,DZA,6,2,2,1,1
Canada,CAN,Angola,AGO,15,6,2,3,4
Canada,CAN,Antigua and Barbuda,ATG,175,248,228,225,243
Canada,CAN,Argentina,ARG,164,81,4,798,1145
Canada,CAN,Aruba,ABW,93,88,83,21,3
Canada,CAN,Australia,AUS,6080,10064,19446,21852,26989
Canada,CAN,Austria,AUT,2556,2845,1744,1314,1510
Canada,CAN,"Bahamas, The",BHS,32,1987,826,766,852
Canada,CAN,Bangladesh,BGD,11,56,62,68,74
Canada,CAN,Barbados,BRB,39,305,607,698,800
Canada,CAN,Belgium,BEL,1745,1742,1637,1611,2394
Canada,CAN,Benin,BEN,27,35,45,59,102
Canada,CAN,Bermuda,BMU,1005,1222,1423,1878,2630
Canada,CAN,Bhutan,BTN,8,10,14,19,25
Canada,CAN,Bolivia,BOL,164,1186,2012,1499,1674
Canada,CAN,Bosnia and Herzegovina,BIH,94,96,171,836,659
Canada,CAN,Botswana,BWA,2,2,22,108,275
Canada,CAN,Brazil,BRA,876,1080,1171,964,1253
Canada,CAN,Bulgaria,BGR,25,26,26,26,121
Canada,CAN,Burundi,BDI,70,56,45,1,1
Canada,CAN,Cambodia,KHM,232,196,3,23,144
Canada,CAN,Cameroon,CMR,46,52,41,138,116
Canada,CAN,Cape Verde,CPV,44,48,53,49,57
Canada,CAN,Cayman Islands,CYM,36,60,216,574,1554
Canada,CAN,Chad,TCD,15,17,18,20,23
Canada,CAN,Chile,CHL,210,334,455,1046,1807
Canada,CAN,China,CHN,998,146,140,362,1222
Canada,CAN,Colombia,COL,304,457,556,688,790
Canada,CAN,"Congo, Dem. Rep.",COD,1544,1789,1055,729,597
Canada,CAN,"Congo, Rep.",COG,3,5,5,8,1
Canada,CAN,Costa Rica,CRI,86,91,212,510,1058
Canada,CAN,Cote d'Ivoire,CIV,67,103,132,372,35
Canada,CAN,Croatia,HRV,912,927,1660,481,456
Canada,CAN,Cuba,CUB,98,89,56,41,68
Canada,CAN,Cyprus,CYP,48,168,287,409,687
Canada,CAN,Czech Republic,CZE,21,24,26,185,494
Canada,CAN,Denmark,DNK,143,1689,2108,2417,2723
Canada,CAN,Djibouti,DJI,1,2,4,6,7
Canada,CAN,Dominica,DMA,12,38,64,69,103
Canada,CAN,Dominican Republic,DOM,449,1347,2193,3177,4343
Canada,CAN,Ecuador,ECU,13,24,37,802,877
Canada,CAN,"Egypt, Arab Rep.",EGY,21,231,463,113,344
Canada,CAN,El Salvador,SLV,109,64,194,288,185
Canada,CAN,Eritrea,ERI,6,2,12,9,5
Canada,CAN,Ethiopia,ETH,30,29,30,32,33
Canada,CAN,Faeroe Islands,FRO,4,5,6,7,12
Canada,CAN,Fiji,FJI,80,81,90,142,166
Canada,CAN,Finland,FIN,679,462,331,987,1254
Canada,CAN,France,FRA,18877,1887,13389,17016,31846
Canada,CAN,French Guiana,GUF,23,46,91,213,324
Canada,CAN,French Polynesia,PYF,19,34,67,98,152
Canada,CAN,Gabon,GAB,7,26,50,94,143
Canada,CAN,Germany,DEU,1513,5835,8916,7306,12239
Canada,CAN,Ghana,GHA,132,10,3,11,19
Canada,CAN,Greece,GRC,21,58,3452,11628,5812
Canada,CAN,Greenland,GRL,4,11,14,13,11
Canada,CAN,Grenada,GRD,14,49,89,16,30
Canada,CAN,Guadeloupe,GLP,2,59,90,184,166
Canada,CAN,Guam,GUM,19,356,1,14,16
Canada,CAN,Guatemala,GTM,271,195,265,179,247
Canada,CAN,Guinea,GIN,172,257,384,141,184
Canada,CAN,Guyana,GUY,329,374,242,123,196
Canada,CAN,Haiti,HTI,124,346,439,594,804
Canada,CAN,Honduras,HND,58,26,34,74,253
Canada,CAN,"Hong Kong SAR, China",HKG,1313,634,1664,2369,4330
Canada,CAN,Hungary,HUN,310,776,706,612,582
Canada,CAN,Iceland,ISL,94,126,147,151,195
Canada,CAN,India,IND,784,814,1821,7668,6159
Canada,CAN,Indonesia,IDN,156,98,100,121,108
Canada,CAN,Ireland,IRL,961,1211,2152,2787,4055
Canada,CAN,Israel,ISR,56,67,63,824,1882
Canada,CAN,Italy,ITA,403,8265,18602,9649,6301
Canada,CAN,Jamaica,JAM,545,1526,1497,1059,1308
Canada,CAN,Japan,JPN,1362,678,1500,4600,9167
Canada,CAN,Jordan,JOR,47,20,21,156,322
Canada,CAN,Kenya,KEN,19,86,403,748,16
Canada,CAN,"Korea, Dem. Rep.",PRK,32,15,37,65,108
Canada,CAN,"Korea, Rep.",KOR,423,57,412,174,2486
Canada,CAN,Kuwait,KWT,7,49,94,119,113
Canada,CAN,Lesotho,LSO,4,55,106,180,27
Canada,CAN,Liberia,LBR,103,166,72,72,68
Canada,CAN,Libya,LBY,5,69,175,258,308
Canada,CAN,Luxembourg,LUX,17,24,45,267,302
Canada,CAN,"Macao SAR, China",MAC,42,17,60,66,72
Canada,CAN,"Macedonia, FYR",MKD,165,167,300,346,402
Canada,CAN,Malawi,MWI,59,58,14,13,13
Canada,CAN,Malaysia,MYS,1,58,173,555,984
Canada,CAN,Martinique,MTQ,16,72,61,119,143
Canada,CAN,Mauritius,MUS,94,96,126,87,85
Canada,CAN,Mexico,MEX,5669,3734,3353,3230,5990
Canada,CAN,Monaco,MCO,8,21,62,78,92
Canada,CAN,Mongolia,MNG,16,20,24,29,36
Canada,CAN,Montserrat,MSR,2,41,67,55,5
Canada,CAN,Morocco,MAR,9,3,2,1,1
Canada,CAN,Mozambique,MOZ,9,14,57,276,903
Canada,CAN,Myanmar,MMR,188,179,107,42,34
Canada,CAN,Namibia,NAM,35,56,90,144,138
Canada,CAN,Netherlands,NLD,5,843,2331,6716,8254
Canada,CAN,Netherlands Antilles,ANT,126,110,97,29,171
Canada,CAN,New Caledonia,NCL,38,20,74,55,45
Canada,CAN,New Zealand,NZL,2899,4904,5782,7025,7774
Canada,CAN,Nicaragua,NIC,70,118,133,142,170
Canada,CAN,Niger,NER,324,438,591,423,90
Canada,CAN,Nigeria,NGA,578,1159,9725,3485,5844
Canada,CAN,Norway,NOR,854,1411,1896,2155,2290
Canada,CAN,Oman,OMN,5,7,15,45,66
Canada,CAN,Pakistan,PAK,132,418,335,269,216
Canada,CAN,Panama,PAN,150,128,87,157,448
Canada,CAN,Papua New Guinea,PNG,107,264,414,321,241
Canada,CAN,Paraguay,PRY,450,1344,1310,1330,1082
Canada,CAN,Peru,PER,558,745,887,601,491
Canada,CAN,Philippines,PHL,58,348,285,733,1874
Canada,CAN,Poland,POL,28,24,505,981,1666
Canada,CAN,Portugal,PRT,237,619,1617,3824,8067
Canada,CAN,Puerto Rico,PRI,78,230,331,17,1394
Canada,CAN,Reunion,REU,6,5,21,28,42
Canada,CAN,Romania,ROU,4,4,3,2,6
Canada,CAN,Rwanda,RWA,68,62,75,88,217
Canada,CAN,Saint Helena,SHN,2,4,4,4,4
Canada,CAN,Saint Pierre and Miquelon,SPM,111,164,194,197,202
Canada,CAN,Samoa,WSM,2,8,13,14,14
Canada,CAN,Senegal,SEN,3,2,2,4,4
Canada,CAN,Serbia and Montenegro,SCG,906,921,1649,1235,4570
Canada,CAN,Singapore,SGP,105,32,107,279,1260
Canada,CAN,Slovak Republic,SVK,8,9,10,32,114
Canada,CAN,Slovenia,SVN,266,270,484,273,161
Canada,CAN,Somalia,SOM,9,3,21,14,10
Canada,CAN,South Africa,ZAF,1287,1772,2247,1574,2410
Canada,CAN,Spain,ESP,1689,2848,4879,2614,3074
Canada,CAN,Sri Lanka,LKA,110,46,3,2,2
Canada,CAN,St. Kitts and Nevis,KNA,62,48,45,17,60
Canada,CAN,St. Lucia,LCA,12,77,145,25,156
Canada,CAN,St. Vincent and the Grenadines,VCT,85,79,73,170,271
Canada,CAN,Sudan,SDN,45,43,55,175,211
Canada,CAN,Suriname,SUR,16,11,7,9,12
Canada,CAN,Swaziland,SWZ,14,27,7,6,80
Canada,CAN,Sweden,SWE,663,758,1124,1797,2255
Canada,CAN,Switzerland,CHE,910,2159,2451,1617,5302
Canada,CAN,Syrian Arab Republic,SYR,1,10,8,11,14
Canada,CAN,Tanzania,TZA,300,278,107,103,266
Canada,CAN,Thailand,THA,109,654,534,582,1435
Canada,CAN,Togo,TGO,461,658,693,723,745
Canada,CAN,Trinidad and Tobago,TTO,510,314,227,184,102
Canada,CAN,Tunisia,TUN,12,63,9,18,17
Canada,CAN,Turkey,TUR,12,22,27,48,1422
Canada,CAN,United Kingdom,GBR,65702,69131,63556,64048,76106
Canada,CAN,United States,USA,995660,964010,1001367,914902,950549
Canada,CAN,Uruguay,URY,74,61,44,45,372
Canada,CAN,Vanuatu,VUT,5,6,14,17,8
Canada,CAN,"Venezuela, RB",VEN,436,849,998,984,965
Canada,CAN,Virgin Islands (U.S.),VIR,36,222,49,280,172
Canada,CAN,"Virgin Islands, British",VGB,9,46,57,104,115
Canada,CAN,West Bank and Gaza,PSE,6,7,8,11,17
Canada,CAN,"Yemen, Rep.",YEM,31,39,48,59,69
Canada,CAN,Zambia,ZMB,525,421,817,293,265
Canada,CAN,Zimbabwe,ZWE,327,421,397,375,345
Cape Verde,CPV,Angola,AGO,24689,9840,3921,4305,6780
Cape Verde,CPV,Austria,AUT,102,68,116,209,25
Cape Verde,CPV,Belgium,BEL,90,125,140,820,826
Cape Verde,CPV,Benin,BEN,30,39,51,66,114
Cape Verde,CPV,Brazil,BRA,12,3,7,22,24
Cape Verde,CPV,Burkina Faso,BFA,1,1,3,28,7
Cape Verde,CPV,Burundi,BDI,2,1,1,9,7
Cape Verde,CPV,Cameroon,CMR,892,1003,799,27,23
Cape Verde,CPV,Canada,CAN,282,1571,2919,64,316
Cape Verde,CPV,Central African Republic,CAF,9,5,11,8,2
Cape Verde,CPV,Chad,TCD,3,3,3,4,4
Cape Verde,CPV,Cote d'Ivoire,CIV,80,124,159,540,438
Cape Verde,CPV,Djibouti,DJI,3,5,9,15,19
Cape Verde,CPV,Ethiopia,ETH,175,166,175,184,193
Cape Verde,CPV,France,FRA,2050,4913,38,65,3459
Cape Verde,CPV,Gabon,GAB,47,62,109,197,299
Cape Verde,CPV,Germany,DEU,487,541,487,458,11295
Cape Verde,CPV,Greece,GRC,20,265,88,217,19
Cape Verde,CPV,Guinea,GIN,6,8,13,23,67
Cape Verde,CPV,Guinea-Bissau,GNB,79,83,87,197,190
Cape Verde,CPV,Hungary,HUN,2,17,16,14,13
Cape Verde,CPV,India,IND,93,379,110,172,189
Cape Verde,CPV,Ireland,IRL,9,12,21,25,10
Cape Verde,CPV,Israel,ISR,5,6,9,60,134
Cape Verde,CPV,Italy,ITA,391,602,4510,6439,5054
Cape Verde,CPV,Luxembourg,LUX,3,4,15,87,2389
Cape Verde,CPV,"Macedonia, FYR",MKD,2,2,3,75,87
Cape Verde,CPV,Madagascar,MDG,7,4,9,2,2
Cape Verde,CPV,Malawi,MWI,1,1,183,180,177
Cape Verde,CPV,Mauritania,MRT,3,5,9,4,4
Cape Verde,CPV,Monaco,MCO,3,3,20,25,30
Cape Verde,CPV,Namibia,NAM,2,4,6,10,10
Cape Verde,CPV,Netherlands,NLD,2,1061,2935,8459,10629
Cape Verde,CPV,Niger,NER,11,14,19,47,82
Cape Verde,CPV,Nigeria,NGA,6,426,4374,1695,2842
Cape Verde,CPV,Norway,NOR,6,12,62,166,239
Cape Verde,CPV,Pakistan,PAK,7,23,19,15,12
Cape Verde,CPV,Portugal,PRT,2864,7484,19554,29889,43032
Cape Verde,CPV,Sao Tome and Principe,STP,5665,5389,5127,3792,3607
Cape Verde,CPV,Senegal,SEN,2,2,2,3,3
Cape Verde,CPV,Serbia and Montenegro,SCG,9,9,16,5,18
Cape Verde,CPV,Sudan,SDN,254,242,311,438,528
Cape Verde,CPV,Swaziland,SWZ,1,2,2,4,7
Cape Verde,CPV,Switzerland,CHE,349,96,444,357,1023
Cape Verde,CPV,Togo,TGO,29,42,44,46,48
Cape Verde,CPV,Uganda,UGA,11,11,10,10,15
Cape Verde,CPV,United Kingdom,GBR,235,858,1726,129,8952
Cape Verde,CPV,United States,USA,948,1387,12367,18313,27182
Cape Verde,CPV,Zimbabwe,ZWE,624,804,758,715,658
Cayman Islands,CYM,Aruba,ABW,3,3,3,1,2
Cayman Islands,CYM,"Bahamas, The",BHS,2,39,12,10,11
Cayman Islands,CYM,Barbados,BRB,13,7,1,1,2
Cayman Islands,CYM,Canada,CAN,1,17,33,104,136
Cayman Islands,CYM,Cuba,CUB,10,9,5,3,4
Cayman Islands,CYM,Dominican Republic,DOM,28,25,21,18,15
Cayman Islands,CYM,Guadeloupe,GLP,1,2,5,12,10
Cayman Islands,CYM,Jamaica,JAM,657,31,27,25,9
Cayman Islands,CYM,Netherlands Antilles,ANT,8,7,6,9,12
Cayman Islands,CYM,Puerto Rico,PRI,2,6,9,4,80
Cayman Islands,CYM,Trinidad and Tobago,TTO,131,59,5,4,6
Cayman Islands,CYM,United Kingdom,GBR,6,7,7,6,10
Cayman Islands,CYM,United States,USA,357,8,1138,1979,1012
Cayman Islands,CYM,Virgin Islands (U.S.),VIR,10,20,4,6,13
Central African Republic,CAF,Austria,AUT,6,4,8,14,2
Central African Republic,CAF,Belgium,BEL,6,8,169,53,54
Central African Republic,CAF,Burundi,BDI,9,7,6,49,39
Central African Republic,CAF,Cameroon,CMR,11358,12779,10175,1010,850
Central African Republic,CAF,Canada,CAN,10,58,107,46,180
Central African Republic,CAF,Chad,TCD,5977,6606,7300,8068,9142
Central African Republic,CAF,"Congo, Dem. Rep.",COD,1,5560,3498,2418,1979
Central African Republic,CAF,"Congo, Rep.",COG,3188,5364,5676,9420,1739
Central African Republic,CAF,Djibouti,DJI,14,25,50,78,100
Central African Republic,CAF,"Egypt, Arab Rep.",EGY,2,22,45,1,52
Central African Republic,CAF,Eritrea,ERI,5,57,123,73,3
Central African Republic,CAF,Ethiopia,ETH,959,912,959,1008,1060
Central African Republic,CAF,France,FRA,195,467,4479,7214,329
Central African Republic,CAF,Gabon,GAB,257,244,405,712,1084
Central African Republic,CAF,"Gambia, The",GMB,4,30,19,74,106
Central African Republic,CAF,Germany,DEU,31,35,31,95,737
Central African Republic,CAF,Ghana,GHA,9,19,10,131,251
Central African Republic,CAF,Greece,GRC,1,17,6,14,27
Central African Republic,CAF,India,IND,21,87,25,40,44
Central African Republic,CAF,Italy,ITA,25,38,164,264,64
Central African Republic,CAF,Kenya,KEN,30,3436,1851,67,219
Central African Republic,CAF,Madagascar,MDG,29,16,50,9,9
Central African Republic,CAF,Mali,MLI,4,4,4,4,288
Central African Republic,CAF,Mayotte,MYT,1,3,6,15,30
Central African Republic,CAF,Pakistan,PAK,2,5,4,3,3
Central African Republic,CAF,Senegal,SEN,2,1,1,2,2
Central African Republic,CAF,Somalia,SOM,7,84,210,111,6
Central African Republic,CAF,Sudan,SDN,1372,1309,1679,2360,2847
Central African Republic,CAF,Switzerland,CHE,22,6,29,23,43
Central African Republic,CAF,Tanzania,TZA,3,3,34,98,25
Central African Republic,CAF,Uganda,UGA,61,61,55,56,83
Central African Republic,CAF,United Kingdom,GBR,22,82,164,12,847
Central African Republic,CAF,United States,USA,20,46,281,377,1213
Central African Republic,CAF,Zimbabwe,ZWE,9,12,11,10,10
Chad,TCD,Algeria,DZA,5,2,2,1,1
Chad,TCD,Australia,AUS,1,4,11,11,35
Chad,TCD,Austria,AUT,4,3,5,8,7
Chad,TCD,Bahrain,BHR,2,7,8,2,57
Chad,TCD,Belgium,BEL,3,5,102,32,33
Chad,TCD,Benin,BEN,266,346,450,592,1016
Chad,TCD,Brazil,BRA,6,2,4,11,13
Chad,TCD,Burkina Faso,BFA,1,2,4,38,10
Chad,TCD,Burundi,BDI,38,30,24,210,168
Chad,TCD,Cameroon,CMR,37960,42708,34007,77678,65397
Chad,TCD,Canada,CAN,10,59,111,69,627
Chad,TCD,Cape Verde,CPV,9,10,11,1,2
Chad,TCD,Central African Republic,CAF,16588,9148,19752,29098,9103
Chad,TCD,"Congo, Dem. Rep.",COD,123,20441,12857,8885,7274
Chad,TCD,"Congo, Rep.",COG,461,776,1732,2874,530
Chad,TCD,Cote d'Ivoire,CIV,620,958,1228,317,1738
Chad,TCD,Djibouti,DJI,59,107,216,338,434
Chad,TCD,"Egypt, Arab Rep.",EGY,18,128,250,354,315
Chad,TCD,Equatorial Guinea,GNQ,2,4,22,11,19
Chad,TCD,Eritrea,ERI,20,8,430,742,13
Chad,TCD,Ethiopia,ETH,3539,3367,3540,3721,3912
Chad,TCD,France,FRA,133,319,3830,4178,225
Chad,TCD,Gabon,GAB,945,582,855,1420,2160
Chad,TCD,"Gambia, The",GMB,13,110,71,271,392
Chad,TCD,Germany,DEU,19,21,19,145,446
Chad,TCD,Ghana,GHA,28,44,23,300,578
Chad,TCD,Guinea,GIN,3,5,8,27,84
Chad,TCD,Hungary,HUN,4,24,23,20,19
Chad,TCD,India,IND,69,281,82,127,140
Chad,TCD,Indonesia,IDN,5,3,4,4,154
Chad,TCD,Italy,ITA,15,23,99,160,124
Chad,TCD,Kuwait,KWT,6,79,512,457,431
Chad,TCD,Madagascar,MDG,105,61,183,35,31
Chad,TCD,Mali,MLI,10,9,9,9,1
Chad,TCD,Mauritania,MRT,2,3,6,52,57
Chad,TCD,Mayotte,MYT,6,12,25,65,130
Chad,TCD,Morocco,MAR,8,3,1,1,1
Chad,TCD,Myanmar,MMR,7,6,4,1,1
Chad,TCD,Niger,NER,554,748,1010,1177,1227
Chad,TCD,Nigeria,NGA,1509,3453,29798,10811,18127
Chad,TCD,Oman,OMN,10,14,32,94,138
Chad,TCD,Pakistan,PAK,5,17,14,11,9
Chad,TCD,Philippines,PHL,2,2,10,1,8
Chad,TCD,Qatar,QAT,2,4,41,39,419
Chad,TCD,Sao Tome and Principe,STP,2,2,2,2,2
Chad,TCD,Saudi Arabia,SAU,103,578,2948,7681,8310
Chad,TCD,Senegal,SEN,4,2,2,5,5
Chad,TCD,Somalia,SOM,29,12,736,1138,25
Chad,TCD,Sudan,SDN,5946,5673,7277,10215,12323
Chad,TCD,Switzerland,CHE,13,4,17,14,72
Chad,TCD,Syrian Arab Republic,SYR,153,45,60,84,111
Chad,TCD,Tanzania,TZA,14,13,146,424,107
Chad,TCD,Togo,TGO,17,25,26,27,28
Chad,TCD,Uganda,UGA,267,267,148,41,358
Chad,TCD,United Arab Emirates,ARE,1,39,425,789,1355
Chad,TCD,United Kingdom,GBR,15,56,112,8,579
Chad,TCD,United States,USA,16,35,301,209,937
Chad,TCD,Zimbabwe,ZWE,1,2,2,2,2
Chile,CHL,Andorra,AND,1,7,5,10,13
Chile,CHL,Antigua and Barbuda,ATG,2,3,2,1,4
Chile,CHL,Argentina,ARG,119505,163943,217368,226327,219104
Chile,CHL,Aruba,ABW,6,5,5,34,79
Chile,CHL,Australia,AUS,313,992,15555,24575,23390
Chile,CHL,Austria,AUT,97,38,1496,423,330
Chile,CHL,Barbados,BRB,5,13,22,9,10
Chile,CHL,Belgium,BEL,81,324,1171,1345,1210
Chile,CHL,Benin,BEN,2,3,4,5,9
Chile,CHL,Bolivia,BOL,4858,6367,7496,4312,4276
Chile,CHL,Brazil,BRA,1686,2032,17657,22095,17155
Chile,CHL,Bulgaria,BGR,4,4,4,4,21
Chile,CHL,Cameroon,CMR,12,14,11,4,4
Chile,CHL,Canada,CAN,1225,1554,1920,20523,24690
Chile,CHL,Chad,TCD,3,3,3,3,4
Chile,CHL,Colombia,COL,895,1279,1507,1821,1774
Chile,CHL,"Congo, Dem. Rep.",COD,15,27,16,11,9
Chile,CHL,Costa Rica,CRI,98,449,780,939,1307
Chile,CHL,Cote d'Ivoire,CIV,6,9,12,33,3
Chile,CHL,Cuba,CUB,26,23,52,72,191
Chile,CHL,Cyprus,CYP,2,7,12,17,22
Chile,CHL,Denmark,DNK,49,56,1029,1161,1281
Chile,CHL,Dominican Republic,DOM,61,576,1073,1639,2306
Chile,CHL,Ecuador,ECU,1834,3413,5313,5276,5024
Chile,CHL,"Egypt, Arab Rep.",EGY,1,14,27,13,21
Chile,CHL,El Salvador,SLV,138,175,201,218,173
Chile,CHL,Falkland Islands (Malvinas),FLK,33,10,17,48,92
Chile,CHL,Fiji,FJI,48,25,3,1,1
Chile,CHL,Finland,FIN,14,59,115,164,222
Chile,CHL,France,FRA,6456,646,7127,12287,10892
Chile,CHL,French Guiana,GUF,4,15,30,69,105
Chile,CHL,French Polynesia,PYF,9,8,8,118,90
Chile,CHL,Germany,DEU,876,1517,6644,5421,6672
Chile,CHL,Greece,GRC,19,54,98,628,240
Chile,CHL,Guatemala,GTM,217,267,265,213,188
Chile,CHL,Guinea,GIN,2,3,4,3,7
Chile,CHL,Guyana,GUY,538,313,31,27,61
Chile,CHL,Honduras,HND,90,41,53,114,225
Chile,CHL,Hungary,HUN,18,84,78,68,65
Chile,CHL,Indonesia,IDN,4,2,3,3,3
Chile,CHL,Ireland,IRL,29,36,65,47,151
Chile,CHL,Israel,ISR,58,69,65,850,1941
Chile,CHL,Italy,ITA,373,2367,6839,8857,5181
Chile,CHL,Jordan,JOR,12,4,1,8,9
Chile,CHL,Luxembourg,LUX,3,5,15,91,126
Chile,CHL,"Macedonia, FYR",MKD,2,2,3,84,98
Chile,CHL,Mexico,MEX,10,876,3658,2443,3913
Chile,CHL,Monaco,MCO,3,3,21,27,31
Chile,CHL,Namibia,NAM,2,3,5,8,7
Chile,CHL,Netherlands,NLD,2,336,930,2678,2748
Chile,CHL,Netherlands Antilles,ANT,20,17,15,65,88
Chile,CHL,New Zealand,NZL,47,105,458,485,749
Chile,CHL,Nicaragua,NIC,55,92,104,111,133
Chile,CHL,Niger,NER,28,38,52,37,8
Chile,CHL,Nigeria,NGA,89,122,912,310,519
Chile,CHL,Norway,NOR,12,118,951,5575,5559
Chile,CHL,Panama,PAN,385,581,1132,1037,1080
Chile,CHL,Papua New Guinea,PNG,6,15,16,12,9
Chile,CHL,Paraguay,PRY,392,346,1513,2303,2383
Chile,CHL,Peru,PER,7597,6861,5844,4933,4033
Chile,CHL,Philippines,PHL,2,14,7,12,105
Chile,CHL,Poland,POL,1,1,8,15,25
Chile,CHL,Puerto Rico,PRI,83,245,352,937,188
Chile,CHL,Samoa,WSM,2,9,10,6,21
Chile,CHL,Senegal,SEN,7,4,5,8,8
Chile,CHL,Serbia and Montenegro,SCG,10,10,17,34,125
Chile,CHL,Singapore,SGP,3,1,3,9,33
Chile,CHL,South Africa,ZAF,49,36,22,24,283
Chile,CHL,Spain,ESP,3834,6466,11077,6058,14592
Chile,CHL,Sudan,SDN,1,1,2,16,19
Chile,CHL,Suriname,SUR,56,37,24,33,44
Chile,CHL,Sweden,SWE,68,178,8229,24677,26547
Chile,CHL,Switzerland,CHE,332,437,2589,1509,4050
Chile,CHL,Tanzania,TZA,9,9,3,3,8
Chile,CHL,Togo,TGO,40,58,61,63,65
Chile,CHL,Trinidad and Tobago,TTO,33,27,31,25,14
Chile,CHL,Turkey,TUR,7,13,15,27,46
Chile,CHL,United Kingdom,GBR,2525,142,2170,2765,6147
Chile,CHL,United States,USA,6695,19695,42572,66317,85597
Chile,CHL,Uruguay,URY,2178,1805,1303,1370,1653
Chile,CHL,Vanuatu,VUT,3,4,8,10,5
Chile,CHL,"Venezuela, RB",VEN,9712,2987,22593,21947,15749
Chile,CHL,West Bank and Gaza,PSE,3,4,5,6,9
Chile,CHL,"Yemen, Rep.",YEM,2,2,3,3,4
China,CHN,Afghanistan,AFG,48,32,205,130,23
China,CHN,Albania,ALB,15,16,18,20,22
China,CHN,Angola,AGO,112,44,18,19,31
China,CHN,Antigua and Barbuda,ATG,14,20,38,59,7
China,CHN,Argentina,ARG,3279,5143,7288,2502,4039
China,CHN,Aruba,ABW,193,182,172,250,624
China,CHN,Australia,AUS,13834,20051,25805,75698,162810
China,CHN,Austria,AUT,236,820,2066,5485,7331
China,CHN,"Bahamas, The",BHS,4,84,39,72,80
China,CHN,Bangladesh,BGD,106,84,93,102,111
China,CHN,Barbados,BRB,35,18,3,57,65
China,CHN,Belgium,BEL,131,804,142,2429,3996
China,CHN,Benin,BEN,10,12,16,21,37
China,CHN,Bermuda,BMU,2,22,65,2,107
China,CHN,Bhutan,BTN,186,251,338,457,616
China,CHN,Bolivia,BOL,18,59,92,444,542
China,CHN,Bosnia and Herzegovina,BIH,2,2,4,17,14
China,CHN,Botswana,BWA,4,3,6,846,841
China,CHN,Brazil,BRA,5798,8117,11362,8475,10287
China,CHN,Brunei Darussalam,BRN,4254,4750,2886,1600,2276
China,CHN,Bulgaria,BGR,243,253,260,257,1196
China,CHN,Burundi,BDI,27,22,18,3,2
China,CHN,Cambodia,KHM,8199,6910,90,825,5089
China,CHN,Canada,CAN,35717,62157,90391,137439,336302
China,CHN,Central African Republic,CAF,4,2,4,56,17
China,CHN,Chad,TCD,51,56,62,69,78
China,CHN,Chile,CHL,967,688,693,776,1566
China,CHN,Colombia,COL,519,673,737,841,1643
China,CHN,"Congo, Rep.",COG,37,63,151,251,46
China,CHN,Cote d'Ivoire,CIV,45,69,89,134,14
China,CHN,Croatia,HRV,2,2,4,79,13
China,CHN,Cuba,CUB,9000,8144,3852,1657,320
China,CHN,Cyprus,CYP,21,72,122,175,728
China,CHN,Czech Republic,CZE,15,17,19,131,1241
China,CHN,Denmark,DNK,96,669,716,1335,3807
China,CHN,Djibouti,DJI,2,3,7,11,14
China,CHN,Dominica,DMA,11,7,2,15,22
China,CHN,Dominican Republic,DOM,1943,2036,2012,2096,2240
China,CHN,Ecuador,ECU,260,485,754,136,1091
China,CHN,"Egypt, Arab Rep.",EGY,172,193,217,21,471
China,CHN,El Salvador,SLV,259,139,125,114,195
China,CHN,Eritrea,ERI,7,77,144,21,4
China,CHN,Ethiopia,ETH,363,346,363,382,401
China,CHN,Fiji,FJI,243,193,158,198,230
China,CHN,Finland,FIN,3,15,29,395,1993
China,CHN,France,FRA,12720,1272,8523,18903,21460
China,CHN,French Guiana,GUF,231,321,640,1489,2270
China,CHN,French Polynesia,PYF,916,490,6,333,323
China,CHN,Gabon,GAB,86,32,35,48,72
China,CHN,"Gambia, The",GMB,13,17,127,181,262
China,CHN,Germany,DEU,1023,1528,1930,8527,86998
China,CHN,Ghana,GHA,19,304,98,344,590
China,CHN,Greece,GRC,47,132,302,279,534
China,CHN,Greenland,GRL,2,7,8,8,7
China,CHN,Guadeloupe,GLP,18,21,55,128,115
China,CHN,Guam,GUM,45,244,120,1164,2715
China,CHN,Guatemala,GTM,1829,507,340,230,381
China,CHN,Guinea,GIN,29,43,64,39,83
China,CHN,Guyana,GUY,62,75,50,186,563
China,CHN,Haiti,HTI,21,16,21,28,38
China,CHN,Honduras,HND,213,97,125,270,434
China,CHN,"Hong Kong SAR, China",HKG,1562528,16823,1898285,1994591,2164744
China,CHN,Hungary,HUN,3185,14789,13676,11932,11379
China,CHN,India,IND,8480,5986,30673,17647,26
China,CHN,Indonesia,IDN,1723200,1084464,677790,419396,81323
China,CHN,Ireland,IRL,42,53,93,114,5330
China,CHN,Israel,ISR,1,1,1,14,32
China,CHN,Italy,ITA,905,4177,1517,30469,75109
China,CHN,Jamaica,JAM,2245,1558,580,2,125
China,CHN,Japan,JPN,52509,53719,52376,134823,335495
China,CHN,Kenya,KEN,158,1663,1328,939,30
China,CHN,"Korea, Dem. Rep.",PRK,18411,1066,22811,23538,20739
China,CHN,"Korea, Rep.",KOR,24723,26286,13876,8254,48165
China,CHN,Kuwait,KWT,6,10,10,690,651
China,CHN,Lao PDR,LAO,3608,3799,3994,4199,3991
China,CHN,Liberia,LBR,101,131,28,28,27
China,CHN,Libya,LBY,4,27,68,100,120
China,CHN,Luxembourg,LUX,6,9,30,180,1034
China,CHN,"Macao SAR, China",MAC,62104,24899,90156,168243,203877
China,CHN,"Macedonia, FYR",MKD,3,3,6,177,206
China,CHN,Madagascar,MDG,10399,5978,3841,4167,3767
China,CHN,Malawi,MWI,14,14,20,20,19
China,CHN,Malaysia,MYS,33563,411602,286332,147224,75458
China,CHN,Marshall Islands,MHL,5,6,7,9,40
China,CHN,Martinique,MTQ,16,52,48,93,112
China,CHN,Mauritius,MUS,2601,2672,729,833,19986
China,CHN,Mexico,MEX,5109,1873,1087,1179,1837
China,CHN,"Micronesia, Fed. Sts.",FSM,154,139,522,920,397
China,CHN,Monaco,MCO,6,13,42,52,62
China,CHN,Mongolia,MNG,1096,1340,1637,1999,2442
China,CHN,Morocco,MAR,7,2,1,1,1
China,CHN,Mozambique,MOZ,925,161,135,619,1982
China,CHN,Myanmar,MMR,128750,122471,87102,67087,45384
China,CHN,Namibia,NAM,43,69,111,177,170
China,CHN,Naura,NRU,103,60,242,478,818
China,CHN,Nepal,NPL,8063,1531,2563,62,1251
China,CHN,Netherlands,NLD,3,1478,4090,11785,26108
China,CHN,Netherlands Antilles,ANT,415,364,320,668,95
China,CHN,New Caledonia,NCL,36,79,92,80,82
China,CHN,New Zealand,NZL,4137,4083,4354,5367,38332
China,CHN,Nicaragua,NIC,21,35,40,43,51
China,CHN,Niger,NER,117,157,212,160,51
China,CHN,Nigeria,NGA,364,320,1892,552,925
China,CHN,Northern Mariana Islands,MNP,2,2,3,2747,15754
China,CHN,Norway,NOR,477,477,730,1889,3695
China,CHN,Pakistan,PAK,1058,1858,1491,1197,961
China,CHN,Palau,PLW,9,13,17,46,1040
China,CHN,Panama,PAN,2909,2306,1980,827,9433
China,CHN,Papua New Guinea,PNG,415,1022,241,187,140
China,CHN,Paraguay,PRY,4,13,299,1828,883
China,CHN,Peru,PER,5749,3729,1645,4019,3286
China,CHN,Philippines,PHL,196157,105959,37700,77055,125278
China,CHN,Poland,POL,20,17,217,415,701
China,CHN,Portugal,PRT,24,62,162,438,1973
China,CHN,Puerto Rico,PRI,32,93,134,358,1247
China,CHN,Reunion,REU,2064,792,31,42,62
China,CHN,Romania,ROU,3,3,2,1,2142
China,CHN,Rwanda,RWA,2,273,345,252,904
China,CHN,Samoa,WSM,10,40,64,62,73
China,CHN,Sao Tome and Principe,STP,1,1,1,1,1
China,CHN,Saudi Arabia,SAU,2,11,55,142,154
China,CHN,Senegal,SEN,35,23,24,45,44
China,CHN,Serbia and Montenegro,SCG,19,19,34,11,39
China,CHN,Seychelles,SYC,108,132,49,85,49
China,CHN,Sierra Leone,SLE,134,219,271,267,2
China,CHN,Singapore,SGP,278798,243677,218970,261396,348383
China,CHN,Slovak Republic,SVK,6,7,7,23,138
China,CHN,Solomon Islands,SLB,216,238,149,160,344
China,CHN,Somalia,SOM,11,113,247,33,7
China,CHN,South Africa,ZAF,2044,1937,1800,1177,5163
China,CHN,Sri Lanka,LKA,400,869,660,458,394
China,CHN,St. Kitts and Nevis,KNA,3,2,2,15,8
China,CHN,St. Lucia,LCA,11,6,2,22,40
China,CHN,St. Vincent and the Grenadines,VCT,5,4,4,20,32
China,CHN,Sudan,SDN,79,75,96,240,290
China,CHN,Suriname,SUR,759,863,856,1662,3086
China,CHN,Swaziland,SWZ,20,40,6,31,42
China,CHN,Sweden,SWE,513,290,1289,3480,8060
China,CHN,Switzerland,CHE,807,706,2114,1505,6600
China,CHN,Syrian Arab Republic,SYR,5,50,36,51,68
China,CHN,Tanzania,TZA,130,121,216,208,180
China,CHN,Thailand,THA,423268,286877,175389,137066,224153
China,CHN,Timor-Leste,TLS,189,219,203,236,245
China,CHN,Togo,TGO,166,237,249,260,268
China,CHN,Tonga,TON,1,7,44,88,50
China,CHN,Trinidad and Tobago,TTO,220,179,203,165,91
China,CHN,Tunisia,TUN,10,22,7,14,13
China,CHN,Turkey,TUR,6,11,13,24,1475
China,CHN,Tuvalu,TUV,46,23,22,21,14
China,CHN,Uganda,UGA,31,31,166,326,82
China,CHN,United Kingdom,GBR,11328,14293,17991,24817,94896
China,CHN,United States,USA,105384,220531,320005,574049,1016412
China,CHN,Uruguay,URY,252,209,151,155,22
China,CHN,Vanuatu,VUT,78,91,50,38,11
China,CHN,"Venezuela, RB",VEN,2847,2969,4809,6433,9992
China,CHN,Vietnam,VNM,2670,3027,1926,2870,8940
China,CHN,"Virgin Islands, British",VGB,1,7,8,2,2
China,CHN,West Bank and Gaza,PSE,3,3,4,5,8
China,CHN,"Yemen, Rep.",YEM,97,120,148,184,215
China,CHN,Zambia,ZMB,326,261,1054,256,232
China,CHN,Zimbabwe,ZWE,135,174,164,155,142
Colombia,COL,Antigua and Barbuda,ATG,17,24,17,11,31
Colombia,COL,Argentina,ARG,10601,5267,246,3026,4264
Colombia,COL,Aruba,ABW,1060,1003,948,1840,7047
Colombia,COL,Australia,AUS,58,175,384,2035,4321
Colombia,COL,Austria,AUT,175,68,171,511,573
Colombia,COL,"Bahamas, The",BHS,4,79,31,30,33
Colombia,COL,Barbados,BRB,42,108,186,69,79
Colombia,COL,Belgium,BEL,141,2,631,647,907
Colombia,COL,Bolivia,BOL,128,1023,1745,666,1275
Colombia,COL,Bosnia and Herzegovina,BIH,2,2,3,14,11
Colombia,COL,Brazil,BRA,771,877,1493,2208,4158
Colombia,COL,Bulgaria,BGR,3,3,3,3,14
Colombia,COL,Cameroon,CMR,30,34,27,11,9
Colombia,COL,Canada,CAN,5164,6549,8093,6534,17918
Colombia,COL,Cayman Islands,CYM,7,11,39,99,75
Colombia,COL,Chad,TCD,6,7,8,8,10
Colombia,COL,Chile,CHL,645,769,1021,1547,3907
Colombia,COL,China,CHN,2,3,3,19,130
Colombia,COL,"Congo, Dem. Rep.",COD,24,42,25,18,14
Colombia,COL,Costa Rica,CRI,763,581,1025,2755,5903
Colombia,COL,Cuba,CUB,256,231,144,104,172
Colombia,COL,Cyprus,CYP,2,6,10,14,56
Colombia,COL,Denmark,DNK,81,91,166,875,2078
Colombia,COL,Dominica,DMA,13,7,1,1,2
Colombia,COL,Dominican Republic,DOM,486,1693,2837,4160,5727
Colombia,COL,Ecuador,ECU,12586,23428,36461,40042,50510
Colombia,COL,"Egypt, Arab Rep.",EGY,2,10,18,23,67
Colombia,COL,El Salvador,SLV,172,214,242,259,435
Colombia,COL,Faeroe Islands,FRO,7,9,13,14,5
Colombia,COL,Finland,FIN,23,98,189,140,421
Colombia,COL,France,FRA,10629,1063,2887,8163,17931
Colombia,COL,French Guiana,GUF,9,33,65,151,231
Colombia,COL,Germany,DEU,875,1567,814,2506,11667
Colombia,COL,Greece,GRC,34,97,175,363,211
Colombia,COL,Grenada,GRD,15,8,1,17,33
Colombia,COL,Guadeloupe,GLP,3,9,17,38,34
Colombia,COL,Guatemala,GTM,481,422,416,472,719
Colombia,COL,Guyana,GUY,1180,686,68,58,133
Colombia,COL,Haiti,HTI,8,20,25,34,46
Colombia,COL,Honduras,HND,831,378,486,1053,636
Colombia,COL,Hungary,HUN,39,181,168,146,139
Colombia,COL,Indonesia,IDN,9,5,5,7,6
Colombia,COL,Ireland,IRL,47,59,105,76,131
Colombia,COL,Israel,ISR,61,72,68,887,2026
Colombia,COL,Italy,ITA,669,4095,256,10234,15042
Colombia,COL,Japan,JPN,2,31,70,406,1929
Colombia,COL,Jordan,JOR,5,2,1,10,25
Colombia,COL,Luxembourg,LUX,5,7,25,150,166
Colombia,COL,"Macedonia, FYR",MKD,3,3,5,138,161
Colombia,COL,Martinique,MTQ,4,23,18,36,43
Colombia,COL,Mexico,MEX,15,1231,3268,4754,6217
Colombia,COL,Myanmar,MMR,10,10,6,2,2
Colombia,COL,Namibia,NAM,2,3,6,9,9
Colombia,COL,Netherlands,NLD,3,700,1937,5583,9686
Colombia,COL,Netherlands Antilles,ANT,1618,1421,1248,556,2595
Colombia,COL,Nicaragua,NIC,113,190,214,229,274
Colombia,COL,Niger,NER,4,5,7,5,1
Colombia,COL,Nigeria,NGA,12,16,119,41,68
Colombia,COL,Norway,NOR,19,55,391,1642,3298
Colombia,COL,Panama,PAN,14796,14728,12267,15791,21845
Colombia,COL,Paraguay,PRY,618,41,313,1397,323
Colombia,COL,Peru,PER,864,1441,1918,2495,2040
Colombia,COL,Philippines,PHL,4,24,16,178,64
Colombia,COL,Portugal,PRT,2,5,12,95,313
Colombia,COL,Puerto Rico,PRI,338,997,1432,874,1507
Colombia,COL,Senegal,SEN,16,11,11,21,20
Colombia,COL,Serbia and Montenegro,SCG,16,16,28,55,204
Colombia,COL,Singapore,SGP,7,3,9,22,82
Colombia,COL,South Africa,ZAF,6,11,17,18,251
Colombia,COL,Spain,ESP,963,1624,2781,9834,140748
Colombia,COL,St. Lucia,LCA,13,8,2,27,14
Colombia,COL,Sudan,SDN,3,3,4,39,47
Colombia,COL,Suriname,SUR,9,6,4,5,7
Colombia,COL,Sweden,SWE,72,162,669,4139,7236
Colombia,COL,Switzerland,CHE,597,756,415,2773,3185
Colombia,COL,Tanzania,TZA,23,21,8,8,19
Colombia,COL,Togo,TGO,5,8,8,8,9
Colombia,COL,Trinidad and Tobago,TTO,266,217,245,199,110
Colombia,COL,Turkey,TUR,7,13,16,28,48
Colombia,COL,United Kingdom,GBR,891,50,3531,4496,9927
Colombia,COL,United States,USA,13898,82450,167474,323838,533019
Colombia,COL,Uruguay,URY,4775,3957,2856,2929,347
Colombia,COL,"Venezuela, RB",VEN,97349,173628,455590,553872,617744
Colombia,COL,West Bank and Gaza,PSE,3,4,5,6,10
Colombia,COL,"Yemen, Rep.",YEM,2,2,3,3,4
Comoros,COM,Austria,AUT,10,7,12,21,2
Comoros,COM,Belgium,BEL,9,13,9,84,84
Comoros,COM,Benin,BEN,1,2,2,3,5
Comoros,COM,Burundi,BDI,11,8,7,59,47
Comoros,COM,Cameroon,CMR,3,4,3,152,128
Comoros,COM,Canada,CAN,4,23,43,12,53
Comoros,COM,Central African Republic,CAF,59,32,70,38,12
Comoros,COM,Chad,TCD,17,19,21,23,27
Comoros,COM,"Congo, Dem. Rep.",COD,37,6322,3976,2748,2250
Comoros,COM,"Congo, Rep.",COG,57,95,15,24,4
Comoros,COM,Cote d'Ivoire,CIV,3,5,6,1,45
Comoros,COM,Djibouti,DJI,16,30,60,95,122
Comoros,COM,"Egypt, Arab Rep.",EGY,17,38,61,330,443
Comoros,COM,Eritrea,ERI,6,291,49,105,235
Comoros,COM,Ethiopia,ETH,1095,1041,1095,1151,1210
Comoros,COM,France,FRA,274,658,6817,11600,463
Comoros,COM,Gabon,GAB,292,67,37,9,13
Comoros,COM,"Gambia, The",GMB,4,34,22,84,121
Comoros,COM,Germany,DEU,49,55,48,31,1154
Comoros,COM,Hungary,HUN,1,8,7,6,6
Comoros,COM,India,IND,26,108,31,49,54
Comoros,COM,Indonesia,IDN,2,1,1,1,48
Comoros,COM,Ireland,IRL,1,2,3,3,1
Comoros,COM,Italy,ITA,39,60,256,413,11
Comoros,COM,Madagascar,MDG,44875,25797,57,8162,7378
Comoros,COM,Mayotte,MYT,923,1953,4134,10691,29800
Comoros,COM,Morocco,MAR,8,2,1,1,1
Comoros,COM,Pakistan,PAK,2,7,5,4,3
Comoros,COM,Somalia,SOM,9,427,84,161,450
Comoros,COM,South Africa,ZAF,2,11,21,23,84
Comoros,COM,Sudan,SDN,1656,1580,2027,2853,3442
Comoros,COM,Switzerland,CHE,35,10,45,35,6
Comoros,COM,Tanzania,TZA,14,13,41,118,527
Comoros,COM,Uganda,UGA,74,74,67,67,100
Comoros,COM,United Kingdom,GBR,32,115,231,17,4902
Comoros,COM,United States,USA,8,19,233,41,501
Comoros,COM,Zimbabwe,ZWE,50,64,60,57,52
"Congo, Dem. Rep.",COD,Afghanistan,AFG,1,5,3,5,8
"Congo, Dem. Rep.",COD,Angola,AGO,10473,4174,1663,1826,2876
"Congo, Dem. Rep.",COD,Australia,AUS,15,41,121,247,267
"Congo, Dem. Rep.",COD,Austria,AUT,103,69,121,220,192
"Congo, Dem. Rep.",COD,Bangladesh,BGD,2,12,13,14,16
"Congo, Dem. Rep.",COD,Belgium,BEL,90,5350,8815,11757,11774
"Congo, Dem. Rep.",COD,Benin,BEN,1,2,2,3,5
"Congo, Dem. Rep.",COD,Botswana,BWA,61,54,5,140,1156
"Congo, Dem. Rep.",COD,Brazil,BRA,39,10,22,69,78
"Congo, Dem. Rep.",COD,Bulgaria,BGR,3,3,3,3,16
"Congo, Dem. Rep.",COD,Burundi,BDI,25374,20351,16323,16298,13072
"Congo, Dem. Rep.",COD,Cameroon,CMR,237,266,212,18270,15382
"Congo, Dem. Rep.",COD,Canada,CAN,152,864,1608,1182,9911
"Congo, Dem. Rep.",COD,Central African Republic,CAF,7506,4140,8938,15098,4724
"Congo, Dem. Rep.",COD,Chad,TCD,272,301,333,368,417
"Congo, Dem. Rep.",COD,Comoros,COM,2,4,15,24,24
"Congo, Dem. Rep.",COD,"Congo, Rep.",COG,9507,15994,44995,74665,13781
"Congo, Dem. Rep.",COD,Cote d'Ivoire,CIV,3,5,6,2,9
"Congo, Dem. Rep.",COD,Cyprus,CYP,17,58,99,141,311
"Congo, Dem. Rep.",COD,Czech Republic,CZE,1,2,2,12,33
"Congo, Dem. Rep.",COD,Djibouti,DJI,255,464,935,1466,1883
"Congo, Dem. Rep.",COD,"Egypt, Arab Rep.",EGY,2,17,34,2,102
"Congo, Dem. Rep.",COD,Equatorial Guinea,GNQ,3,8,41,21,35
"Congo, Dem. Rep.",COD,Eritrea,ERI,46,945,510,1026,1335
"Congo, Dem. Rep.",COD,Ethiopia,ETH,5591,5318,5591,5878,6179
"Congo, Dem. Rep.",COD,France,FRA,1503,3602,9215,25860,2535
"Congo, Dem. Rep.",COD,Gabon,GAB,1660,1093,1646,2765,4208
"Congo, Dem. Rep.",COD,"Gambia, The",GMB,25,185,133,433,626
"Congo, Dem. Rep.",COD,Germany,DEU,496,559,487,1130,11877
"Congo, Dem. Rep.",COD,Greece,GRC,20,279,88,527,107
"Congo, Dem. Rep.",COD,Hungary,HUN,8,30,27,24,23
"Congo, Dem. Rep.",COD,India,IND,358,1461,425,663,730
"Congo, Dem. Rep.",COD,Indonesia,IDN,15,10,10,12,11
"Congo, Dem. Rep.",COD,Ireland,IRL,7,9,15,18,88
"Congo, Dem. Rep.",COD,Italy,ITA,393,602,2634,4249,2038
"Congo, Dem. Rep.",COD,Kenya,KEN,572,477,860,1275,4108
"Congo, Dem. Rep.",COD,Lesotho,LSO,5,10,15,22,138
"Congo, Dem. Rep.",COD,Luxembourg,LUX,2,3,11,63,568
"Congo, Dem. Rep.",COD,"Macedonia, FYR",MKD,1,1,2,55,64
"Congo, Dem. Rep.",COD,Madagascar,MDG,196,113,301,65,58
"Congo, Dem. Rep.",COD,Malawi,MWI,18,18,2751,2703,2655
"Congo, Dem. Rep.",COD,Mauritius,MUS,4,4,19,15,15
"Congo, Dem. Rep.",COD,Mayotte,MYT,24,52,110,284,566
"Congo, Dem. Rep.",COD,Monaco,MCO,2,2,15,18,22
"Congo, Dem. Rep.",COD,Myanmar,MMR,19,18,11,4,3
"Congo, Dem. Rep.",COD,Namibia,NAM,23,36,58,93,89
"Congo, Dem. Rep.",COD,Netherlands,NLD,1,162,448,1292,5283
"Congo, Dem. Rep.",COD,New Zealand,NZL,1,4,12,10,59
"Congo, Dem. Rep.",COD,Nicaragua,NIC,8,14,15,16,20
"Congo, Dem. Rep.",COD,Pakistan,PAK,28,89,72,57,46
"Congo, Dem. Rep.",COD,Peru,PER,1,2,2,103,84
"Congo, Dem. Rep.",COD,Philippines,PHL,7,439,28,6,22
"Congo, Dem. Rep.",COD,Poland,POL,2,2,12,22,37
"Congo, Dem. Rep.",COD,Portugal,PRT,243,634,1658,1560,1660
"Congo, Dem. Rep.",COD,Sao Tome and Principe,STP,4,4,4,4,4
"Congo, Dem. Rep.",COD,Serbia and Montenegro,SCG,6,6,11,4,13
"Congo, Dem. Rep.",COD,Seychelles,SYC,5,8,7,1,24
"Congo, Dem. Rep.",COD,Somalia,SOM,68,1387,872,1573,2561
"Congo, Dem. Rep.",COD,South Africa,ZAF,865,977,1079,2223,3827
"Congo, Dem. Rep.",COD,Sudan,SDN,26018,24823,31842,44439,53612
"Congo, Dem. Rep.",COD,Swaziland,SWZ,16,33,37,67,101
"Congo, Dem. Rep.",COD,Switzerland,CHE,350,96,456,357,4356
"Congo, Dem. Rep.",COD,Tanzania,TZA,829,768,8525,9137,24039
"Congo, Dem. Rep.",COD,Uganda,UGA,151662,151390,102140,62412,86624
"Congo, Dem. Rep.",COD,United Kingdom,GBR,172,629,1265,94,6532
"Congo, Dem. Rep.",COD,United States,USA,217,486,2367,4636,12960
"Congo, Dem. Rep.",COD,"Venezuela, RB",VEN,3,2,13,8,8
"Congo, Dem. Rep.",COD,Zambia,ZMB,8467,6785,23012,18347,16601
"Congo, Dem. Rep.",COD,Zimbabwe,ZWE,161,208,196,185,170
"Congo, Rep.",COG,Angola,AGO,2887,1151,459,503,793
"Congo, Rep.",COG,Australia,AUS,6,16,48,41,133
"Congo, Rep.",COG,Austria,AUT,26,17,30,55,407
"Congo, Rep.",COG,Belgium,BEL,23,33,221,214,216
"Congo, Rep.",COG,Benin,BEN,19,25,32,42,72
"Congo, Rep.",COG,Botswana,BWA,33,30,3,76,14
"Congo, Rep.",COG,Brazil,BRA,13,3,7,23,26
"Congo, Rep.",COG,Bulgaria,BGR,9,10,10,10,46
"Congo, Rep.",COG,Burkina Faso,BFA,8,12,23,230,58
"Congo, Rep.",COG,Burundi,BDI,8,6,5,42,34
"Congo, Rep.",COG,Cameroon,CMR,1925,2166,1725,849,714
"Congo, Rep.",COG,Canada,CAN,14,81,151,167,292
"Congo, Rep.",COG,Central African Republic,CAF,1047,577,1247,1042,326
"Congo, Rep.",COG,Chad,TCD,530,586,647,715,810
"Congo, Rep.",COG,"Congo, Dem. Rep.",COD,2,8118,5108,3530,2890
"Congo, Rep.",COG,Cote d'Ivoire,CIV,44,68,87,23,570
"Congo, Rep.",COG,Cyprus,CYP,321,267,211,156,4
"Congo, Rep.",COG,Czech Republic,CZE,2,2,2,13,66
"Congo, Rep.",COG,Djibouti,DJI,12,22,43,68,87
"Congo, Rep.",COG,"Egypt, Arab Rep.",EGY,2,10,20,1,27
"Congo, Rep.",COG,Eritrea,ERI,7,93,72,62,3
"Congo, Rep.",COG,Ethiopia,ETH,1401,1333,1401,1473,1549
"Congo, Rep.",COG,France,FRA,762,1827,13834,20657,1286
"Congo, Rep.",COG,Gabon,GAB,375,1343,2573,4787,7284
"Congo, Rep.",COG,"Gambia, The",GMB,5,43,28,107,155
"Congo, Rep.",COG,Germany,DEU,125,140,124,173,2956
"Congo, Rep.",COG,Ghana,GHA,37,266,140,1817,3493
"Congo, Rep.",COG,Greece,GRC,5,69,22,29,222
"Congo, Rep.",COG,Guadeloupe,GLP,1,1,4,9,8
"Congo, Rep.",COG,Hungary,HUN,15,56,51,45,43
"Congo, Rep.",COG,India,IND,53,217,63,98,108
"Congo, Rep.",COG,Ireland,IRL,3,4,8,9,990
"Congo, Rep.",COG,Israel,ISR,3,4,5,35,76
"Congo, Rep.",COG,Italy,ITA,100,153,656,1057,3298
"Congo, Rep.",COG,Lesotho,LSO,3,6,8,12,76
"Congo, Rep.",COG,Madagascar,MDG,54,31,73,14,12
"Congo, Rep.",COG,Malawi,MWI,9,8,1338,1315,1292
"Congo, Rep.",COG,Mali,MLI,58,57,56,55,4093
"Congo, Rep.",COG,Martinique,MTQ,1,2,2,4,5
"Congo, Rep.",COG,Mauritius,MUS,2,2,11,8,8
"Congo, Rep.",COG,Mayotte,MYT,1,2,5,13,26
"Congo, Rep.",COG,Namibia,NAM,12,20,32,51,49
"Congo, Rep.",COG,Nicaragua,NIC,3,5,5,6,7
"Congo, Rep.",COG,Norway,NOR,2,56,20,166,307
"Congo, Rep.",COG,Pakistan,PAK,4,13,11,9,7
"Congo, Rep.",COG,Poland,POL,2,2,16,31,52
"Congo, Rep.",COG,Portugal,PRT,51,134,350,304,1543
"Congo, Rep.",COG,Sao Tome and Principe,STP,7,6,6,6,6
"Congo, Rep.",COG,Senegal,SEN,22,14,15,28,28
"Congo, Rep.",COG,Serbia and Montenegro,SCG,3,3,6,2,7
"Congo, Rep.",COG,Seychelles,SYC,3,4,4,3,15
"Congo, Rep.",COG,Sierra Leone,SLE,16,26,33,32,1
"Congo, Rep.",COG,Somalia,SOM,10,137,123,96,5
"Congo, Rep.",COG,South Africa,ZAF,16,396,782,2940,7316
"Congo, Rep.",COG,Sudan,SDN,1198,1143,1466,2056,2481
"Congo, Rep.",COG,Swaziland,SWZ,8,16,18,32,49
"Congo, Rep.",COG,Sweden,SWE,26,15,34,64,158
"Congo, Rep.",COG,Switzerland,CHE,89,24,115,91,627
"Congo, Rep.",COG,Tanzania,TZA,17807,16504,29,86,22
"Congo, Rep.",COG,Togo,TGO,1,2,2,2,2
"Congo, Rep.",COG,Uganda,UGA,53,53,48,48,72
"Congo, Rep.",COG,United Kingdom,GBR,87,319,642,48,3314
"Congo, Rep.",COG,United States,USA,27,60,350,522,1611
"Congo, Rep.",COG,Zambia,ZMB,22650,18150,105,117,106
"Congo, Rep.",COG,Zimbabwe,ZWE,4569,5890,5555,5239,4819
Cook Islands,COK,American Samoa,ASM,8,7,8,65,88
Cook Islands,COK,Australia,AUS,13,78,49,2218,4682
Cook Islands,COK,Fiji,FJI,45,130,228,279,325
Cook Islands,COK,French Polynesia,PYF,2,2,3,193,24
Cook Islands,COK,Guam,GUM,11,81,1,31,50
Cook Islands,COK,India,IND,9,18,3,262,88
Cook Islands,COK,Kiribati,KIR,16,12,10,66,3
Cook Islands,COK,"Micronesia, Fed. Sts.",FSM,21,19,14,8,12
Cook Islands,COK,New Caledonia,NCL,2,14,12,17,27
Cook Islands,COK,New Zealand,NZL,3328,7346,14568,17009,15244
Cook Islands,COK,Niue,NIU,20,25,12,6,5
Cook Islands,COK,Pakistan,PAK,3,9,7,6,5
Cook Islands,COK,Palau,PLW,2,3,4,17,30
Cook Islands,COK,Papua New Guinea,PNG,13,33,31,24,18
Cook Islands,COK,Samoa,WSM,43,98,83,5,17
Cook Islands,COK,Solomon Islands,SLB,47,52,104,12,29
Cook Islands,COK,Tuvalu,TUV,11,2,2,2,1
Cook Islands,COK,United States,USA,2,6,173,35,226
Cook Islands,COK,Vanuatu,VUT,21,24,72,20,62
Cook Islands,COK,"Yemen, Rep.",YEM,4,4,6,7,8
Costa Rica,CRI,Antigua and Barbuda,ATG,1,2,3,4,4
Costa Rica,CRI,Argentina,ARG,61,30,1,462,358
Costa Rica,CRI,Australia,AUS,4,13,26,228,293
Costa Rica,CRI,Austria,AUT,2,27,2,6,62
Costa Rica,CRI,"Bahamas, The",BHS,3,65,9,11,12
Costa Rica,CRI,Belgium,BEL,2,12,46,9,12
Costa Rica,CRI,Bolivia,BOL,12,11,10,78,133
Costa Rica,CRI,Brazil,BRA,145,151,324,385,238
Costa Rica,CRI,Cameroon,CMR,2,2,2,5,4
Costa Rica,CRI,Canada,CAN,66,710,1381,761,2531
Costa Rica,CRI,Cayman Islands,CYM,3,5,19,120,6
Costa Rica,CRI,Chile,CHL,91,102,203,426,455
Costa Rica,CRI,Colombia,COL,348,414,420,446,844
Costa Rica,CRI,Croatia,HRV,4,4,7,7,1
Costa Rica,CRI,Cuba,CUB,15,14,8,5,6
Costa Rica,CRI,Denmark,DNK,3,4,34,46,94
Costa Rica,CRI,Dominican Republic,DOM,39,464,875,1343,1893
Costa Rica,CRI,Ecuador,ECU,5,9,14,15,318
Costa Rica,CRI,El Salvador,SLV,935,587,767,892,660
Costa Rica,CRI,France,FRA,454,45,34,29,766
Costa Rica,CRI,Germany,DEU,31,20,23,360,142
Costa Rica,CRI,Guatemala,GTM,8846,879,750,731,723
Costa Rica,CRI,Honduras,HND,339,171,236,539,626
Costa Rica,CRI,Hungary,HUN,5,24,22,19,18
Costa Rica,CRI,Indonesia,IDN,31,20,20,24,22
Costa Rica,CRI,Ireland,IRL,2,3,4,3,12
Costa Rica,CRI,Israel,ISR,2,2,2,31,70
Costa Rica,CRI,Italy,ITA,9,50,10,14,511
Costa Rica,CRI,Jamaica,JAM,9,129,72,55,12
Costa Rica,CRI,Mexico,MEX,1149,1026,1872,1832,2181
Costa Rica,CRI,Myanmar,MMR,38,36,21,8,7
Costa Rica,CRI,Netherlands Antilles,ANT,12,10,9,3,14
Costa Rica,CRI,Nicaragua,NIC,2247,3791,4261,4570,5469
Costa Rica,CRI,Panama,PAN,5811,4784,3241,4610,4735
Costa Rica,CRI,Peru,PER,118,162,197,226,185
Costa Rica,CRI,Philippines,PHL,14,784,57,33,73
Costa Rica,CRI,Puerto Rico,PRI,3,9,13,494,121
Costa Rica,CRI,Serbia and Montenegro,SCG,1,1,2,1,4
Costa Rica,CRI,Spain,ESP,41,69,118,686,1161
Costa Rica,CRI,Sudan,SDN,2,1,2,5,6
Costa Rica,CRI,Tanzania,TZA,11,10,2,2,5
Costa Rica,CRI,Trinidad and Tobago,TTO,21,17,20,16,9
Costa Rica,CRI,United States,USA,5794,19697,34220,51520,76623
Costa Rica,CRI,Uruguay,URY,28,23,17,17,39
Costa Rica,CRI,"Venezuela, RB",VEN,733,1306,1611,1657,1179
Costa Rica,CRI,Virgin Islands (U.S.),VIR,2,1,6,24,22
Cote d'Ivoire,CIV,Australia,AUS,3,8,22,23,74
Cote d'Ivoire,CIV,Austria,AUT,55,37,65,118,84
Cote d'Ivoire,CIV,Bangladesh,BGD,2,12,13,14,15
Cote d'Ivoire,CIV,Belgium,BEL,48,70,567,369,575
Cote d'Ivoire,CIV,Benin,BEN,67,87,113,149,256
Cote d'Ivoire,CIV,Brazil,BRA,12,3,7,22,25
Cote d'Ivoire,CIV,Burkina Faso,BFA,29146,41361,78945,184497,418038
Cote d'Ivoire,CIV,Cameroon,CMR,309,347,276,9,8
Cote d'Ivoire,CIV,Canada,CAN,49,273,508,184,1812
Cote d'Ivoire,CIV,Cape Verde,CPV,29,32,36,5,6
Cote d'Ivoire,CIV,"Egypt, Arab Rep.",EGY,5,26,49,3,213
Cote d'Ivoire,CIV,Ethiopia,ETH,33,32,33,35,37
Cote d'Ivoire,CIV,France,FRA,882,2115,19824,32769,1489
Cote d'Ivoire,CIV,Gabon,GAB,9,282,563,1063,1617
Cote d'Ivoire,CIV,Germany,DEU,267,300,263,351,6356
Cote d'Ivoire,CIV,Ghana,GHA,32061,16290,2832,3892,4952
Cote d'Ivoire,CIV,Greece,GRC,11,149,48,122,69
Cote d'Ivoire,CIV,Guinea,GIN,185,277,413,546,1525
Cote d'Ivoire,CIV,Guinea-Bissau,GNB,11,12,12,28,27
Cote d'Ivoire,CIV,Hungary,HUN,2,6,6,5,5
Cote d'Ivoire,CIV,India,IND,350,1430,416,649,714
Cote d'Ivoire,CIV,Ireland,IRL,4,5,9,11,89
Cote d'Ivoire,CIV,Italy,ITA,212,324,1410,2273,12381
Cote d'Ivoire,CIV,Liberia,LBR,1037,1502,2509,2509,2386
Cote d'Ivoire,CIV,Libya,LBY,1,1,3,4,5
Cote d'Ivoire,CIV,Luxembourg,LUX,1,2,6,37,40
Cote d'Ivoire,CIV,Mali,MLI,57434,56380,55346,54331,74193
Cote d'Ivoire,CIV,Mauritania,MRT,7,11,19,188,208
Cote d'Ivoire,CIV,Monaco,MCO,1,6,9,11,13
Cote d'Ivoire,CIV,Niger,NER,139,187,252,824,1555
Cote d'Ivoire,CIV,Nigeria,NGA,13,445,4542,1757,2945
Cote d'Ivoire,CIV,Norway,NOR,3,4,19,72,125
Cote d'Ivoire,CIV,Pakistan,PAK,28,87,70,56,45
Cote d'Ivoire,CIV,Senegal,SEN,1583,1019,1075,2005,1977
Cote d'Ivoire,CIV,Serbia and Montenegro,SCG,4,4,7,2,8
Cote d'Ivoire,CIV,Sierra Leone,SLE,35,58,71,70,350
Cote d'Ivoire,CIV,South Africa,ZAF,3,22,42,46,483
Cote d'Ivoire,CIV,Sudan,SDN,88,84,108,151,182
Cote d'Ivoire,CIV,Switzerland,CHE,189,52,245,193,940
Cote d'Ivoire,CIV,Togo,TGO,65,93,98,103,106
Cote d'Ivoire,CIV,Uganda,UGA,4,4,27,55,5
Cote d'Ivoire,CIV,United Kingdom,GBR,101,369,743,55,3853
Cote d'Ivoire,CIV,United States,USA,84,189,994,1728,5034
Cote d'Ivoire,CIV,Zimbabwe,ZWE,99,128,121,114,105
Croatia,HRV,Albania,ALB,8,9,10,11,13
Croatia,HRV,Algeria,DZA,24,10,8,6,5
Croatia,HRV,Angola,AGO,61,24,10,11,17
Croatia,HRV,Argentina,ARG,13131,10132,7708,4838,2260
Croatia,HRV,Australia,AUS,13739,23671,41224,44691,51426
Croatia,HRV,Austria,AUT,9237,51570,162,57709,85547
Croatia,HRV,Belgium,BEL,884,870,1343,1259,1688
Croatia,HRV,Benin,BEN,2,3,4,5,9
Croatia,HRV,Bermuda,BMU,5,8,6,8,10
Croatia,HRV,Bolivia,BOL,223,125,42,10,65
Croatia,HRV,Bosnia and Herzegovina,BIH,2,2,4,17,14
Croatia,HRV,Brazil,BRA,5138,3810,3142,2058,1308
Croatia,HRV,Bulgaria,BGR,16,16,17,17,78
Croatia,HRV,Cameroon,CMR,10,11,9,13,11
Croatia,HRV,Canada,CAN,13243,10805,8524,27113,38533
Croatia,HRV,Cape Verde,CPV,6,6,7,8,10
Croatia,HRV,Chile,CHL,1291,839,558,380,373
Croatia,HRV,Colombia,COL,60,60,50,42,53
Croatia,HRV,"Congo, Dem. Rep.",COD,17,5,2,2,1
Croatia,HRV,Costa Rica,CRI,13,3,9,16,29
Croatia,HRV,Cote d'Ivoire,CIV,20,31,40,15,13
Croatia,HRV,Cyprus,CYP,11,28,46,63,39
Croatia,HRV,Czech Republic,CZE,255,282,312,2202,1709
Croatia,HRV,Denmark,DNK,36,14,168,229,917
Croatia,HRV,Ecuador,ECU,20,37,57,61,41
Croatia,HRV,Fiji,FJI,128,68,11,4,4
Croatia,HRV,Finland,FIN,2,10,19,26,836
Croatia,HRV,France,FRA,4759,1713,5634,5476,8029
Croatia,HRV,Germany,DEU,12700,89269,132571,115671,224721
Croatia,HRV,Ghana,GHA,7,15,5,17,29
Croatia,HRV,Greece,GRC,161,36,524,187,214
Croatia,HRV,Guatemala,GTM,6,15,12,11,6
Croatia,HRV,Guinea,GIN,9,13,20,7,9
Croatia,HRV,Guyana,GUY,28,16,2,1,3
Croatia,HRV,Honduras,HND,4,2,2,5,6
Croatia,HRV,Hungary,HUN,3054,2021,1651,1375,1280
Croatia,HRV,India,IND,73,59,16,469,74
Croatia,HRV,Ireland,IRL,22,27,49,44,546
Croatia,HRV,Israel,ISR,3,4,4,21,45
Croatia,HRV,Italy,ITA,8072,4851,5109,11050,29209
Croatia,HRV,Jordan,JOR,7,3,2,12,25
Croatia,HRV,Luxembourg,LUX,8,9,42,61,288
Croatia,HRV,"Macedonia, FYR",MKD,3,3,6,3863,4489
Croatia,HRV,Malawi,MWI,4,4,8,8,8
Croatia,HRV,Mexico,MEX,102,107,11,48,57
Croatia,HRV,Monaco,MCO,2,6,16,20,23
Croatia,HRV,Mozambique,MOZ,4,5,23,43,45
Croatia,HRV,Namibia,NAM,13,20,32,52,49
Croatia,HRV,Netherlands,NLD,307,82,68,44,154
Croatia,HRV,New Caledonia,NCL,10,13,9,13,20
Croatia,HRV,New Zealand,NZL,1299,1400,1187,1116,2274
Croatia,HRV,Nicaragua,NIC,2,4,4,4,5
Croatia,HRV,Niger,NER,13,18,24,18,6
Croatia,HRV,Nigeria,NGA,42,28,130,29,49
Croatia,HRV,Norway,NOR,13,3,3,7,1455
Croatia,HRV,Pakistan,PAK,5,17,14,11,9
Croatia,HRV,Panama,PAN,94,66,46,55,48
Croatia,HRV,Peru,PER,320,293,255,198,162
Croatia,HRV,Poland,POL,4369,3762,2655,1777,1045
Croatia,HRV,Portugal,PRT,1,3,8,14,29
Croatia,HRV,Romania,ROU,2848,2443,1724,1229,1592
Croatia,HRV,Senegal,SEN,5,3,3,6,6
Croatia,HRV,Serbia and Montenegro,SCG,19,19,35,24,88
Croatia,HRV,Slovak Republic,SVK,101,112,123,381,271
Croatia,HRV,Slovenia,SVN,390,397,710,49399,48609
Croatia,HRV,South Africa,ZAF,809,1134,1453,857,1684
Croatia,HRV,Spain,ESP,21,35,60,59,835
Croatia,HRV,Sudan,SDN,2,1,2,6,8
Croatia,HRV,Sweden,SWE,60,1336,445,1934,5171
Croatia,HRV,Switzerland,CHE,2722,3074,9649,18244,45025
Croatia,HRV,Tanzania,TZA,13,12,4,4,8
Croatia,HRV,Togo,TGO,19,27,29,30,31
Croatia,HRV,Tunisia,TUN,4,67,3,6,6
Croatia,HRV,Turkey,TUR,380,317,228,276,224
Croatia,HRV,United Kingdom,GBR,1078,1646,1112,1108,27
Croatia,HRV,United States,USA,32940,34608,32004,28436,58970
Croatia,HRV,Uruguay,URY,877,726,524,335,43
Croatia,HRV,Vanuatu,VUT,4,5,4,2,2
Croatia,HRV,"Venezuela, RB",VEN,224,727,587,505,351
Croatia,HRV,West Bank and Gaza,PSE,2,2,2,3,5
Croatia,HRV,"Yemen, Rep.",YEM,1,1,2,2,2
Croatia,HRV,Zambia,ZMB,1240,993,71,11,10
Croatia,HRV,Zimbabwe,ZWE,83,107,101,95,87
Cuba,CUB,Andorra,AND,2,13,3,6,8
Cuba,CUB,Anguilla,AIA,16,28,40,62,107
Cuba,CUB,Antigua and Barbuda,ATG,5,7,9,13,12
Cuba,CUB,Argentina,ARG,315,157,7,1431,2495
Cuba,CUB,Aruba,ABW,154,146,138,65,88
Cuba,CUB,Australia,AUS,5,2,36,349,405
Cuba,CUB,Austria,AUT,59,700,15,163,365
Cuba,CUB,"Bahamas, The",BHS,99,179,83,54,60
Cuba,CUB,Barbados,BRB,111,75,49,70,80
Cuba,CUB,Belgium,BEL,46,311,63,240,320
Cuba,CUB,Benin,BEN,2,2,3,4,7
Cuba,CUB,Bermuda,BMU,93,349,311,24,8
Cuba,CUB,Bolivia,BOL,27,41,52,81,475
Cuba,CUB,Bosnia and Herzegovina,BIH,2,2,4,18,14
Cuba,CUB,Brazil,BRA,602,467,573,439,1342
Cuba,CUB,Bulgaria,BGR,63,66,68,67,313
Cuba,CUB,Cameroon,CMR,2,2,2,5,5
Cuba,CUB,Canada,CAN,988,10577,20584,1718,5257
Cuba,CUB,Cayman Islands,CYM,39,65,235,317,197
Cuba,CUB,Chile,CHL,227,234,259,516,2981
Cuba,CUB,Colombia,COL,1158,1106,853,628,1462
Cuba,CUB,"Congo, Dem. Rep.",COD,13,445,280,193,158
Cuba,CUB,Costa Rica,CRI,665,486,2129,2838,4324
Cuba,CUB,Cote d'Ivoire,CIV,5,7,9,26,3
Cuba,CUB,Cyprus,CYP,6,20,34,48,18
Cuba,CUB,Czech Republic,CZE,3,3,4,26,504
Cuba,CUB,Denmark,DNK,54,38,15,37,207
Cuba,CUB,Dominica,DMA,35,24,14,16,23
Cuba,CUB,Dominican Republic,DOM,680,2440,4109,6038,8321
Cuba,CUB,Ecuador,ECU,25,46,72,77,1023
Cuba,CUB,El Salvador,SLV,231,161,103,57,97
Cuba,CUB,Ethiopia,ETH,8,8,8,8,9
Cuba,CUB,Finland,FIN,12,59,115,32,156
Cuba,CUB,France,FRA,7085,708,524,453,11952
Cuba,CUB,French Guiana,GUF,1,4,8,18,28
Cuba,CUB,Gabon,GAB,2,4,8,14,21
Cuba,CUB,Germany,DEU,272,506,242,270,3725
Cuba,CUB,Greece,GRC,12,32,58,658,117
Cuba,CUB,Greenland,GRL,3,7,9,8,7
Cuba,CUB,Grenada,GRD,40,23,6,46,86
Cuba,CUB,Guadeloupe,GLP,15,25,58,131,118
Cuba,CUB,Guatemala,GTM,603,469,272,419,413
Cuba,CUB,Guinea,GIN,30,45,67,26,37
Cuba,CUB,Guinea-Bissau,GNB,3,3,3,7,6
Cuba,CUB,Guyana,GUY,35,103,103,28,4
Cuba,CUB,Haiti,HTI,2343,2318,2936,3974,5379
Cuba,CUB,Honduras,HND,205,93,120,260,445
Cuba,CUB,Hungary,HUN,90,416,384,335,320
Cuba,CUB,India,IND,15,22,1,37,34
Cuba,CUB,Indonesia,IDN,7,5,5,6,5
Cuba,CUB,Ireland,IRL,19,25,44,31,132
Cuba,CUB,Israel,ISR,2,2,2,24,55
Cuba,CUB,Italy,ITA,224,4166,621,1131,11697
Cuba,CUB,Jamaica,JAM,4595,2743,2188,1617,450
Cuba,CUB,Jordan,JOR,4,2,1,13,10
Cuba,CUB,Luxembourg,LUX,6,9,17,100,29
Cuba,CUB,"Macedonia, FYR",MKD,3,4,6,92,106
Cuba,CUB,Martinique,MTQ,33,14,159,71,85
Cuba,CUB,Mexico,MEX,3862,4440,3859,2752,6847
Cuba,CUB,Monaco,MCO,3,2,23,29,34
Cuba,CUB,Myanmar,MMR,9,8,5,2,2
Cuba,CUB,Namibia,NAM,8,12,19,31,30
Cuba,CUB,Netherlands Antilles,ANT,428,376,330,465,2049
Cuba,CUB,Nicaragua,NIC,338,570,641,687,823
Cuba,CUB,Niger,NER,22,30,41,29,6
Cuba,CUB,Nigeria,NGA,70,95,711,241,404
Cuba,CUB,Norway,NOR,8,14,21,45,213
Cuba,CUB,Panama,PAN,1513,1453,1165,3372,1707
Cuba,CUB,Peru,PER,275,596,871,432,353
Cuba,CUB,Philippines,PHL,3,84,13,10,127
Cuba,CUB,Poland,POL,4,3,60,117,197
Cuba,CUB,Portugal,PRT,10,26,67,57,566
Cuba,CUB,Puerto Rico,PRI,1729,5100,7326,19850,3967
Cuba,CUB,Serbia and Montenegro,SCG,19,20,35,17,63
Cuba,CUB,Slovak Republic,SVK,1,1,1,5,65
Cuba,CUB,Slovenia,SVN,20,21,37,44,17
Cuba,CUB,Spain,ESP,9711,16380,28059,23596,40965
Cuba,CUB,St. Kitts and Nevis,KNA,13,10,9,49,18
Cuba,CUB,St. Lucia,LCA,35,21,8,71,50
Cuba,CUB,St. Vincent and the Grenadines,VCT,50,46,43,47,76
Cuba,CUB,Sudan,SDN,2,2,2,7,9
Cuba,CUB,Sweden,SWE,22,179,95,49,1472
Cuba,CUB,Switzerland,CHE,501,7,2464,886,1088
Cuba,CUB,Tanzania,TZA,12,11,4,4,10
Cuba,CUB,Togo,TGO,32,45,48,50,52
Cuba,CUB,Trinidad and Tobago,TTO,700,419,282,183,290
Cuba,CUB,Turks and Caicos Islands,TCA,8,22,57,29,32
Cuba,CUB,United Kingdom,GBR,10726,13875,13390,12119,18288
Cuba,CUB,United States,USA,85161,522875,682634,799972,894560
Cuba,CUB,Uruguay,URY,144,119,86,88,337
Cuba,CUB,"Venezuela, RB",VEN,4674,10084,11745,10561,9932
Cuba,CUB,Virgin Islands (U.S.),VIR,73,249,185,232,650
Cuba,CUB,"Virgin Islands, British",VGB,4,20,24,14,16
Cyprus,CYP,Algeria,DZA,30,12,9,7,6
Cyprus,CYP,Angola,AGO,120,48,19,21,33
Cyprus,CYP,Australia,AUS,8250,12407,22499,21503,19299
Cyprus,CYP,Austria,AUT,58,121,15,200,100
Cyprus,CYP,Bahrain,BHR,7,3,10,6,7
Cyprus,CYP,Belgium,BEL,83,43,130,30,79
Cyprus,CYP,Bosnia and Herzegovina,BIH,7,7,13,63,50
Cyprus,CYP,Brunei Darussalam,BRN,276,2,12,2,3
Cyprus,CYP,Bulgaria,BGR,78,82,84,83,386
Cyprus,CYP,Cambodia,KHM,515,434,6,52,320
Cyprus,CYP,Cameroon,CMR,5,6,5,7,6
Cyprus,CYP,Canada,CAN,443,889,1362,5315,4275
Cyprus,CYP,"Congo, Dem. Rep.",COD,51,16,7,5,4
Cyprus,CYP,Cote d'Ivoire,CIV,2,3,4,2,1
Cyprus,CYP,Denmark,DNK,130,52,99,120,143
Cyprus,CYP,Dominican Republic,DOM,1,3,4,5,7
Cyprus,CYP,Fiji,FJI,60,32,5,2,2
Cyprus,CYP,Finland,FIN,8,36,71,46,81
Cyprus,CYP,France,FRA,17204,6255,7,30,29024
Cyprus,CYP,French Polynesia,PYF,1,3,8,1,7
Cyprus,CYP,Germany,DEU,212,130,106,1295,11750
Cyprus,CYP,Ghana,GHA,5,12,4,14,24
Cyprus,CYP,Greece,GRC,2821,7523,18387,36098,16742
Cyprus,CYP,Hungary,HUN,154,97,78,65,60
Cyprus,CYP,Iceland,ISL,1,2,5,12,3
Cyprus,CYP,India,IND,59,48,13,381,60
Cyprus,CYP,Ireland,IRL,8,10,18,16,198
Cyprus,CYP,Israel,ISR,80,95,112,562,1206
Cyprus,CYP,Italy,ITA,655,603,636,14,196
Cyprus,CYP,Jordan,JOR,26,35,107,8,130
Cyprus,CYP,Kuwait,KWT,6,34,18,56,53
Cyprus,CYP,Lebanon,LBN,50,1,1,501,325
Cyprus,CYP,Luxembourg,LUX,10,31,41,243,12
Cyprus,CYP,"Macedonia, FYR",MKD,12,13,22,233,270
Cyprus,CYP,Malawi,MWI,7,7,16,16,15
Cyprus,CYP,Malaysia,MYS,2,71,214,688,1264
Cyprus,CYP,Mexico,MEX,16,17,2,23,14
Cyprus,CYP,Monaco,MCO,8,7,57,71,84
Cyprus,CYP,Namibia,NAM,15,24,39,62,59
Cyprus,CYP,New Caledonia,NCL,3,6,4,6,9
Cyprus,CYP,New Zealand,NZL,141,225,338,325,302
Cyprus,CYP,Nigeria,NGA,4,3,13,3,5
Cyprus,CYP,Norway,NOR,14,8,33,71,107
Cyprus,CYP,Oman,OMN,1,2,5,13,19
Cyprus,CYP,Pakistan,PAK,4,14,11,9,7
Cyprus,CYP,Poland,POL,8,7,18,30,47
Cyprus,CYP,Qatar,QAT,48,6,18,836,486
Cyprus,CYP,Reunion,REU,2,3,25,33,50
Cyprus,CYP,Saudi Arabia,SAU,2,11,58,151,163
Cyprus,CYP,Senegal,SEN,4,2,3,5,5
Cyprus,CYP,Serbia and Montenegro,SCG,69,70,126,87,321
Cyprus,CYP,Singapore,SGP,226,40,132,346,389
Cyprus,CYP,South Africa,ZAF,1871,3047,4215,2604,2075
Cyprus,CYP,Spain,ESP,76,128,220,2,117
Cyprus,CYP,Sudan,SDN,35,33,43,15,18
Cyprus,CYP,Sweden,SWE,99,75,1632,14,448
Cyprus,CYP,Switzerland,CHE,244,81,238,199,103
Cyprus,CYP,Syrian Arab Republic,SYR,6,53,39,55,72
Cyprus,CYP,Tanzania,TZA,4,4,7,7,3
Cyprus,CYP,Togo,TGO,2,3,3,3,3
Cyprus,CYP,Tunisia,TUN,5,1,4,7,7
Cyprus,CYP,Turkey,TUR,4281,5413,5506,9088,10384
Cyprus,CYP,United Kingdom,GBR,48725,76911,86350,114020,79291
Cyprus,CYP,United States,USA,5703,34,9884,10765,12121
Cyprus,CYP,West Bank and Gaza,PSE,47,56,66,87,135
Cyprus,CYP,"Yemen, Rep.",YEM,29,36,44,55,64
Cyprus,CYP,Zambia,ZMB,17,14,139,22,20
Cyprus,CYP,Zimbabwe,ZWE,123,159,150,141,130
Czech Republic,CZE,Algeria,DZA,74,29,23,18,14
Czech Republic,CZE,Angola,AGO,46,18,7,8,13
Czech Republic,CZE,Argentina,ARG,12838,9257,6204,3665,1493
Czech Republic,CZE,Australia,AUS,8142,9861,10908,12017,6908
Czech Republic,CZE,Austria,AUT,3719,5705,2502,8521,10316
Czech Republic,CZE,Bahrain,BHR,1,1160,1198,825,838
Czech Republic,CZE,Bangladesh,BGD,3,13,14,16,17
Czech Republic,CZE,Belgium,BEL,1508,1030,440,308,760
Czech Republic,CZE,Bermuda,BMU,14,23,17,21,27
Czech Republic,CZE,Bolivia,BOL,260,136,31,66,51
Czech Republic,CZE,Bosnia and Herzegovina,BIH,112,114,205,998,786
Czech Republic,CZE,Brazil,BRA,2638,2611,2284,1525,1030
Czech Republic,CZE,Bulgaria,BGR,177,185,190,188,874
Czech Republic,CZE,Burkina Faso,BFA,5,7,14,6,12
Czech Republic,CZE,Cameroon,CMR,55,62,49,73,62
Czech Republic,CZE,Canada,CAN,21057,31792,43383,29577,23930
Czech Republic,CZE,Chad,TCD,5,5,6,7,8
Czech Republic,CZE,Colombia,COL,121,119,96,77,65
Czech Republic,CZE,"Congo, Dem. Rep.",COD,85,18,7,5,4
Czech Republic,CZE,Costa Rica,CRI,11,8,21,40,76
Czech Republic,CZE,Cote d'Ivoire,CIV,3,5,7,3,2
Czech Republic,CZE,Croatia,HRV,743,756,1353,821,1072
Czech Republic,CZE,Cuba,CUB,10,9,47,71,198
Czech Republic,CZE,Cyprus,CYP,11,29,46,64,307
Czech Republic,CZE,Denmark,DNK,991,391,517,634,796
Czech Republic,CZE,Dominican Republic,DOM,6,8,10,12,15
Czech Republic,CZE,Ecuador,ECU,15,28,43,46,116
Czech Republic,CZE,"Egypt, Arab Rep.",EGY,22,65,114,78,260
Czech Republic,CZE,Finland,FIN,58,273,533,219,301
Czech Republic,CZE,France,FRA,130859,47311,11410,10545,220766
Czech Republic,CZE,Germany,DEU,736457,776632,749065,374732,402366
Czech Republic,CZE,Ghana,GHA,39,88,28,99,170
Czech Republic,CZE,Greece,GRC,21,60,226,234,651
Czech Republic,CZE,Guatemala,GTM,5,12,9,9,4
Czech Republic,CZE,Guinea,GIN,1,2,3,1,1
Czech Republic,CZE,Guinea-Bissau,GNB,2,2,2,4,4
Czech Republic,CZE,Guyana,GUY,21,12,1,1,2
Czech Republic,CZE,Honduras,HND,3,1,2,4,5
Czech Republic,CZE,"Hong Kong SAR, China",HKG,34,85,2,101,106
Czech Republic,CZE,Hungary,HUN,2010,902,682,550,503
Czech Republic,CZE,Iceland,ISL,11,17,36,92,64
Czech Republic,CZE,India,IND,423,342,90,2711,426
Czech Republic,CZE,Indonesia,IDN,3,2,2,2,2
Czech Republic,CZE,Ireland,IRL,111,140,249,108,1348
Czech Republic,CZE,Israel,ISR,15961,18966,17221,8451,578
Czech Republic,CZE,Italy,ITA,1302,1241,1292,1250,5693
Czech Republic,CZE,Jordan,JOR,1,12,44,12,24
Czech Republic,CZE,Kuwait,KWT,1,9,119,108,102
Czech Republic,CZE,Lebanon,LBN,9,127,65,87,70
Czech Republic,CZE,Libya,LBY,6,134,340,500,599
Czech Republic,CZE,Luxembourg,LUX,139,237,312,1851,259
Czech Republic,CZE,"Macedonia, FYR",MKD,196,200,357,2406,2796
Czech Republic,CZE,Malawi,MWI,3,3,6,6,6
Czech Republic,CZE,Mexico,MEX,287,300,38,305,227
Czech Republic,CZE,Monaco,MCO,57,29,433,539,636
Czech Republic,CZE,Morocco,MAR,10,3,2,2,1
Czech Republic,CZE,Mozambique,MOZ,7,2,6,10,11
Czech Republic,CZE,Namibia,NAM,3,5,8,13,12
Czech Republic,CZE,Netherlands,NLD,8477,2551,2648,3391,5263
Czech Republic,CZE,New Caledonia,NCL,3,4,2,4,6
Czech Republic,CZE,New Zealand,NZL,442,528,480,551,668
Czech Republic,CZE,Nicaragua,NIC,5,8,9,9,11
Czech Republic,CZE,Nigeria,NGA,7,5,21,5,8
Czech Republic,CZE,Norway,NOR,326,632,689,833,791
Czech Republic,CZE,Pakistan,PAK,31,98,79,63,51
Czech Republic,CZE,Panama,PAN,31,23,16,20,28
Czech Republic,CZE,Papua New Guinea,PNG,36,90,2,2,1
Czech Republic,CZE,Paraguay,PRY,1,4,11,16,35
Czech Republic,CZE,Peru,PER,249,221,184,109,89
Czech Republic,CZE,Philippines,PHL,1,4,5,24,40
Czech Republic,CZE,Poland,POL,24518,21112,15163,10497,6765
Czech Republic,CZE,Qatar,QAT,9,678,960,144,104
Czech Republic,CZE,Romania,ROU,2244,1925,1358,968,622
Czech Republic,CZE,Senegal,SEN,27,17,18,34,34
Czech Republic,CZE,Serbia and Montenegro,SCG,1082,1099,1968,1769,6549
Czech Republic,CZE,Sierra Leone,SLE,8,13,16,16,5
Czech Republic,CZE,Singapore,SGP,31,4,14,37,53
Czech Republic,CZE,Slovak Republic,SVK,102,113,125,386,74910
Czech Republic,CZE,Slovenia,SVN,44,45,80,395,46
Czech Republic,CZE,South Africa,ZAF,360,1097,1840,1012,843
Czech Republic,CZE,Spain,ESP,573,967,1657,410,1526
Czech Republic,CZE,Sudan,SDN,9,9,11,36,44
Czech Republic,CZE,Sweden,SWE,1999,4326,4271,4355,4430
Czech Republic,CZE,Switzerland,CHE,459,8381,10624,9693,3833
Czech Republic,CZE,Syrian Arab Republic,SYR,2,22,16,23,30
Czech Republic,CZE,Tanzania,TZA,74,69,22,21,48
Czech Republic,CZE,Thailand,THA,2,4,12,21,68
Czech Republic,CZE,Togo,TGO,3,4,5,5,5
Czech Republic,CZE,Trinidad and Tobago,TTO,3,3,3,3,1
Czech Republic,CZE,Tunisia,TUN,13,227,10,18,17
Czech Republic,CZE,Turkey,TUR,755,647,479,601,1028
Czech Republic,CZE,United Kingdom,GBR,9425,44368,7974,7026,1123
Czech Republic,CZE,United States,USA,193699,155326,124279,93336,73623
Czech Republic,CZE,Uruguay,URY,86,71,51,53,16
Czech Republic,CZE,"Venezuela, RB",VEN,3,756,412,7,322
Czech Republic,CZE,West Bank and Gaza,PSE,73,87,103,135,209
Czech Republic,CZE,"Yemen, Rep.",YEM,45,56,69,85,99
Czech Republic,CZE,Zambia,ZMB,7,5,53,9,8
Czech Republic,CZE,Zimbabwe,ZWE,81,104,98,93,85
Denmark,DNK,Algeria,DZA,25,10,8,6,5
Denmark,DNK,Angola,AGO,48,19,8,8,13
Denmark,DNK,Argentina,ARG,45,296,562,539,358
Denmark,DNK,Australia,AUS,5423,6254,7629,8807,8944
Denmark,DNK,Austria,AUT,1451,645,752,658,1148
Denmark,DNK,Bangladesh,BGD,1,6,7,7,8
Denmark,DNK,Belgium,BEL,444,654,1918,2631,3403
Denmark,DNK,Benin,BEN,3,3,4,6,10
Denmark,DNK,Bermuda,BMU,7,11,8,10,13
Denmark,DNK,Bhutan,BTN,8,11,14,19,26
Denmark,DNK,Bolivia,BOL,25,15,5,16,67
Denmark,DNK,Bosnia and Herzegovina,BIH,31,31,56,274,216
Denmark,DNK,Brazil,BRA,10,893,683,521,451
Denmark,DNK,Bulgaria,BGR,6,6,6,6,30
Denmark,DNK,Burkina Faso,BFA,2,3,5,3,5
Denmark,DNK,Burundi,BDI,35,28,22,1,1
Denmark,DNK,Cameroon,CMR,96,109,86,128,108
Denmark,DNK,Canada,CAN,30023,20622,11418,27658,17882
Denmark,DNK,Cape Verde,CPV,2,2,3,3,4
Denmark,DNK,Chad,TCD,9,10,11,12,13
Denmark,DNK,Chile,CHL,146,130,97,170,227
Denmark,DNK,China,CHN,9,5,2,28,14
Denmark,DNK,Colombia,COL,148,142,111,83,74
Denmark,DNK,"Congo, Dem. Rep.",COD,324,202,112,78,64
Denmark,DNK,Costa Rica,CRI,24,16,22,31,48
Denmark,DNK,Cote d'Ivoire,CIV,23,36,46,83,20
Denmark,DNK,Croatia,HRV,284,288,516,45,35
Denmark,DNK,Cuba,CUB,9,8,4,2,1
Denmark,DNK,Czech Republic,CZE,5,6,6,43,132
Denmark,DNK,Dominican Republic,DOM,9,27,43,62,85
Denmark,DNK,Ecuador,ECU,3,5,7,8,63
Denmark,DNK,Eritrea,ERI,1,5,2,4,6
Denmark,DNK,Ethiopia,ETH,3,3,3,3,4
Denmark,DNK,Finland,FIN,441,419,474,604,787
Denmark,DNK,France,FRA,15979,5736,3324,5047,26958
Denmark,DNK,Germany,DEU,4606,6993,13114,12403,21446
Denmark,DNK,Ghana,GHA,9,8,3,9,16
Denmark,DNK,Gibraltar,GIB,3,1,4,9,10
Denmark,DNK,Greece,GRC,52,149,456,1473,822
Denmark,DNK,Greenland,GRL,2431,6778,8275,8019,6808
Denmark,DNK,Guatemala,GTM,44,16,12,19,6
Denmark,DNK,Guinea,GIN,6,9,14,5,5
Denmark,DNK,Honduras,HND,4,2,2,5,13
Denmark,DNK,"Hong Kong SAR, China",HKG,23,35,1,42,44
Denmark,DNK,Hungary,HUN,504,213,158,127,116
Denmark,DNK,Iceland,ISL,1417,1987,1677,2135,2306
Denmark,DNK,India,IND,187,12,40,1347,189
Denmark,DNK,Indonesia,IDN,64,40,41,49,44
Denmark,DNK,Ireland,IRL,121,195,394,372,789
Denmark,DNK,Israel,ISR,11,13,16,79,170
Denmark,DNK,Italy,ITA,3406,3325,68693,5264,2618
Denmark,DNK,Jordan,JOR,19,13,29,32,50
Denmark,DNK,Kenya,KEN,1,32,23,13,15
Denmark,DNK,"Korea, Rep.",KOR,2,3,39,62,1
Denmark,DNK,Kuwait,KWT,2,9,134,124,117
Denmark,DNK,Lao PDR,LAO,2,2,3,3,3
Denmark,DNK,Liberia,LBR,43,6,5,5,5
Denmark,DNK,Luxembourg,LUX,9,29,701,1187,1505
Denmark,DNK,"Macedonia, FYR",MKD,54,55,98,485,564
Denmark,DNK,Malawi,MWI,3,3,6,6,6
Denmark,DNK,Mexico,MEX,137,143,21,224,244
Denmark,DNK,Monaco,MCO,7,23,53,66,78
Denmark,DNK,Mozambique,MOZ,15,7,23,44,46
Denmark,DNK,Myanmar,MMR,13,13,13,17,14
Denmark,DNK,Namibia,NAM,13,21,34,54,52
Denmark,DNK,Netherlands,NLD,1025,540,960,2253,3115
Denmark,DNK,New Caledonia,NCL,2,3,8,6,5
Denmark,DNK,New Zealand,NZL,1692,1472,1437,1487,1452
Denmark,DNK,Nicaragua,NIC,21,35,40,43,51
Denmark,DNK,Niger,NER,73,98,133,100,32
Denmark,DNK,Nigeria,NGA,654,371,1294,175,293
Denmark,DNK,Norway,NOR,12251,14019,17221,21449,22173
Denmark,DNK,Pakistan,PAK,14,44,35,28,23
Denmark,DNK,Panama,PAN,23,39,17,5,41
Denmark,DNK,Peru,PER,110,101,88,64,53
Denmark,DNK,Philippines,PHL,23,55,116,216,838
Denmark,DNK,Poland,POL,55,48,250,453,749
Denmark,DNK,Portugal,PRT,18,46,121,152,371
Denmark,DNK,Romania,ROU,135,116,82,58,57
Denmark,DNK,Rwanda,RWA,85,4,1,4,3
Denmark,DNK,Senegal,SEN,3,2,2,3,3
Denmark,DNK,Serbia and Montenegro,SCG,297,302,540,731,2705
Denmark,DNK,Slovak Republic,SVK,2,2,2,7,14
Denmark,DNK,Somalia,SOM,2,8,4,5,11
Denmark,DNK,South Africa,ZAF,1085,1171,1243,797,1068
Denmark,DNK,Spain,ESP,69,117,200,4699,4639
Denmark,DNK,Sudan,SDN,40,38,49,173,209
Denmark,DNK,Sweden,SWE,34613,40427,43360,45345,37783
Denmark,DNK,Switzerland,CHE,1157,2270,2615,2578,3381
Denmark,DNK,Syrian Arab Republic,SYR,2,15,11,15,20
Denmark,DNK,Tanzania,TZA,1022,947,110,106,662
Denmark,DNK,Thailand,THA,47,99,150,226,692
Denmark,DNK,Togo,TGO,103,148,155,162,167
Denmark,DNK,Trinidad and Tobago,TTO,5,4,5,4,2
Denmark,DNK,Tunisia,TUN,4,25,3,6,6
Denmark,DNK,Turkey,TUR,14,25,30,54,3355
Denmark,DNK,United Kingdom,GBR,8611,5784,9709,14422,1680
Denmark,DNK,United States,USA,88780,72702,46154,41699,33156
Denmark,DNK,Uruguay,URY,14,12,9,9,48
Denmark,DNK,"Venezuela, RB",VEN,2,248,216,4,124
Denmark,DNK,Virgin Islands (U.S.),VIR,45,96,4,82,76
Denmark,DNK,West Bank and Gaza,PSE,7,8,9,12,19
Denmark,DNK,"Yemen, Rep.",YEM,4,5,6,8,9
Denmark,DNK,Zambia,ZMB,7,5,55,9,8
Denmark,DNK,Zimbabwe,ZWE,152,196,185,174,160
Djibouti,DJI,Australia,AUS,3,8,23,56,61
Djibouti,DJI,Austria,AUT,3,2,3,5,2
Djibouti,DJI,Belgium,BEL,2,3,2,21,22
Djibouti,DJI,Canada,CAN,6,33,61,46,486
Djibouti,DJI,"Egypt, Arab Rep.",EGY,9,13,17,176,250
Djibouti,DJI,Ethiopia,ETH,1369,1302,1369,1439,1513
Djibouti,DJI,France,FRA,51,123,3162,2,87
Djibouti,DJI,Germany,DEU,13,14,12,67,296
Djibouti,DJI,India,IND,2,8,2,4,4
Djibouti,DJI,Italy,ITA,10,15,66,106,22
Djibouti,DJI,Sudan,SDN,36,35,44,25,31
Djibouti,DJI,Switzerland,CHE,9,2,11,9,11
Djibouti,DJI,United Kingdom,GBR,6,22,43,3,919
Djibouti,DJI,United States,USA,7,16,214,14,417
Djibouti,DJI,West Bank and Gaza,PSE,11,13,16,20,32
Dominica,DMA,Anguilla,AIA,20,34,50,94,161
Dominica,DMA,Antigua and Barbuda,ATG,1008,1432,1913,2541,2675
Dominica,DMA,Aruba,ABW,107,101,96,147,132
Dominica,DMA,"Bahamas, The",BHS,74,58,39,40,44
Dominica,DMA,Barbados,BRB,485,528,634,471,540
Dominica,DMA,Canada,CAN,15,179,351,1516,2745
Dominica,DMA,Colombia,COL,2,80,158,247,40
Dominica,DMA,Cuba,CUB,339,307,173,108,142
Dominica,DMA,Dominican Republic,DOM,56,51,42,36,30
Dominica,DMA,France,FRA,68,7,5,4,115
Dominica,DMA,French Guiana,GUF,8,29,58,136,207
Dominica,DMA,Germany,DEU,9,10,6,36,70
Dominica,DMA,Grenada,GRD,244,140,43,42,78
Dominica,DMA,Guadeloupe,GLP,808,1345,3096,6988,6275
Dominica,DMA,Haiti,HTI,16,38,49,66,89
Dominica,DMA,Hungary,HUN,2,8,7,6,6
Dominica,DMA,Italy,ITA,4,78,12,21,45
Dominica,DMA,Jamaica,JAM,212,145,110,103,308
Dominica,DMA,Martinique,MTQ,49,97,110,206,246
Dominica,DMA,Montserrat,MSR,124,169,175,404,36
Dominica,DMA,Netherlands Antilles,ANT,296,260,229,1624,150
Dominica,DMA,Nigeria,NGA,3,4,33,11,19
Dominica,DMA,Puerto Rico,PRI,74,218,313,2632,2919
Dominica,DMA,St. Kitts and Nevis,KNA,177,137,131,88,132
Dominica,DMA,St. Lucia,LCA,103,155,212,136,213
Dominica,DMA,St. Vincent and the Grenadines,VCT,46,42,39,66,105
Dominica,DMA,Togo,TGO,1,2,2,2,2
Dominica,DMA,Trinidad and Tobago,TTO,4945,2205,195,127,213
Dominica,DMA,Turks and Caicos Islands,TCA,6,15,40,21,23
Dominica,DMA,United Kingdom,GBR,102,132,128,116,174
Dominica,DMA,United States,USA,4489,105,3456,19530,17967
Dominica,DMA,Uruguay,URY,2,2,1,1,2
Dominica,DMA,Virgin Islands (U.S.),VIR,64,936,2902,5879,4919
Dominica,DMA,"Virgin Islands, British",VGB,31,152,187,593,656
Dominican Republic,DOM,Anguilla,AIA,36,60,87,135,231
Dominican Republic,DOM,Antigua and Barbuda,ATG,330,469,537,645,1005
Dominican Republic,DOM,Argentina,ARG,278,138,6,273,1524
Dominican Republic,DOM,Aruba,ABW,1048,991,937,2032,3630
Dominican Republic,DOM,Austria,AUT,53,616,13,143,1144
Dominican Republic,DOM,"Bahamas, The",BHS,207,112,56,53,59
Dominican Republic,DOM,Barbados,BRB,234,160,105,152,174
Dominican Republic,DOM,Belgium,BEL,40,471,72,211,648
Dominican Republic,DOM,Bermuda,BMU,43,162,144,11,4
Dominican Republic,DOM,Bolivia,BOL,14,32,46,37,12
Dominican Republic,DOM,Bosnia and Herzegovina,BIH,1,1,2,11,8
Dominican Republic,DOM,Brazil,BRA,104,216,168,275,102
Dominican Republic,DOM,Cameroon,CMR,11,12,10,32,27
Dominican Republic,DOM,Canada,CAN,460,4926,9585,1591,5150
Dominican Republic,DOM,Cayman Islands,CYM,1,2,7,29,415
Dominican Republic,DOM,Chad,TCD,2,2,2,3,3
Dominican Republic,DOM,Chile,CHL,43,77,89,124,272
Dominican Republic,DOM,Colombia,COL,142,133,100,70,318
Dominican Republic,DOM,Costa Rica,CRI,36,34,82,348,825
Dominican Republic,DOM,Cuba,CUB,617,558,287,152,130
Dominican Republic,DOM,Denmark,DNK,32,23,13,38,76
Dominican Republic,DOM,Dominica,DMA,74,51,29,22,33
Dominican Republic,DOM,Ecuador,ECU,22,41,64,68,134
Dominican Republic,DOM,Finland,FIN,7,35,69,16,47
Dominican Republic,DOM,France,FRA,4222,422,312,270,7123
Dominican Republic,DOM,French Guiana,GUF,3,10,19,44,67
Dominican Republic,DOM,Germany,DEU,359,448,224,466,3277
Dominican Republic,DOM,Greece,GRC,10,29,52,578,130
Dominican Republic,DOM,Greenland,GRL,1,3,4,4,3
Dominican Republic,DOM,Grenada,GRD,84,48,13,97,181
Dominican Republic,DOM,Guadeloupe,GLP,29,49,112,253,227
Dominican Republic,DOM,Guatemala,GTM,64,38,57,37,68
Dominican Republic,DOM,Guinea-Bissau,GNB,1,1,1,3,3
Dominican Republic,DOM,Guyana,GUY,31,91,91,25,4
Dominican Republic,DOM,Haiti,HTI,10251,5550,7030,9517,12882
Dominican Republic,DOM,Honduras,HND,93,42,54,118,100
Dominican Republic,DOM,Hungary,HUN,2,8,7,6,6
Dominican Republic,DOM,Indonesia,IDN,23,15,15,18,16
Dominican Republic,DOM,Ireland,IRL,12,15,26,19,5
Dominican Republic,DOM,Italy,ITA,202,3662,548,9575,17851
Dominican Republic,DOM,Jamaica,JAM,608,82,284,4,942
Dominican Republic,DOM,Kenya,KEN,4,20,94,174,2
Dominican Republic,DOM,Luxembourg,LUX,4,5,10,60,178
Dominican Republic,DOM,"Macedonia, FYR",MKD,2,2,4,55,63
Dominican Republic,DOM,Martinique,MTQ,62,124,344,262,314
Dominican Republic,DOM,Mexico,MEX,332,96,8,480,882
Dominican Republic,DOM,Monaco,MCO,2,1,14,17,21
Dominican Republic,DOM,Montserrat,MSR,5,4,2,36,3
Dominican Republic,DOM,Myanmar,MMR,28,27,16,6,5
Dominican Republic,DOM,Netherlands,NLD,1,368,1019,2935,6172
Dominican Republic,DOM,Netherlands Antilles,ANT,2750,2415,2122,7316,8826
Dominican Republic,DOM,Nicaragua,NIC,25,42,47,50,60
Dominican Republic,DOM,Nigeria,NGA,2,3,19,6,11
Dominican Republic,DOM,Norway,NOR,5,3,10,54,241
Dominican Republic,DOM,Panama,PAN,180,258,247,1450,5962
Dominican Republic,DOM,Peru,PER,36,21,6,109,89
Dominican Republic,DOM,Philippines,PHL,10,42,43,9,701
Dominican Republic,DOM,Puerto Rico,PRI,2996,8837,12695,37731,8365
Dominican Republic,DOM,Serbia and Montenegro,SCG,12,12,21,10,38
Dominican Republic,DOM,Spain,ESP,236,399,683,6944,35587
Dominican Republic,DOM,St. Kitts and Nevis,KNA,124,96,91,104,368
Dominican Republic,DOM,St. Lucia,LCA,74,45,18,150,105
Dominican Republic,DOM,St. Vincent and the Grenadines,VCT,109,100,93,103,164
Dominican Republic,DOM,Sudan,SDN,10,9,12,30,36
Dominican Republic,DOM,Suriname,SUR,6,4,3,3,5
Dominican Republic,DOM,Sweden,SWE,1,106,56,29,242
Dominican Republic,DOM,Switzerland,CHE,451,6,2210,795,4688
Dominican Republic,DOM,Tanzania,TZA,69,64,13,13,32
Dominican Republic,DOM,Trinidad and Tobago,TTO,1477,890,612,397,612
Dominican Republic,DOM,Turks and Caicos Islands,TCA,19,50,129,353,390
Dominican Republic,DOM,United Kingdom,GBR,6351,8214,7927,7175,10827
Dominican Republic,DOM,United States,USA,13265,75310,188690,376328,706894
Dominican Republic,DOM,Uruguay,URY,126,105,76,78,35
Dominican Republic,DOM,"Venezuela, RB",VEN,8064,1824,15928,18221,14307
Dominican Republic,DOM,Virgin Islands (U.S.),VIR,124,530,740,2256,3201
Dominican Republic,DOM,"Virgin Islands, British",VGB,12,59,73,669,739
Ecuador,ECU,Argentina,ARG,697,346,16,1016,2035
Ecuador,ECU,Aruba,ABW,2,2,2,15,35
Ecuador,ECU,Australia,AUS,18,53,118,1049,1324
Ecuador,ECU,Austria,AUT,215,83,208,618,242
Ecuador,ECU,Barbados,BRB,2,6,10,4,4
Ecuador,ECU,Belgium,BEL,172,2,278,905,1212
Ecuador,ECU,Bolivia,BOL,81,100,115,228,663
Ecuador,ECU,Bosnia and Herzegovina,BIH,2,2,3,14,11
Ecuador,ECU,Brazil,BRA,473,357,753,610,1188
Ecuador,ECU,Cameroon,CMR,8,9,8,3,3
Ecuador,ECU,Canada,CAN,2805,3557,4396,7599,11121
Ecuador,ECU,Chad,TCD,2,2,2,2,3
Ecuador,ECU,Chile,CHL,946,950,1149,2153,8846
Ecuador,ECU,Colombia,COL,8023,9100,8786,8886,11366
Ecuador,ECU,"Congo, Dem. Rep.",COD,26,47,28,20,16
Ecuador,ECU,Costa Rica,CRI,155,176,196,464,956
Ecuador,ECU,Cuba,CUB,10,9,5,3,3
Ecuador,ECU,Denmark,DNK,80,90,111,173,389
Ecuador,ECU,Dominican Republic,DOM,27,287,537,823,1159
Ecuador,ECU,El Salvador,SLV,59,63,80,92,92
Ecuador,ECU,Finland,FIN,23,97,187,41,75
Ecuador,ECU,Germany,DEU,864,1903,913,1086,14116
Ecuador,ECU,Greece,GRC,42,119,215,16,29
Ecuador,ECU,Guatemala,GTM,102,109,118,89,103
Ecuador,ECU,Guyana,GUY,78,45,4,4,9
Ecuador,ECU,Honduras,HND,102,47,60,130,334
Ecuador,ECU,Hungary,HUN,16,75,69,60,57
Ecuador,ECU,Ireland,IRL,46,58,104,75,54
Ecuador,ECU,Israel,ISR,60,72,68,884,2018
Ecuador,ECU,Italy,ITA,823,4952,315,1345,21819
Ecuador,ECU,Luxembourg,LUX,5,7,25,149,25
Ecuador,ECU,"Macedonia, FYR",MKD,3,3,5,137,159
Ecuador,ECU,Mexico,MEX,3,45,95,641,1247
Ecuador,ECU,Netherlands Antilles,ANT,9,8,7,29,39
Ecuador,ECU,Nicaragua,NIC,37,63,70,75,90
Ecuador,ECU,Niger,NER,4,6,7,5,1
Ecuador,ECU,Nigeria,NGA,13,18,131,45,75
Ecuador,ECU,Norway,NOR,19,23,103,181,384
Ecuador,ECU,Panama,PAN,1882,1775,1455,1652,1930
Ecuador,ECU,Paraguay,PRY,41,3,21,92,93
Ecuador,ECU,Peru,PER,2122,1952,1699,1904,1557
Ecuador,ECU,Puerto Rico,PRI,2,6,9,581,83
Ecuador,ECU,Senegal,SEN,4,3,3,6,6
Ecuador,ECU,Serbia and Montenegro,SCG,16,16,28,54,202
Ecuador,ECU,Spain,ESP,951,1604,2748,9716,176212
Ecuador,ECU,Suriname,SUR,11,7,5,7,9
Ecuador,ECU,Sweden,SWE,5,161,661,567,940
Ecuador,ECU,Switzerland,CHE,734,915,510,3426,1157
Ecuador,ECU,Tanzania,TZA,6,6,2,2,5
Ecuador,ECU,Togo,TGO,6,8,9,9,9
Ecuador,ECU,Trinidad and Tobago,TTO,15,12,14,11,6
Ecuador,ECU,United Kingdom,GBR,344,19,3489,4441,9796
Ecuador,ECU,United States,USA,8400,46789,99076,152738,302705
Ecuador,ECU,Uruguay,URY,314,260,188,193,225
Ecuador,ECU,"Venezuela, RB",VEN,10857,5054,19382,24534,29027
Ecuador,ECU,West Bank and Gaza,PSE,3,4,5,6,10
Ecuador,ECU,"Yemen, Rep.",YEM,2,2,3,3,4
"Egypt, Arab Rep.",EGY,Afghanistan,AFG,1,5,3,5,9
"Egypt, Arab Rep.",EGY,Albania,ALB,2,2,2,2,3
"Egypt, Arab Rep.",EGY,Algeria,DZA,881,345,272,215,169
"Egypt, Arab Rep.",EGY,Angola,AGO,33,13,5,6,9
"Egypt, Arab Rep.",EGY,Argentina,ARG,968,471,1,551,266
"Egypt, Arab Rep.",EGY,Australia,AUS,15552,25414,29551,32444,34132
"Egypt, Arab Rep.",EGY,Austria,AUT,100,3174,3971,6987,6661
"Egypt, Arab Rep.",EGY,Bahrain,BHR,134,588,1147,253,8934
"Egypt, Arab Rep.",EGY,Bangladesh,BGD,3,13,14,16,17
"Egypt, Arab Rep.",EGY,Belgium,BEL,88,182,381,932,724
"Egypt, Arab Rep.",EGY,Benin,BEN,102,133,172,227,390
"Egypt, Arab Rep.",EGY,Bolivia,BOL,15,20,23,31,26
"Egypt, Arab Rep.",EGY,Bosnia and Herzegovina,BIH,1,1,2,11,9
"Egypt, Arab Rep.",EGY,Brazil,BRA,1984,5496,6445,4164,3387
"Egypt, Arab Rep.",EGY,Bulgaria,BGR,31,32,33,33,153
"Egypt, Arab Rep.",EGY,Canada,CAN,1627,9164,17045,26011,35874
"Egypt, Arab Rep.",EGY,Central African Republic,CAF,27,15,32,32,10
"Egypt, Arab Rep.",EGY,Chad,TCD,2,2,2,2,2
"Egypt, Arab Rep.",EGY,Chile,CHL,120,1253,196,84,79
"Egypt, Arab Rep.",EGY,China,CHN,1,5,2,18,78
"Egypt, Arab Rep.",EGY,Colombia,COL,57,80,94,113,116
"Egypt, Arab Rep.",EGY,"Congo, Dem. Rep.",COD,401,2911,1813,1253,1026
"Egypt, Arab Rep.",EGY,"Congo, Rep.",COG,26,43,7,11,2
"Egypt, Arab Rep.",EGY,Cote d'Ivoire,CIV,238,367,471,122,632
"Egypt, Arab Rep.",EGY,Croatia,HRV,2,2,3,70,9
"Egypt, Arab Rep.",EGY,Cuba,CUB,12,11,14,16,39
"Egypt, Arab Rep.",EGY,Cyprus,CYP,121,419,716,1021,2365
"Egypt, Arab Rep.",EGY,Czech Republic,CZE,10,11,12,88,158
"Egypt, Arab Rep.",EGY,Denmark,DNK,67,1,723,946,1247
"Egypt, Arab Rep.",EGY,Djibouti,DJI,2,3,7,11,14
"Egypt, Arab Rep.",EGY,Dominican Republic,DOM,7,8,7,7,7
"Egypt, Arab Rep.",EGY,Ecuador,ECU,11,21,32,34,36
"Egypt, Arab Rep.",EGY,El Salvador,SLV,204,10,8,6,8
"Egypt, Arab Rep.",EGY,Ethiopia,ETH,500,475,500,525,552
"Egypt, Arab Rep.",EGY,Fiji,FJI,99,51,6,2,3
"Egypt, Arab Rep.",EGY,Finland,FIN,1,5,10,193,388
"Egypt, Arab Rep.",EGY,France,FRA,3000,7189,18606,20919,5060
"Egypt, Arab Rep.",EGY,French Guiana,GUF,25,65,129,301,459
"Egypt, Arab Rep.",EGY,French Polynesia,PYF,43,27,12,122,461
"Egypt, Arab Rep.",EGY,Gabon,GAB,133,35,27,23,35
"Egypt, Arab Rep.",EGY,"Gambia, The",GMB,2,15,10,38,55
"Egypt, Arab Rep.",EGY,Germany,DEU,2111,5224,9577,7609,14208
"Egypt, Arab Rep.",EGY,Ghana,GHA,62,3,2,22,42
"Egypt, Arab Rep.",EGY,Greece,GRC,678,1075,1927,9891,7156
"Egypt, Arab Rep.",EGY,Guadeloupe,GLP,4,28,47,98,88
"Egypt, Arab Rep.",EGY,Guatemala,GTM,4,9,19,7,20
"Egypt, Arab Rep.",EGY,Guinea,GIN,1,2,3,48,159
"Egypt, Arab Rep.",EGY,Honduras,HND,5,2,3,7,1
"Egypt, Arab Rep.",EGY,Hungary,HUN,387,1279,1174,1021,973
"Egypt, Arab Rep.",EGY,India,IND,388,1586,462,720,792
"Egypt, Arab Rep.",EGY,Indonesia,IDN,8039,5059,2361,231,3335
"Egypt, Arab Rep.",EGY,"Iran, Islamic Rep.",IRN,107,190,719,1723,1453
"Egypt, Arab Rep.",EGY,Iraq,IRQ,139,2930,5043,8787,2510
"Egypt, Arab Rep.",EGY,Ireland,IRL,13,17,30,37,620
"Egypt, Arab Rep.",EGY,Israel,ISR,28481,33842,31199,25275,24672
"Egypt, Arab Rep.",EGY,Italy,ITA,384,589,15770,37994,43477
"Egypt, Arab Rep.",EGY,Japan,JPN,1,20,45,383,1091
"Egypt, Arab Rep.",EGY,Jordan,JOR,157,6406,25456,85785,102174
"Egypt, Arab Rep.",EGY,Kuwait,KWT,1743,37212,111358,120896,114162
"Egypt, Arab Rep.",EGY,Lao PDR,LAO,9,10,10,11,10
"Egypt, Arab Rep.",EGY,Lebanon,LBN,121,450,572,12934,37538
"Egypt, Arab Rep.",EGY,Libya,LBY,5398,71015,180526,265932,318394
"Egypt, Arab Rep.",EGY,Luxembourg,LUX,4,6,21,125,107
"Egypt, Arab Rep.",EGY,"Macedonia, FYR",MKD,2,2,4,109,126
"Egypt, Arab Rep.",EGY,Madagascar,MDG,19,11,26,219,198
"Egypt, Arab Rep.",EGY,Malawi,MWI,4,4,587,576,566
"Egypt, Arab Rep.",EGY,Martinique,MTQ,25,43,50,97,116
"Egypt, Arab Rep.",EGY,Monaco,MCO,4,143,29,36,43
"Egypt, Arab Rep.",EGY,Morocco,MAR,1321,425,239,202,185
"Egypt, Arab Rep.",EGY,Myanmar,MMR,360,342,204,80,66
"Egypt, Arab Rep.",EGY,Namibia,NAM,1,2,3,4,4
"Egypt, Arab Rep.",EGY,Netherlands,NLD,2,765,2117,6102,9381
"Egypt, Arab Rep.",EGY,New Caledonia,NCL,4,357,2,113,256
"Egypt, Arab Rep.",EGY,New Zealand,NZL,230,378,419,443,1167
"Egypt, Arab Rep.",EGY,Nicaragua,NIC,1,2,3,3,3
"Egypt, Arab Rep.",EGY,Niger,NER,2,3,4,186,431
"Egypt, Arab Rep.",EGY,Nigeria,NGA,943,1415,10952,3779,6336
"Egypt, Arab Rep.",EGY,Norway,NOR,53,104,186,296,393
"Egypt, Arab Rep.",EGY,Oman,OMN,2697,3880,9023,26169,38528
"Egypt, Arab Rep.",EGY,Pakistan,PAK,31,97,78,62,50
"Egypt, Arab Rep.",EGY,Papua New Guinea,PNG,14,34,16,13,9
"Egypt, Arab Rep.",EGY,Peru,PER,128,100,68,74,61
"Egypt, Arab Rep.",EGY,Philippines,PHL,130,139,544,114,731
"Egypt, Arab Rep.",EGY,Poland,POL,14,12,73,135,224
"Egypt, Arab Rep.",EGY,Qatar,QAT,115,2405,8462,21596,56093
"Egypt, Arab Rep.",EGY,Rwanda,RWA,24,3,3,4,50
"Egypt, Arab Rep.",EGY,Saint Pierre and Miquelon,SPM,4,2,2,2,3
"Egypt, Arab Rep.",EGY,Saudi Arabia,SAU,12110,68199,347779,906089,980205
"Egypt, Arab Rep.",EGY,Serbia and Montenegro,SCG,12,13,23,7,26
"Egypt, Arab Rep.",EGY,Slovak Republic,SVK,4,4,5,15,27
"Egypt, Arab Rep.",EGY,South Africa,ZAF,1499,2358,3208,6138,1951
"Egypt, Arab Rep.",EGY,Sudan,SDN,2235,2132,2735,1558,1880
"Egypt, Arab Rep.",EGY,Swaziland,SWZ,3,7,8,14,17
"Egypt, Arab Rep.",EGY,Sweden,SWE,115,61,134,1321,2062
"Egypt, Arab Rep.",EGY,Switzerland,CHE,343,94,470,349,1710
"Egypt, Arab Rep.",EGY,Syrian Arab Republic,SYR,7004,6715,2540,3592,4723
"Egypt, Arab Rep.",EGY,Thailand,THA,29,2,1069,2146,7367
"Egypt, Arab Rep.",EGY,Togo,TGO,7,9,10,10,11
"Egypt, Arab Rep.",EGY,Trinidad and Tobago,TTO,4,3,4,3,2
"Egypt, Arab Rep.",EGY,Tunisia,TUN,1786,55,1314,5,5
"Egypt, Arab Rep.",EGY,Turkey,TUR,1350,1530,1454,2291,779
"Egypt, Arab Rep.",EGY,Uganda,UGA,7,7,92,191,9
"Egypt, Arab Rep.",EGY,United Arab Emirates,ARE,129,3850,42028,77983,133986
"Egypt, Arab Rep.",EGY,United Kingdom,GBR,23283,2545,24031,25289,26975
"Egypt, Arab Rep.",EGY,United States,USA,8884,30520,52431,79861,118619
"Egypt, Arab Rep.",EGY,Uruguay,URY,63,53,38,39,75
"Egypt, Arab Rep.",EGY,Vanuatu,VUT,5,5,1,13,9
"Egypt, Arab Rep.",EGY,"Venezuela, RB",VEN,208,752,484,470,292
"Egypt, Arab Rep.",EGY,West Bank and Gaza,PSE,30461,36318,42998,56581,87461
"Egypt, Arab Rep.",EGY,"Yemen, Rep.",YEM,1121,1388,1719,2128,2487
"Egypt, Arab Rep.",EGY,Zambia,ZMB,4,4,883,237,214
"Egypt, Arab Rep.",EGY,Zimbabwe,ZWE,1982,2555,2410,2273,2090
El Salvador,SLV,Australia,AUS,128,430,848,8477,9589
El Salvador,SLV,Austria,AUT,9,101,8,23,23
El Salvador,SLV,"Bahamas, The",BHS,2,1,8,5,6
El Salvador,SLV,Belgium,BEL,7,45,69,35,46
El Salvador,SLV,Bermuda,BMU,46,12,35,10,4
El Salvador,SLV,Bolivia,BOL,3,5,6,42,101
El Salvador,SLV,Brazil,BRA,114,346,490,402,480
El Salvador,SLV,Canada,CAN,517,5546,10793,12965,38167
El Salvador,SLV,Chile,CHL,81,107,203,225,227
El Salvador,SLV,Colombia,COL,135,162,165,176,308
El Salvador,SLV,Costa Rica,CRI,965,751,5345,6349,8722
El Salvador,SLV,Cuba,CUB,8,7,4,3,3
El Salvador,SLV,Denmark,DNK,7,8,8,27,54
El Salvador,SLV,Dominican Republic,DOM,21,119,213,320,446
El Salvador,SLV,Ecuador,ECU,3,6,9,9,178
El Salvador,SLV,Fiji,FJI,14,14,16,25,29
El Salvador,SLV,Finland,FIN,2,8,16,5,21
El Salvador,SLV,France,FRA,919,92,68,59,1551
El Salvador,SLV,French Polynesia,PYF,3,2,2,17,26
El Salvador,SLV,Germany,DEU,74,74,50,420,536
El Salvador,SLV,Greece,GRC,2,5,9,95,12
El Salvador,SLV,Greenland,GRL,1,4,5,4,4
El Salvador,SLV,Guatemala,GTM,3017,15349,16884,14308,11854
El Salvador,SLV,Guinea-Bissau,GNB,1,1,2,4,3
El Salvador,SLV,Honduras,HND,44548,12625,9003,7484,6644
El Salvador,SLV,Hungary,HUN,7,33,31,27,26
El Salvador,SLV,Indonesia,IDN,5,3,3,4,4
El Salvador,SLV,Ireland,IRL,4,5,9,6,21
El Salvador,SLV,Italy,ITA,34,188,37,51,5319
El Salvador,SLV,Jamaica,JAM,5,70,39,30,7
El Salvador,SLV,Liberia,LBR,8,3,43,43,41
El Salvador,SLV,Libya,LBY,1,16,40,59,71
El Salvador,SLV,Mexico,MEX,2732,1339,2122,5167,5485
El Salvador,SLV,Myanmar,MMR,6,6,4,1,1
El Salvador,SLV,Netherlands Antilles,ANT,6,5,5,1,8
El Salvador,SLV,New Caledonia,NCL,6,3,17,12,8
El Salvador,SLV,Nicaragua,NIC,1015,1713,1925,2065,2471
El Salvador,SLV,Norway,NOR,2,3,6,55,110
El Salvador,SLV,Panama,PAN,1136,1271,1721,2493,2068
El Salvador,SLV,Papua New Guinea,PNG,2,4,8,6,5
El Salvador,SLV,Peru,PER,42,24,6,94,77
El Salvador,SLV,Philippines,PHL,2,58,9,2,97
El Salvador,SLV,Puerto Rico,PRI,2,5,7,527,65
El Salvador,SLV,Serbia and Montenegro,SCG,3,3,5,2,8
El Salvador,SLV,Singapore,SGP,3,1,4,11,38
El Salvador,SLV,Spain,ESP,82,139,238,1313,2223
El Salvador,SLV,Switzerland,CHE,75,1,369,133,164
El Salvador,SLV,Trinidad and Tobago,TTO,12,9,11,9,5
El Salvador,SLV,Tunisia,TUN,3,1,2,4,4
El Salvador,SLV,United Kingdom,GBR,30,12391,758,1067,1
El Salvador,SLV,United States,USA,7453,18548,105316,502329,827583
El Salvador,SLV,Uruguay,URY,17,14,10,11,17
El Salvador,SLV,"Venezuela, RB",VEN,449,486,997,1015,909
Equatorial Guinea,GNQ,Austria,AUT,8,5,9,15,2
Equatorial Guinea,GNQ,Belgium,BEL,7,9,23,61,61
Equatorial Guinea,GNQ,Benin,BEN,64,83,108,143,245
Equatorial Guinea,GNQ,Brazil,BRA,4,1,2,8,9
Equatorial Guinea,GNQ,Burundi,BDI,8,6,5,44,35
Equatorial Guinea,GNQ,Cameroon,CMR,2,3,2,871,733
Equatorial Guinea,GNQ,Canada,CAN,6,34,63,12,15
Equatorial Guinea,GNQ,Central African Republic,CAF,33,18,40,103,32
Equatorial Guinea,GNQ,Chad,TCD,13,14,16,18,20
Equatorial Guinea,GNQ,"Congo, Rep.",COG,32,54,259,430,79
Equatorial Guinea,GNQ,Cote d'Ivoire,CIV,149,231,296,76,419
Equatorial Guinea,GNQ,Djibouti,DJI,12,22,45,70,90
Equatorial Guinea,GNQ,Ethiopia,ETH,615,585,615,647,680
Equatorial Guinea,GNQ,France,FRA,213,511,4,7,360
Equatorial Guinea,GNQ,Gabon,GAB,165,6732,13473,25437,38709
Equatorial Guinea,GNQ,"Gambia, The",GMB,2,19,12,47,68
Equatorial Guinea,GNQ,Germany,DEU,37,40,37,45,836
Equatorial Guinea,GNQ,Greece,GRC,2,20,7,16,1
Equatorial Guinea,GNQ,India,IND,20,82,24,37,41
Equatorial Guinea,GNQ,Italy,ITA,29,45,186,299,60
Equatorial Guinea,GNQ,Madagascar,MDG,24,14,32,6,5
Equatorial Guinea,GNQ,Mayotte,MYT,1,2,5,14,27
Equatorial Guinea,GNQ,Niger,NER,2,2,3,127,296
Equatorial Guinea,GNQ,Pakistan,PAK,2,5,4,3,3
Equatorial Guinea,GNQ,Sao Tome and Principe,STP,407,387,368,130,124
Equatorial Guinea,GNQ,Somalia,SOM,5,1,54,288,5
Equatorial Guinea,GNQ,Sudan,SDN,1240,1183,1518,2130,2570
Equatorial Guinea,GNQ,Switzerland,CHE,26,7,33,27,9
Equatorial Guinea,GNQ,Tanzania,TZA,3,3,30,89,22
Equatorial Guinea,GNQ,Togo,TGO,4,6,6,7,7
Equatorial Guinea,GNQ,Uganda,UGA,55,55,50,50,75
Equatorial Guinea,GNQ,United Kingdom,GBR,24,89,179,13,926
Equatorial Guinea,GNQ,United States,USA,13,29,141,281,780
Equatorial Guinea,GNQ,Zimbabwe,ZWE,11,15,14,13,12
Eritrea,ERI,Algeria,DZA,7,3,2,2,1
Eritrea,ERI,Australia,AUS,54,148,432,401,1584
Eritrea,ERI,Austria,AUT,15,10,17,31,15
Eritrea,ERI,Bahrain,BHR,6,24,28,6,206
Eritrea,ERI,Belgium,BEL,13,19,25,122,123
Eritrea,ERI,Benin,BEN,7,9,12,16,27
Eritrea,ERI,Brazil,BRA,12,3,7,21,24
Eritrea,ERI,Canada,CAN,166,937,1743,835,4698
Eritrea,ERI,Central African Republic,CAF,400,220,476,8,2
Eritrea,ERI,Chad,TCD,1,1,2,2,2
Eritrea,ERI,"Congo, Dem. Rep.",COD,9,43018,27068,18705,15315
Eritrea,ERI,"Congo, Rep.",COG,383,644,99,164,30
Eritrea,ERI,Cote d'Ivoire,CIV,16,25,33,8,222
Eritrea,ERI,Djibouti,DJI,441,804,1619,2539,3259
Eritrea,ERI,"Egypt, Arab Rep.",EGY,24,202,397,477,371
Eritrea,ERI,Equatorial Guinea,GNQ,4,9,45,24,39
Eritrea,ERI,Ethiopia,ETH,230750,219497,230751,242582,255018
Eritrea,ERI,France,FRA,118,283,2,4,199
Eritrea,ERI,Gabon,GAB,1986,449,243,45,68
Eritrea,ERI,"Gambia, The",GMB,28,229,149,568,820
Eritrea,ERI,Germany,DEU,84,81,72,3571,1678
Eritrea,ERI,Greece,GRC,3,39,24,192,85
Eritrea,ERI,Hungary,HUN,1,5,4,4,4
Eritrea,ERI,India,IND,21,85,25,39,43
Eritrea,ERI,Indonesia,IDN,11,7,7,9,311
Eritrea,ERI,"Iran, Islamic Rep.",IRN,3,4,17,41,34
Eritrea,ERI,Israel,ISR,1,1,2,14,30
Eritrea,ERI,Italy,ITA,58,89,7705,9035,7441
Eritrea,ERI,Jordan,JOR,33,17,28,90,74
Eritrea,ERI,Kenya,KEN,3,594,772,960,20
Eritrea,ERI,Kuwait,KWT,20,287,93,430,406
Eritrea,ERI,Lebanon,LBN,7,3,7,48,1016
Eritrea,ERI,Madagascar,MDG,285,164,384,28,25
Eritrea,ERI,Morocco,MAR,11,4,2,2,2
Eritrea,ERI,Myanmar,MMR,13,13,8,3,2
Eritrea,ERI,New Zealand,NZL,4,15,44,36,71
Eritrea,ERI,Oman,OMN,35,51,118,341,503
Eritrea,ERI,Pakistan,PAK,2,5,4,3,3
Eritrea,ERI,Philippines,PHL,5,4,20,3,16
Eritrea,ERI,Qatar,QAT,7,14,101,80,1519
Eritrea,ERI,Sao Tome and Principe,STP,4,4,4,5,5
Eritrea,ERI,Saudi Arabia,SAU,372,2092,10669,27798,30072
Eritrea,ERI,Somalia,SOM,45,16,466,541,2
Eritrea,ERI,Sudan,SDN,124,118,151,213,256
Eritrea,ERI,Sweden,SWE,12,69,366,1914,3020
Eritrea,ERI,Switzerland,CHE,52,14,66,53,1378
Eritrea,ERI,Syrian Arab Republic,SYR,555,158,217,307,403
Eritrea,ERI,Uganda,UGA,6,6,14,25,7
Eritrea,ERI,United Arab Emirates,ARE,5,142,1546,2869,4929
Eritrea,ERI,United Kingdom,GBR,14,49,99,7,2108
Eritrea,ERI,United States,USA,345,694,2592,8526,17438
Eritrea,ERI,West Bank and Gaza,PSE,116,138,163,215,332
Eritrea,ERI,Zimbabwe,ZWE,49,63,59,56,51
Estonia,EST,Albania,ALB,2,3,3,3,4
Estonia,EST,Argentina,ARG,206,150,102,122,16
Estonia,EST,Australia,AUS,6744,8781,5909,3272,2364
Estonia,EST,Belgium,BEL,302,138,49,46,218
Estonia,EST,Bermuda,BMU,2,4,3,4,5
Estonia,EST,Bosnia and Herzegovina,BIH,4,4,7,32,25
Estonia,EST,Brazil,BRA,148,109,68,43,2
Estonia,EST,Bulgaria,BGR,7,8,8,8,37
Estonia,EST,Canada,CAN,8243,6934,5731,5734,6524
Estonia,EST,Chile,CHL,65,37,21,26,44
Estonia,EST,Colombia,COL,5,8,10,13,18
Estonia,EST,Croatia,HRV,23,23,41,7,74
Estonia,EST,Cyprus,CYP,4,9,15,21,14
Estonia,EST,Czech Republic,CZE,83,92,101,717,62
Estonia,EST,Denmark,DNK,66,219,156,136,597
Estonia,EST,Finland,FIN,12160,8727,6926,8508,31597
Estonia,EST,France,FRA,8716,3178,891,15,14705
Estonia,EST,Germany,DEU,6247,6532,6285,38860,42892
Estonia,EST,Hungary,HUN,117,928,865,757,723
Estonia,EST,India,IND,8,8,4,15,3
Estonia,EST,Ireland,IRL,17,21,38,51,640
Estonia,EST,Israel,ISR,219,260,426,843,1517
Estonia,EST,Italy,ITA,214,194,206,71,393
Estonia,EST,Latvia,LVA,7518,7068,6003,5401,4015
Estonia,EST,Luxembourg,LUX,5,16,21,123,28
Estonia,EST,"Macedonia, FYR",MKD,6,6,11,118,137
Estonia,EST,Mexico,MEX,49,51,5,30,7
Estonia,EST,Monaco,MCO,3,2,29,36,42
Estonia,EST,Netherlands,NLD,571,146,106,20,179
Estonia,EST,New Caledonia,NCL,1,2,1,2,3
Estonia,EST,New Zealand,NZL,299,281,176,168,101
Estonia,EST,Nigeria,NGA,2,1,5,1,2
Estonia,EST,Norway,NOR,61,65,63,59,334
Estonia,EST,Papua New Guinea,PNG,13,31,2,2,1
Estonia,EST,Poland,POL,1955,1683,1157,734,363
Estonia,EST,Romania,ROU,25,22,15,11,58
Estonia,EST,Serbia and Montenegro,SCG,35,36,64,44,163
Estonia,EST,Slovak Republic,SVK,33,36,40,124,9
Estonia,EST,Slovenia,SVN,3,3,5,2,15
Estonia,EST,South Africa,ZAF,84,101,117,58,86
Estonia,EST,Spain,ESP,39,65,112,8,166
Estonia,EST,Sweden,SWE,13998,3309,3032,13621,13485
Estonia,EST,Switzerland,CHE,82,11,79,1515,127
Estonia,EST,Turkey,TUR,42,36,26,32,113
Estonia,EST,United Kingdom,GBR,2044,1635,1149,859,51
Estonia,EST,United States,USA,27105,20815,22519,19596,11706
Estonia,EST,Uruguay,URY,26,21,15,10,3
Estonia,EST,West Bank and Gaza,PSE,4,5,6,7,11
Estonia,EST,"Yemen, Rep.",YEM,2,3,3,4,5
Estonia,EST,Zimbabwe,ZWE,4,5,5,4,4
Ethiopia,ETH,Algeria,DZA,6,2,2,1,1
Ethiopia,ETH,Australia,AUS,133,363,1062,890,3518
Ethiopia,ETH,Austria,AUT,36,24,41,74,299
Ethiopia,ETH,Bahrain,BHR,4,17,5,4,37
Ethiopia,ETH,Belgium,BEL,32,44,64,288,290
Ethiopia,ETH,Benin,BEN,1,1,2,2,4
Ethiopia,ETH,Brazil,BRA,21,6,12,37,42
Ethiopia,ETH,Bulgaria,BGR,20,21,21,21,98
Ethiopia,ETH,Burundi,BDI,11,9,7,61,49
Ethiopia,ETH,Cameroon,CMR,3,4,3,160,135
Ethiopia,ETH,Canada,CAN,651,3671,6828,2503,14075
Ethiopia,ETH,Chad,TCD,18,20,22,25,28
Ethiopia,ETH,Cote d'Ivoire,CIV,2,4,5,1,33
Ethiopia,ETH,Cuba,CUB,7,6,8,9,22
Ethiopia,ETH,Cyprus,CYP,9,31,52,74,38
Ethiopia,ETH,Djibouti,DJI,3442,6273,12632,19811,25437
Ethiopia,ETH,"Egypt, Arab Rep.",EGY,20,309,626,13,583
Ethiopia,ETH,Eritrea,ERI,32,25,10,117,160
Ethiopia,ETH,France,FRA,661,1583,12,21,1114
Ethiopia,ETH,Germany,DEU,207,191,171,9555,3971
Ethiopia,ETH,Ghana,GHA,43,5,2,32,62
Ethiopia,ETH,Greece,GRC,7,93,180,2522,1118
Ethiopia,ETH,Guadeloupe,GLP,2,16,27,56,50
Ethiopia,ETH,Hungary,HUN,30,112,103,90,85
Ethiopia,ETH,India,IND,127,519,151,236,259
Ethiopia,ETH,"Iran, Islamic Rep.",IRN,2,3,11,27,23
Ethiopia,ETH,Ireland,IRL,3,4,7,8,103
Ethiopia,ETH,Israel,ISR,2736,3251,4389,30337,66967
Ethiopia,ETH,Italy,ITA,138,211,5820,6783,5587
Ethiopia,ETH,Jordan,JOR,16,58,212,14,75
Ethiopia,ETH,Kenya,KEN,871,4634,6026,7493,20332
Ethiopia,ETH,Kuwait,KWT,14,201,65,41,39
Ethiopia,ETH,Lebanon,LBN,4,22,18,76,2329
Ethiopia,ETH,Libya,LBY,5,5,13,20,24
Ethiopia,ETH,Luxembourg,LUX,1,2,6,35,22
Ethiopia,ETH,Malawi,MWI,1,1,156,153,150
Ethiopia,ETH,Martinique,MTQ,14,24,28,55,66
Ethiopia,ETH,Mayotte,MYT,2,4,7,19,38
Ethiopia,ETH,Morocco,MAR,9,3,2,1,1
Ethiopia,ETH,New Zealand,NZL,9,36,108,88,643
Ethiopia,ETH,Nicaragua,NIC,14,23,26,28,34
Ethiopia,ETH,Norway,NOR,2,163,384,1455,2237
Ethiopia,ETH,Oman,OMN,16,23,53,154,227
Ethiopia,ETH,Pakistan,PAK,10,32,25,20,16
Ethiopia,ETH,Papua New Guinea,PNG,2,5,7,5,4
Ethiopia,ETH,Qatar,QAT,4,119,268,128,3481
Ethiopia,ETH,Saudi Arabia,SAU,262,1473,7513,19573,21174
Ethiopia,ETH,Serbia and Montenegro,SCG,3,4,6,2,7
Ethiopia,ETH,Somalia,SOM,47,37,17,179,306
Ethiopia,ETH,Sudan,SDN,1738,1658,2126,2978,3593
Ethiopia,ETH,Sweden,SWE,46,270,1426,7464,11776
Ethiopia,ETH,Switzerland,CHE,123,34,156,125,2231
Ethiopia,ETH,Syrian Arab Republic,SYR,11,105,76,108,142
Ethiopia,ETH,Tanzania,TZA,4,4,43,124,31
Ethiopia,ETH,Tunisia,TUN,12,3,9,17,16
Ethiopia,ETH,Turkey,TUR,244,443,529,957,63
Ethiopia,ETH,Uganda,UGA,77,77,129,198,105
Ethiopia,ETH,United Arab Emirates,ARE,1,43,469,870,1496
Ethiopia,ETH,United Kingdom,GBR,76,276,556,42,11796
Ethiopia,ETH,United States,USA,1415,2847,10583,34983,71578
Ethiopia,ETH,West Bank and Gaza,PSE,116,139,164,216,334
Ethiopia,ETH,"Yemen, Rep.",YEM,444,549,680,842,984
Ethiopia,ETH,Zambia,ZMB,192,154,33,2,2
Ethiopia,ETH,Zimbabwe,ZWE,268,346,326,307,283
Faeroe Islands,FRO,Angola,AGO,6,3,1,1,2
Faeroe Islands,FRO,Denmark,DNK,6005,5127,6254,6981,9914
Faeroe Islands,FRO,Greenland,GRL,65,181,221,214,182
Faeroe Islands,FRO,"Macedonia, FYR",MKD,1,1,2,21,25
Faeroe Islands,FRO,Malawi,MWI,2,2,4,4,4
Faeroe Islands,FRO,Norway,NOR,365,336,501,534,921
Faeroe Islands,FRO,Serbia and Montenegro,SCG,6,6,11,8,29
Faeroe Islands,FRO,Tanzania,TZA,9,9,1,1,6
Falkland Islands (Malvinas),FLK,Australia,AUS,1,4,10,116,110
Falkland Islands (Malvinas),FLK,Cameroon,CMR,6,7,6,2,2
Falkland Islands (Malvinas),FLK,Canada,CAN,3,4,4,127,29
Falkland Islands (Malvinas),FLK,Chad,TCD,1,1,2,2,2
Falkland Islands (Malvinas),FLK,Israel,ISR,1,2,1,18,42
Falkland Islands (Malvinas),FLK,New Zealand,NZL,169,238,8,10,180
Falkland Islands (Malvinas),FLK,Tanzania,TZA,5,5,2,2,4
Falkland Islands (Malvinas),FLK,Uruguay,URY,3,3,2,2,3
Fiji,FJI,American Samoa,ASM,18,16,18,143,154
Fiji,FJI,Australia,AUS,2673,4269,9485,29315,43695
Fiji,FJI,Bangladesh,BGD,3,13,14,16,17
Fiji,FJI,"Congo, Dem. Rep.",COD,4,22,14,10,8
Fiji,FJI,Cook Islands,COK,1,28,50,26,6
Fiji,FJI,French Polynesia,PYF,5,3,1,36,53
Fiji,FJI,Germany,DEU,2,2,3,29,34
Fiji,FJI,Guam,GUM,23,179,3,69,110
Fiji,FJI,India,IND,85,301,300,2317,1026
Fiji,FJI,Indonesia,IDN,2,1,1,1,1
Fiji,FJI,Kiribati,KIR,37,34,38,121,108
Fiji,FJI,"Micronesia, Fed. Sts.",FSM,46,41,30,18,26
Fiji,FJI,Naura,NRU,43,1,70,186,363
Fiji,FJI,New Caledonia,NCL,5,31,61,55,59
Fiji,FJI,New Zealand,NZL,3017,5243,6705,8328,25402
Fiji,FJI,Niue,NIU,16,25,8,21,19
Fiji,FJI,Norway,NOR,2,3,8,12,25
Fiji,FJI,Pakistan,PAK,31,97,78,63,50
Fiji,FJI,Palau,PLW,5,7,10,38,65
Fiji,FJI,Papua New Guinea,PNG,69,171,217,168,126
Fiji,FJI,Samoa,WSM,108,217,226,97,166
Fiji,FJI,Singapore,SGP,43,1,3,9,32
Fiji,FJI,Solomon Islands,SLB,226,249,204,249,313
Fiji,FJI,South Africa,ZAF,11,50,90,2,21
Fiji,FJI,Tonga,TON,18,54,215,380,203
Fiji,FJI,Tuvalu,TUV,25,39,37,35,24
Fiji,FJI,United States,USA,1053,1035,9367,17183,31505
Fiji,FJI,Vanuatu,VUT,211,246,164,162,68
Fiji,FJI,Zimbabwe,ZWE,2,3,3,2,2
Finland,FIN,Albania,ALB,2,2,2,2,2
Finland,FIN,Algeria,DZA,21,8,7,5,4
Finland,FIN,Angola,AGO,16,6,2,3,4
Finland,FIN,Australia,AUS,6220,6859,9168,8732,8184
Finland,FIN,Austria,AUT,1149,1362,1061,819,1434
Finland,FIN,Belgium,BEL,937,232,625,877,2933
Finland,FIN,Benin,BEN,2,3,4,5,8
Finland,FIN,Bermuda,BMU,5,8,6,8,10
Finland,FIN,Bolivia,BOL,4,3,2,54,39
Finland,FIN,Bosnia and Herzegovina,BIH,19,20,35,170,134
Finland,FIN,Brazil,BRA,4,402,499,168,165
Finland,FIN,Bulgaria,BGR,6,7,7,7,32
Finland,FIN,Burkina Faso,BFA,2,2,5,2,4
Finland,FIN,Cameroon,CMR,26,29,23,35,29
Finland,FIN,Canada,CAN,28659,18527,8534,22400,13990
Finland,FIN,Cape Verde,CPV,5,6,7,8,9
Finland,FIN,Chad,TCD,2,3,3,3,4
Finland,FIN,"Congo, Dem. Rep.",COD,77,19,8,6,5
Finland,FIN,Cote d'Ivoire,CIV,19,30,38,14,12
Finland,FIN,Croatia,HRV,2,2,3,15,30
Finland,FIN,Czech Republic,CZE,6,7,8,56,335
Finland,FIN,Denmark,DNK,2122,3128,3693,3452,3566
Finland,FIN,Dominican Republic,DOM,2,14,26,39,55
Finland,FIN,Ecuador,ECU,1,2,3,3,44
Finland,FIN,Faeroe Islands,FRO,18,24,31,34,28
Finland,FIN,France,FRA,46878,16770,2041,2738,79086
Finland,FIN,Germany,DEU,3290,5664,10892,9441,16932
Finland,FIN,Ghana,GHA,13,30,10,34,58
Finland,FIN,Greece,GRC,111,314,767,1252,701
Finland,FIN,Guatemala,GTM,3,6,5,5,2
Finland,FIN,Guinea,GIN,8,13,19,7,8
Finland,FIN,Hungary,HUN,1610,651,480,382,347
Finland,FIN,Iceland,ISL,44,76,68,175,119
Finland,FIN,India,IND,19,1,4,135,19
Finland,FIN,Indonesia,IDN,18,11,11,14,12
Finland,FIN,Ireland,IRL,31,40,71,64,791
Finland,FIN,Israel,ISR,6,7,8,39,84
Finland,FIN,Italy,ITA,7205,7012,7240,3962,2217
Finland,FIN,Luxembourg,LUX,27,84,112,663,695
Finland,FIN,"Macedonia, FYR",MKD,33,34,60,633,735
Finland,FIN,Mexico,MEX,102,107,10,30,129
Finland,FIN,Monaco,MCO,20,11,155,193,228
Finland,FIN,Mongolia,MNG,11,13,16,20,24
Finland,FIN,Myanmar,MMR,4,4,4,5,4
Finland,FIN,Namibia,NAM,3,5,8,13,12
Finland,FIN,Netherlands,NLD,2993,906,948,1236,2302
Finland,FIN,New Caledonia,NCL,2,3,2,3,4
Finland,FIN,New Zealand,NZL,253,260,260,254,376
Finland,FIN,Nicaragua,NIC,9,15,17,18,22
Finland,FIN,Niger,NER,13,17,23,17,5
Finland,FIN,Nigeria,NGA,39,27,122,28,47
Finland,FIN,Norway,NOR,1439,2174,3795,4315,6776
Finland,FIN,Pakistan,PAK,1,4,4,3,2
Finland,FIN,Panama,PAN,22,13,20,10,14
Finland,FIN,Peru,PER,19,37,52,64,52
Finland,FIN,Philippines,PHL,8,29,33,16,420
Finland,FIN,Poland,POL,72,62,100,141,208
Finland,FIN,Portugal,PRT,16,41,108,133,371
Finland,FIN,Romania,ROU,285,244,172,123,103
Finland,FIN,Senegal,SEN,9,6,6,12,11
Finland,FIN,Serbia and Montenegro,SCG,186,189,338,232,858
Finland,FIN,Sierra Leone,SLE,3,4,5,5,2
Finland,FIN,Singapore,SGP,11,1,5,13,18
Finland,FIN,Slovak Republic,SVK,3,3,3,10,11
Finland,FIN,South Africa,ZAF,293,420,545,302,274
Finland,FIN,Spain,ESP,202,341,585,2298,4340
Finland,FIN,Sudan,SDN,21,20,26,84,101
Finland,FIN,Sweden,SWE,99867,242646,250527,222029,193364
Finland,FIN,Switzerland,CHE,2460,1558,2999,3695,2634
Finland,FIN,Tanzania,TZA,351,325,49,47,227
Finland,FIN,Thailand,THA,13,28,78,135,441
Finland,FIN,Togo,TGO,18,26,27,28,29
Finland,FIN,Tunisia,TUN,4,13,3,5,5
Finland,FIN,Turkey,TUR,7,13,15,27,1667
Finland,FIN,United Kingdom,GBR,2492,15616,4301,5363,1318
Finland,FIN,United States,USA,70558,53861,32529,24370,23608
Finland,FIN,Uruguay,URY,6,5,4,4,11
Finland,FIN,West Bank and Gaza,PSE,3,4,5,6,9
Finland,FIN,"Yemen, Rep.",YEM,2,2,3,4,4
Finland,FIN,Zambia,ZMB,2,2,18,3,3
Finland,FIN,Zimbabwe,ZWE,16,21,19,18,17
France,FRA,Afghanistan,AFG,4,11,17,43,31
France,FRA,Albania,ALB,3,4,4,4,5
France,FRA,Algeria,DZA,149835,58723,46294,36496,28772
France,FRA,Andorra,AND,190,1024,2431,4001,4346
France,FRA,Angola,AGO,1496,596,238,261,411
France,FRA,Antigua and Barbuda,ATG,161,229,126,33,42
France,FRA,Argentina,ARG,22915,15896,9787,7159,7332
France,FRA,Aruba,ABW,84,80,75,112,200
France,FRA,Australia,AUS,5208,7699,12859,14500,17107
France,FRA,Austria,AUT,12310,6010,4348,3398,5748
France,FRA,"Bahamas, The",BHS,280,149,92,50,56
France,FRA,Bahrain,BHR,13,6,19,12,12
France,FRA,Bangladesh,BGD,10,50,55,60,66
France,FRA,Barbados,BRB,400,206,38,656,751
France,FRA,Belgium,BEL,60056,88405,106324,93350,113542
France,FRA,Benin,BEN,281,365,474,624,1071
France,FRA,Bermuda,BMU,19,32,23,29,37
France,FRA,Bhutan,BTN,6,8,11,15,21
France,FRA,Bolivia,BOL,312,224,146,361,427
France,FRA,Bosnia and Herzegovina,BIH,393,400,715,3489,2748
France,FRA,Botswana,BWA,3,3,15,48,52
France,FRA,Brazil,BRA,10498,9092,10247,8042,8371
France,FRA,Bulgaria,BGR,72,75,77,76,354
France,FRA,Burkina Faso,BFA,495,702,1341,591,1193
France,FRA,Burundi,BDI,628,503,404,27,22
France,FRA,Cambodia,KHM,1485,1252,16,149,922
France,FRA,Cameroon,CMR,7229,8133,6476,9612,8092
France,FRA,Canada,CAN,35113,44354,54664,61528,78675
France,FRA,Cape Verde,CPV,206,228,252,298,346
France,FRA,Cayman Islands,CYM,1,2,7,17,710
France,FRA,Central African Republic,CAF,1737,958,2068,2188,685
France,FRA,Chad,TCD,656,726,802,886,1004
France,FRA,Chile,CHL,2844,2299,1921,2139,3097
France,FRA,China,CHN,388,105,25,219,502
France,FRA,Colombia,COL,1355,1508,1426,1410,1672
France,FRA,Comoros,COM,41,99,400,585,573
France,FRA,"Congo, Dem. Rep.",COD,19348,146683,91409,63168,51717
France,FRA,"Congo, Rep.",COG,2051,3451,4585,7608,1404
France,FRA,Costa Rica,CRI,155,91,170,340,656
France,FRA,Cote d'Ivoire,CIV,14335,22162,28421,6878,8511
France,FRA,Croatia,HRV,3870,3934,7043,850,667
France,FRA,Cuba,CUB,443,401,221,132,160
France,FRA,Cyprus,CYP,12,30,48,66,418
France,FRA,Czech Republic,CZE,267,295,326,2303,3650
France,FRA,Denmark,DNK,440,1261,2184,2660,4099
France,FRA,Djibouti,DJI,20,36,73,114,147
France,FRA,Dominica,DMA,127,70,13,30,45
France,FRA,Dominican Republic,DOM,1101,1568,1957,2460,3077
France,FRA,Ecuador,ECU,232,432,673,682,916
France,FRA,"Egypt, Arab Rep.",EGY,10868,7058,2994,2728,5426
France,FRA,El Salvador,SLV,260,120,116,112,161
France,FRA,Equatorial Guinea,GNQ,6888,3318,179,94,154
France,FRA,Eritrea,ERI,448,347,1133,207,64
France,FRA,Ethiopia,ETH,2626,2498,2626,2760,2902
France,FRA,Faeroe Islands,FRO,25,33,44,48,16
France,FRA,Fiji,FJI,118,62,10,3,4
France,FRA,Finland,FIN,181,192,239,535,1086
France,FRA,French Guiana,GUF,1180,4573,5757,11865,20779
France,FRA,French Polynesia,PYF,1712,5967,14586,17942,21581
France,FRA,Gabon,GAB,620,1435,2679,4935,7510
France,FRA,"Gambia, The",GMB,53,123,921,1308,1888
France,FRA,Germany,DEU,23951,39654,74684,70276,112171
France,FRA,Ghana,GHA,380,2429,786,2751,4715
France,FRA,Gibraltar,GIB,14,5,16,31,36
France,FRA,Greece,GRC,216,615,3913,8495,5066
France,FRA,Grenada,GRD,144,75,10,166,309
France,FRA,Guadeloupe,GLP,3073,10711,15042,30105,47533
France,FRA,Guatemala,GTM,285,242,287,211,160
France,FRA,Guinea,GIN,443,661,986,529,1038
France,FRA,Guinea-Bissau,GNB,16,17,17,40,38
France,FRA,Guyana,GUY,98,57,6,5,11
France,FRA,Haiti,HTI,395,307,389,527,713
France,FRA,Honduras,HND,42,19,25,53,104
France,FRA,"Hong Kong SAR, China",HKG,450,685,20,812,849
France,FRA,Hungary,HUN,3313,2004,1613,1336,1239
France,FRA,Iceland,ISL,5,37,78,141,257
France,FRA,India,IND,1277,3398,1997,5691,2650
France,FRA,Indonesia,IDN,94,59,60,73,65
France,FRA,"Iran, Islamic Rep.",IRN,2,3,11,26,22
France,FRA,Ireland,IRL,440,666,1918,2504,7870
France,FRA,Israel,ISR,2111,2509,2957,14884,31949
France,FRA,Italy,ITA,39400,82797,122819,65596,46629
France,FRA,Jamaica,JAM,388,128,487,6,1436
France,FRA,Japan,JPN,718,135,298,3294,4854
France,FRA,Jordan,JOR,176,106,201,193,390
France,FRA,Kenya,KEN,31,1190,851,463,320
France,FRA,"Korea, Dem. Rep.",PRK,13,11,7,39,45
France,FRA,"Korea, Rep.",KOR,69,107,308,348,1154
France,FRA,Kuwait,KWT,12,63,467,469,443
France,FRA,Lao PDR,LAO,3,4,4,4,4
France,FRA,Lebanon,LBN,18,17,13,608,1233
France,FRA,Lesotho,LSO,61,151,244,205,108
France,FRA,Liberia,LBR,192,223,126,126,120
France,FRA,Libya,LBY,2976,4136,10515,15489,18545
France,FRA,Liechtenstein,LIE,2,25,38,77,65
France,FRA,Luxembourg,LUX,10503,11074,12999,13509,18733
France,FRA,"Macao SAR, China",MAC,14,6,21,23,25
France,FRA,"Macedonia, FYR",MKD,688,699,1251,2311,2685
France,FRA,Madagascar,MDG,46760,26881,35190,15082,13633
France,FRA,Malawi,MWI,90,88,195,192,188
France,FRA,Malaysia,MYS,3,130,389,1250,2588
France,FRA,Mali,MLI,3181,3123,3065,3009,2491
France,FRA,Malta,MLT,8,54,35,36,63
France,FRA,Martinique,MTQ,3786,9838,14552,26201,37431
France,FRA,Mauritania,MRT,1251,2092,3498,1343,1484
France,FRA,Mauritius,MUS,1113,1143,1848,1898,2479
France,FRA,Mayotte,MYT,122,258,547,1413,4191
France,FRA,Mexico,MEX,4228,3544,4762,4257,5777
France,FRA,Monaco,MCO,8636,8548,7522,7673,7135
France,FRA,Mongolia,MNG,7,8,10,12,15
France,FRA,Morocco,MAR,178533,57388,32232,27278,24973
France,FRA,Mozambique,MOZ,88,38,117,219,229
France,FRA,Myanmar,MMR,20,19,19,25,21
France,FRA,Namibia,NAM,64,102,163,262,251
France,FRA,Netherlands,NLD,4713,2890,5544,13621,18274
France,FRA,Netherlands Antilles,ANT,414,363,319,451,202
France,FRA,New Caledonia,NCL,7030,9168,16852,18863,24944
France,FRA,New Zealand,NZL,424,461,607,895,1604
France,FRA,Nicaragua,NIC,53,89,100,107,128
France,FRA,Niger,NER,6002,8103,10937,8108,2336
France,FRA,Nigeria,NGA,8947,7605,43848,12537,21021
France,FRA,Norway,NOR,670,957,2053,2466,2996
France,FRA,Oman,OMN,29,41,96,279,411
France,FRA,Pakistan,PAK,117,370,297,239,192
France,FRA,Panama,PAN,405,375,314,312,332
France,FRA,Papua New Guinea,PNG,72,177,193,150,112
France,FRA,Paraguay,PRY,78,233,317,460,410
France,FRA,Peru,PER,1379,1897,2299,1183,967
France,FRA,Philippines,PHL,34,174,172,237,426
France,FRA,Poland,POL,66362,57144,46523,39300,36937
France,FRA,Portugal,PRT,3441,8990,23489,60844,93565
France,FRA,Puerto Rico,PRI,385,1135,1630,1119,14326
France,FRA,Qatar,QAT,18,90,188,1015,1843
France,FRA,Reunion,REU,4244,9230,19150,38190,69863
France,FRA,Romania,ROU,1186,1017,718,512,1028
France,FRA,Rwanda,RWA,911,332,377,576,2581
France,FRA,Saint Helena,SHN,2,4,9,2,2
France,FRA,Saint Pierre and Miquelon,SPM,117,333,480,808,1136
France,FRA,Samoa,WSM,2,8,13,14,13
France,FRA,San Marino,SMR,7,7,965,1014,1066
France,FRA,Sao Tome and Principe,STP,10,10,9,50,47
France,FRA,Saudi Arabia,SAU,4,21,109,283,306
France,FRA,Senegal,SEN,15858,10211,10771,20088,19807
France,FRA,Serbia and Montenegro,SCG,3780,3842,6879,10920,40418
France,FRA,Seychelles,SYC,27,113,165,301,262
France,FRA,Sierra Leone,SLE,111,183,225,222,149
France,FRA,Singapore,SGP,463,73,240,629,795
France,FRA,Slovak Republic,SVK,106,117,129,398,1381
France,FRA,Slovenia,SVN,1123,1141,2043,1403,1109
France,FRA,Solomon Islands,SLB,2,2,2,3,4
France,FRA,Somalia,SOM,665,510,1937,318,123
France,FRA,South Africa,ZAF,1534,2505,3469,2482,3197
France,FRA,Spain,ESP,43966,74159,127032,132217,126435
France,FRA,St. Kitts and Nevis,KNA,35,27,25,177,7
France,FRA,St. Lucia,LCA,127,72,20,257,174
France,FRA,St. Vincent and the Grenadines,VCT,56,51,48,67,107
France,FRA,Sudan,SDN,1123,1071,1374,4091,4936
France,FRA,Suriname,SUR,22,342,488,1116,2279
France,FRA,Swaziland,SWZ,49,97,11,92,63
France,FRA,Sweden,SWE,1725,2586,3156,3923,5541
France,FRA,Switzerland,CHE,42069,56585,56276,56141,65553
France,FRA,Syrian Arab Republic,SYR,11,100,72,102,135
France,FRA,Tanzania,TZA,2610,2419,2287,2203,1651
France,FRA,Thailand,THA,70,147,381,656,2125
France,FRA,Togo,TGO,3561,5091,5356,5594,5764
France,FRA,Trinidad and Tobago,TTO,2530,2060,2331,1892,1048
France,FRA,Tunisia,TUN,88881,12924,6461,3872,3648
France,FRA,Turkey,TUR,1302,3920,5304,10160,15948
France,FRA,Uganda,UGA,174,173,135,110,1459
France,FRA,United Kingdom,GBR,36254,21661,39996,54189,116631
France,FRA,United States,USA,116814,124960,167205,171151,198061
France,FRA,Uruguay,URY,399,330,238,904,900
France,FRA,Vanuatu,VUT,602,702,675,238,120
France,FRA,"Venezuela, RB",VEN,2094,3990,4979,4731,3662
France,FRA,Virgin Islands (U.S.),VIR,110,162,7,112,137
France,FRA,"Virgin Islands, British",VGB,15,75,92,11,12
France,FRA,Wallis and Futuna,WLF,10,34,115,295,592
France,FRA,West Bank and Gaza,PSE,112,133,158,207,321
France,FRA,"Yemen, Rep.",YEM,65,80,100,123,144
France,FRA,Zambia,ZMB,724,580,1732,345,312
France,FRA,Zimbabwe,ZWE,163,210,198,187,172
French Guiana,GUF,Antigua and Barbuda,ATG,8,11,7,4,14
French Guiana,GUF,Aruba,ABW,11,10,9,20,48
French Guiana,GUF,Barbados,BRB,20,16,14,33,38
French Guiana,GUF,Brazil,BRA,205,120,1730,737,624
French Guiana,GUF,Cameroon,CMR,101,113,90,38,32
French Guiana,GUF,Chad,TCD,21,23,25,28,32
French Guiana,GUF,Colombia,COL,2,2,3,3,7
French Guiana,GUF,Cuba,CUB,14,13,7,4,4
French Guiana,GUF,Dominica,DMA,6,4,1,8,12
French Guiana,GUF,Dominican Republic,DOM,231,183,122,66,6
French Guiana,GUF,Guadeloupe,GLP,251,2,199,527,759
French Guiana,GUF,Martinique,MTQ,652,5,1386,1972,3209
French Guiana,GUF,Netherlands Antilles,ANT,12,10,9,38,52
French Guiana,GUF,New Caledonia,NCL,5,900,13,84,177
French Guiana,GUF,Puerto Rico,PRI,18,54,77,68,718
French Guiana,GUF,Sudan,SDN,12,12,15,130,157
French Guiana,GUF,Tanzania,TZA,81,75,29,28,68
French Guiana,GUF,Trinidad and Tobago,TTO,127,103,117,95,52
French Guiana,GUF,Uruguay,URY,8,7,5,5,8
French Polynesia,PYF,American Samoa,ASM,1,1,1,9,13
French Polynesia,PYF,Fiji,FJI,7,18,32,39,45
French Polynesia,PYF,France,FRA,283,28,6059,69,477
French Polynesia,PYF,French Guiana,GUF,16,42,84,195,297
French Polynesia,PYF,Martinique,MTQ,18,6,19,37,44
French Polynesia,PYF,"Micronesia, Fed. Sts.",FSM,3,3,2,1,2
French Polynesia,PYF,New Caledonia,NCL,722,20,3394,3139,3514
French Polynesia,PYF,New Zealand,NZL,147,176,212,36,463
French Polynesia,PYF,Papua New Guinea,PNG,2,5,5,4,3
French Polynesia,PYF,Serbia and Montenegro,SCG,2,2,3,2,8
French Polynesia,PYF,Solomon Islands,SLB,7,8,15,2,4
French Polynesia,PYF,United States,USA,74,189,1011,1192,7709
French Polynesia,PYF,Vanuatu,VUT,3,4,10,3,9
Gabon,GAB,Austria,AUT,11,7,13,23,10
Gabon,GAB,Belgium,BEL,9,14,123,89,90
Gabon,GAB,Benin,BEN,1,2,3,3,6
Gabon,GAB,Burkina Faso,BFA,10,14,27,278,67
Gabon,GAB,Cameroon,CMR,1933,2175,1732,144,121
Gabon,GAB,Canada,CAN,6,32,59,40,432
Gabon,GAB,Central African Republic,CAF,301,166,359,134,42
Gabon,GAB,Chad,TCD,216,239,264,292,331
Gabon,GAB,"Congo, Rep.",COG,214,360,519,861,159
Gabon,GAB,Cote d'Ivoire,CIV,3,5,7,2,10
Gabon,GAB,Djibouti,DJI,2,3,7,11,14
Gabon,GAB,"Egypt, Arab Rep.",EGY,4,117,242,3,5
Gabon,GAB,Ethiopia,ETH,66,63,66,70,73
Gabon,GAB,France,FRA,232,556,6345,7794,392
Gabon,GAB,Germany,DEU,52,58,51,90,1228
Gabon,GAB,Ghana,GHA,3,307,162,2101,4040
Gabon,GAB,Greece,GRC,2,29,9,24,11
Gabon,GAB,India,IND,14,57,16,26,28
Gabon,GAB,Ireland,IRL,1,1,2,3,5
Gabon,GAB,Italy,ITA,41,63,273,439,137
Gabon,GAB,Libya,LBY,1,1,3,4,5
Gabon,GAB,Mali,MLI,67,66,65,63,4543
Gabon,GAB,Pakistan,PAK,1,3,3,2,2
Gabon,GAB,Sao Tome and Principe,STP,15,14,13,187,178
Gabon,GAB,Senegal,SEN,25,16,17,32,32
Gabon,GAB,Sierra Leone,SLE,19,31,38,37,1
Gabon,GAB,Sudan,SDN,194,185,237,333,402
Gabon,GAB,Switzerland,CHE,37,10,48,38,82
Gabon,GAB,Uganda,UGA,9,9,8,8,12
Gabon,GAB,United Kingdom,GBR,27,97,195,15,1009
Gabon,GAB,United States,USA,7,16,2,228,429
Gabon,GAB,Zimbabwe,ZWE,23,30,28,27,24
"Gambia, The",GMB,Australia,AUS,2,6,19,16,53
"Gambia, The",GMB,Austria,AUT,18,12,21,37,221
"Gambia, The",GMB,Belgium,BEL,16,22,40,145,146
"Gambia, The",GMB,Benin,BEN,16,20,27,35,60
"Gambia, The",GMB,Burkina Faso,BFA,15,21,40,396,100
"Gambia, The",GMB,Canada,CAN,30,169,315,46,228
"Gambia, The",GMB,Cape Verde,CPV,7,8,9,1,1
"Gambia, The",GMB,Central African Republic,CAF,6,3,7,5,2
"Gambia, The",GMB,Cote d'Ivoire,CIV,193,299,383,289,830
"Gambia, The",GMB,Ethiopia,ETH,106,101,106,112,117
"Gambia, The",GMB,France,FRA,220,527,4,7,371
"Gambia, The",GMB,Gabon,GAB,28,38,67,120,183
"Gambia, The",GMB,Germany,DEU,87,96,86,1002,2002
"Gambia, The",GMB,Ghana,GHA,65,32,6,8,10
"Gambia, The",GMB,Greece,GRC,4,47,16,38,34
"Gambia, The",GMB,Guinea,GIN,65,97,145,181,499
"Gambia, The",GMB,Guinea-Bissau,GNB,213,224,235,534,513
"Gambia, The",GMB,Hungary,HUN,1,5,4,4,4
"Gambia, The",GMB,India,IND,14,58,17,26,29
"Gambia, The",GMB,Italy,ITA,70,107,445,716,643
"Gambia, The",GMB,Madagascar,MDG,4,2,5,1,1
"Gambia, The",GMB,Mali,MLI,100,98,96,95,605
"Gambia, The",GMB,Mauritania,MRT,2,3,5,2,2
"Gambia, The",GMB,Niger,NER,6,8,10,25,43
"Gambia, The",GMB,Nigeria,NGA,3,643,6628,2571,4312
"Gambia, The",GMB,Pakistan,PAK,1,4,3,2,2
"Gambia, The",GMB,Senegal,SEN,5904,3802,4010,7479,7374
"Gambia, The",GMB,Sierra Leone,SLE,2487,4080,5038,4959,2386
"Gambia, The",GMB,Sudan,SDN,2,2,2,3,4
"Gambia, The",GMB,Switzerland,CHE,62,17,79,63,187
"Gambia, The",GMB,Togo,TGO,16,22,24,25,25
"Gambia, The",GMB,United Kingdom,GBR,25,92,634,1439,961
"Gambia, The",GMB,United States,USA,64,143,497,1561,3816
"Gambia, The",GMB,Zimbabwe,ZWE,2,3,3,2,2
Georgia,GEO,Albania,ALB,2,2,2,2,3
Georgia,GEO,Argentina,ARG,26,20,15,2,2
Georgia,GEO,Australia,AUS,283,638,309,1345,307
Georgia,GEO,Austria,AUT,108,138,50,252,332
Georgia,GEO,Azerbaijan,AZE,12802,22800,18007,24831,16291
Georgia,GEO,Belgium,BEL,543,246,91,82,254
Georgia,GEO,Bosnia and Herzegovina,BIH,1,1,3,12,10
Georgia,GEO,Brazil,BRA,19,14,10,6,32
Georgia,GEO,Bulgaria,BGR,77,80,82,81,379
Georgia,GEO,Burundi,BDI,26,21,17,2,2
Georgia,GEO,Canada,CAN,1005,845,699,699,795
Georgia,GEO,Chad,TCD,47,52,58,64,73
Georgia,GEO,Chile,CHL,41,27,15,16,2
Georgia,GEO,China,CHN,228,75,3,21,508
Georgia,GEO,Colombia,COL,1,2,2,3,4
Georgia,GEO,"Congo, Dem. Rep.",COD,16,433,271,188,154
Georgia,GEO,Croatia,HRV,9,9,16,4,45
Georgia,GEO,Cyprus,CYP,73,254,434,619,6945
Georgia,GEO,Czech Republic,CZE,54,59,66,464,361
Georgia,GEO,Denmark,DNK,69,41,29,24,110
Georgia,GEO,Djibouti,DJI,2,3,7,10,13
Georgia,GEO,"Egypt, Arab Rep.",EGY,15,14,14,2,50
Georgia,GEO,Eritrea,ERI,6,9,9,8,2
Georgia,GEO,Ethiopia,ETH,8,7,8,8,9
Georgia,GEO,Fiji,FJI,2,1,1,2,2
Georgia,GEO,Finland,FIN,17,22,30,14,47
Georgia,GEO,France,FRA,9140,914,2012,264,15420
Georgia,GEO,Germany,DEU,3149,3320,3324,60148,75104
Georgia,GEO,Ghana,GHA,1,6,2,7,12
Georgia,GEO,Greece,GRC,171,362,428,10215,21977
Georgia,GEO,"Hong Kong SAR, China",HKG,650,638,34,307,5810
Georgia,GEO,Hungary,HUN,279,447,398,343,325
Georgia,GEO,Indonesia,IDN,17,11,11,13,12
Georgia,GEO,Iraq,IRQ,1849,1141,676,411,6
Georgia,GEO,Ireland,IRL,4,5,9,11,150
Georgia,GEO,Israel,ISR,9967,11843,20048,45934,86254
Georgia,GEO,Italy,ITA,153,27,256,54,318
Georgia,GEO,Kenya,KEN,149,1566,1250,884,29
Georgia,GEO,Kuwait,KWT,3,16,5,383,362
Georgia,GEO,Lebanon,LBN,48,75,70,269,2269
Georgia,GEO,Luxembourg,LUX,8,6,22,129,12
Georgia,GEO,"Macao SAR, China",MAC,25,10,36,39,42
Georgia,GEO,"Macedonia, FYR",MKD,2,2,4,127,148
Georgia,GEO,Madagascar,MDG,19,11,4,2,2
Georgia,GEO,Mexico,MEX,6,7,3,12,95
Georgia,GEO,Monaco,MCO,4,4,30,38,44
Georgia,GEO,Myanmar,MMR,208,198,102,5,4
Georgia,GEO,Netherlands,NLD,2,2,5,12,113
Georgia,GEO,New Zealand,NZL,6,7,13,13,62
Georgia,GEO,Niger,NER,3,4,5,4,1
Georgia,GEO,Nigeria,NGA,9,8,46,13,22
Georgia,GEO,Norway,NOR,3,3,2,2,18
Georgia,GEO,Philippines,PHL,7,8,31,4,24
Georgia,GEO,Poland,POL,1249,1076,784,558,384
Georgia,GEO,Qatar,QAT,46,401,1037,449,3390
Georgia,GEO,Romania,ROU,11,10,7,5,14
Georgia,GEO,Saudi Arabia,SAU,1,6,30,79,85
Georgia,GEO,Serbia and Montenegro,SCG,13,14,24,8,28
Georgia,GEO,Slovak Republic,SVK,21,23,26,80,31
Georgia,GEO,Somalia,SOM,8,14,15,13,4
Georgia,GEO,South Africa,ZAF,116,98,79,82,33
Georgia,GEO,Sudan,SDN,879,839,1076,366,441
Georgia,GEO,Sweden,SWE,180,41,39,38,174
Georgia,GEO,Switzerland,CHE,137,34,95,94,426
Georgia,GEO,Syrian Arab Republic,SYR,3,28,20,29,38
Georgia,GEO,Tanzania,TZA,123,114,206,199,170
Georgia,GEO,Thailand,THA,2,44,83,134,421
Georgia,GEO,Togo,TGO,4,6,6,6,6
Georgia,GEO,Turkey,TUR,2402,2023,1470,1800,6473
Georgia,GEO,Uganda,UGA,29,29,48,73,24
Georgia,GEO,United Kingdom,GBR,3324,2661,7927,4074,82
Georgia,GEO,United States,USA,10882,8942,3823,4198,14757
Georgia,GEO,West Bank and Gaza,PSE,219,261,308,406,627
Georgia,GEO,"Yemen, Rep.",YEM,7117,8812,10909,13505,15788
Georgia,GEO,Zambia,ZMB,2,1,27,4,4
Georgia,GEO,Zimbabwe,ZWE,13,17,16,15,14
Germany,DEU,Afghanistan,AFG,4,13,17,41,45
Germany,DEU,Albania,ALB,35,38,42,47,53
Germany,DEU,Algeria,DZA,1509,591,466,367,290
Germany,DEU,Angola,AGO,1172,467,186,204,322
Germany,DEU,Antigua and Barbuda,ATG,6,8,26,47,7
Germany,DEU,Argentina,ARG,50653,36446,24323,17313,10420
Germany,DEU,Aruba,ABW,3,3,2,4,7
Germany,DEU,Australia,AUS,104693,125685,106805,108810,107208
Germany,DEU,Austria,AUT,435151,189405,103062,88810,101883
Germany,DEU,"Bahamas, The",BHS,9,310,192,170,189
Germany,DEU,Bahrain,BHR,161,70,234,147,150
Germany,DEU,Bangladesh,BGD,11,56,62,68,75
Germany,DEU,Barbados,BRB,14,7,1,23,26
Germany,DEU,Belgium,BEL,14818,23429,28046,28363,35924
Germany,DEU,Benin,BEN,10,13,17,23,39
Germany,DEU,Bermuda,BMU,118,202,146,218,175
Germany,DEU,Bhutan,BTN,5,7,10,13,18
Germany,DEU,Bolivia,BOL,3876,2501,1312,1123,1309
Germany,DEU,Bosnia and Herzegovina,BIH,2223,2259,4045,19732,15540
Germany,DEU,Botswana,BWA,9,8,26,321,217
Germany,DEU,Brazil,BRA,58773,50643,41363,25507,19530
Germany,DEU,Bulgaria,BGR,310,323,331,328,1526
Germany,DEU,Burkina Faso,BFA,81,114,218,98,194
Germany,DEU,Burundi,BDI,154,123,99,2,2
Germany,DEU,Cambodia,KHM,214,180,2,22,133
Germany,DEU,Cameroon,CMR,208,234,186,276,233
Germany,DEU,Canada,CAN,183947,188574,196989,218650,185745
Germany,DEU,Cape Verde,CPV,8,9,10,12,14
Germany,DEU,Cayman Islands,CYM,2,4,14,59,25
Germany,DEU,Central African Republic,CAF,4,2,5,54,17
Germany,DEU,Chad,TCD,19,21,23,25,28
Germany,DEU,Chile,CHL,11894,8159,6041,5359,5352
Germany,DEU,China,CHN,230,137,36,258,473
Germany,DEU,Colombia,COL,3085,3104,2589,2174,1947
Germany,DEU,"Congo, Dem. Rep.",COD,1433,2163,1295,895,733
Germany,DEU,"Congo, Rep.",COG,8,14,95,158,29
Germany,DEU,Cook Islands,COK,2,1,4,15,23
Germany,DEU,Costa Rica,CRI,483,261,486,799,1402
Germany,DEU,Cote d'Ivoire,CIV,90,139,178,280,74
Germany,DEU,Croatia,HRV,21968,22327,39976,5242,8781
Germany,DEU,Cuba,CUB,204,185,164,163,366
Germany,DEU,Cyprus,CYP,670,489,305,123,1187
Germany,DEU,Czech Republic,CZE,495,547,605,4277,9732
Germany,DEU,Denmark,DNK,28277,31883,26899,24476,26565
Germany,DEU,Djibouti,DJI,2,3,6,10,12
Germany,DEU,Dominica,DMA,4,3,1,11,16
Germany,DEU,Dominican Republic,DOM,160,1546,2883,4405,6199
Germany,DEU,Ecuador,ECU,486,905,1408,1390,1801
Germany,DEU,"Egypt, Arab Rep.",EGY,438,936,1486,8557,9983
Germany,DEU,El Salvador,SLV,29,319,288,260,171
Germany,DEU,Eritrea,ERI,5,9,17,9,8
Germany,DEU,Ethiopia,ETH,37,35,37,39,41
Germany,DEU,Faeroe Islands,FRO,46,61,81,89,35
Germany,DEU,Fiji,FJI,402,212,34,11,13
Germany,DEU,Finland,FIN,1516,985,639,2600,3687
Germany,DEU,France,FRA,154139,221523,201292,210539,260042
Germany,DEU,French Guiana,GUF,7,28,55,128,195
Germany,DEU,French Polynesia,PYF,30,134,339,274,48
Germany,DEU,Gabon,GAB,9,9,15,27,42
Germany,DEU,Ghana,GHA,515,386,125,437,749
Germany,DEU,Gibraltar,GIB,12,14,42,84,95
Germany,DEU,Greece,GRC,240,683,6515,21093,11349
Germany,DEU,Greenland,GRL,4,11,13,13,11
Germany,DEU,Guadeloupe,GLP,5,69,109,225,202
Germany,DEU,Guam,GUM,94,156,2,71,80
Germany,DEU,Guatemala,GTM,569,896,717,459,398
Germany,DEU,Guinea,GIN,149,223,333,229,520
Germany,DEU,Guinea-Bissau,GNB,8,8,9,19,19
Germany,DEU,Guyana,GUY,218,127,13,11,25
Germany,DEU,Haiti,HTI,65,7,8,11,15
Germany,DEU,Honduras,HND,86,39,50,109,214
Germany,DEU,"Hong Kong SAR, China",HKG,548,833,24,988,1033
Germany,DEU,Hungary,HUN,35904,25887,21411,17927,16733
Germany,DEU,Iceland,ISL,614,838,751,837,1052
Germany,DEU,India,IND,1330,3946,2395,5493,3902
Germany,DEU,Indonesia,IDN,243,153,156,189,169
Germany,DEU,"Iran, Islamic Rep.",IRN,19,34,130,312,263
Germany,DEU,Iraq,IRQ,500,367,285,291,53
Germany,DEU,Ireland,IRL,1396,1962,3345,3921,10126
Germany,DEU,Israel,ISR,45630,54219,2993,15068,32343
Germany,DEU,Italy,ITA,57978,100320,79772,93119,55821
Germany,DEU,Japan,JPN,8,123,273,3688,4390
Germany,DEU,Jordan,JOR,160,664,2455,22,707
Germany,DEU,Kenya,KEN,2,69,50,27,27
Germany,DEU,"Korea, Dem. Rep.",PRK,7,14,10,46,42
Germany,DEU,"Korea, Rep.",KOR,103,240,593,538,938
Germany,DEU,Kuwait,KWT,147,772,432,1303,1231
Germany,DEU,Lao PDR,LAO,9,9,10,10,10
Germany,DEU,Lebanon,LBN,63,354,30,9634,8468
Germany,DEU,Lesotho,LSO,57,143,232,196,102
Germany,DEU,Liberia,LBR,254,652,507,507,482
Germany,DEU,Libya,LBY,114,96,244,359,430
Germany,DEU,Liechtenstein,LIE,827,1170,1029,1026,1077
Germany,DEU,Luxembourg,LUX,14187,12133,12191,11862,12856
Germany,DEU,"Macao SAR, China",MAC,17,7,25,28,30
Germany,DEU,"Macedonia, FYR",MKD,3888,3952,7076,12463,14480
Germany,DEU,Malawi,MWI,70,69,154,151,149
Germany,DEU,Mali,MLI,38,38,37,36,2
Germany,DEU,Martinique,MTQ,6,42,33,64,77
Germany,DEU,Mauritius,MUS,114,118,258,137,310
Germany,DEU,Mexico,MEX,6734,5455,5423,4633,5678
Germany,DEU,"Micronesia, Fed. Sts.",FSM,183,166,87,2,4
Germany,DEU,Monaco,MCO,151,188,510,635,749
Germany,DEU,Mongolia,MNG,28,34,41,50,62
Germany,DEU,Morocco,MAR,200,64,36,30,28
Germany,DEU,Mozambique,MOZ,356,123,331,684,950
Germany,DEU,Myanmar,MMR,51,48,49,65,54
Germany,DEU,Namibia,NAM,171,274,439,703,673
Germany,DEU,Netherlands,NLD,128602,48321,66783,128144,115574
Germany,DEU,Netherlands Antilles,ANT,13,12,10,14,98
Germany,DEU,New Caledonia,NCL,23,40,181,113,63
Germany,DEU,New Zealand,NZL,2238,2945,3506,4856,8321
Germany,DEU,Nicaragua,NIC,141,238,268,287,344
Germany,DEU,Niger,NER,244,329,445,335,108
Germany,DEU,Nigeria,NGA,850,571,2599,583,977
Germany,DEU,Northern Mariana Islands,MNP,3,4,5,7,17
Germany,DEU,Norway,NOR,5140,6718,7825,8941,11688
Germany,DEU,Oman,OMN,31,44,103,299,441
Germany,DEU,Pakistan,PAK,134,422,338,272,218
Germany,DEU,Panama,PAN,360,383,292,333,437
Germany,DEU,Papua New Guinea,PNG,656,1616,733,568,426
Germany,DEU,Paraguay,PRY,533,1594,1487,1977,1865
Germany,DEU,Peru,PER,3000,2174,1292,1862,1523
Germany,DEU,Philippines,PHL,89,620,444,832,1737
Germany,DEU,Poland,POL,5512,4746,34792,64706,108175
Germany,DEU,Portugal,PRT,932,2434,6361,15487,26214
Germany,DEU,Puerto Rico,PRI,91,267,384,2263,497
Germany,DEU,Qatar,QAT,60,1891,446,16086,12654
Germany,DEU,Romania,ROU,4821,4135,2918,2080,2468
Germany,DEU,Rwanda,RWA,68,182,227,169,33
Germany,DEU,Samoa,WSM,7,28,44,42,53
Germany,DEU,San Marino,SMR,4,4,121,127,133
Germany,DEU,Saudi Arabia,SAU,46,260,1327,3458,3741
Germany,DEU,Senegal,SEN,125,81,85,158,156
Germany,DEU,Serbia and Montenegro,SCG,21375,21724,38897,27627,102251
Germany,DEU,Seychelles,SYC,2,30,54,65,129
Germany,DEU,Sierra Leone,SLE,67,109,135,133,24
Germany,DEU,Singapore,SGP,67,10,35,91,115
Germany,DEU,Slovak Republic,SVK,196,217,240,739,728
Germany,DEU,Slovenia,SVN,6414,6519,11673,8371,5502
Germany,DEU,Solomon Islands,SLB,6,6,6,10,14
Germany,DEU,Somalia,SOM,8,13,29,14,16
Germany,DEU,South Africa,ZAF,26487,29777,32757,21564,23930
Germany,DEU,Spain,ESP,24142,40722,69755,89377,109454
Germany,DEU,St. Vincent and the Grenadines,VCT,2,2,2,2,3
Germany,DEU,Sudan,SDN,79,75,97,319,385
Germany,DEU,Suriname,SUR,25,17,11,15,20
Germany,DEU,Swaziland,SWZ,38,76,9,72,49
Germany,DEU,Sweden,SWE,37046,42798,38571,35432,37748
Germany,DEU,Switzerland,CHE,5331,119736,5464,91691,117410
Germany,DEU,Syrian Arab Republic,SYR,129,1216,885,1251,1645
Germany,DEU,Tanzania,TZA,1347,1249,192,185,872
Germany,DEU,Thailand,THA,180,379,769,1261,4005
Germany,DEU,Togo,TGO,433,618,651,680,700
Germany,DEU,Tonga,TON,2,10,31,50,25
Germany,DEU,Trinidad and Tobago,TTO,88,72,81,66,36
Germany,DEU,Tunisia,TUN,263,290,194,375,353
Germany,DEU,Turkey,TUR,4416,56413,86842,174757,272995
Germany,DEU,Uganda,UGA,256,256,289,356,85
Germany,DEU,United Arab Emirates,ARE,6,168,1829,3394,5831
Germany,DEU,United Kingdom,GBR,147308,167846,185374,218592,338110
Germany,DEU,United States,USA,1035269,987519,1204599,1227752,1250815
Germany,DEU,Uruguay,URY,4858,4025,2906,2307,1596
Germany,DEU,Vanuatu,VUT,14,16,12,7,6
Germany,DEU,"Venezuela, RB",VEN,2200,6063,5625,4972,3983
Germany,DEU,Virgin Islands (U.S.),VIR,4,305,8,218,163
Germany,DEU,West Bank and Gaza,PSE,1012,1207,1429,1881,2907
Germany,DEU,"Yemen, Rep.",YEM,620,767,950,1176,1375
Germany,DEU,Zambia,ZMB,973,780,1358,531,481
Germany,DEU,Zimbabwe,ZWE,1236,1594,1503,1418,1304
Ghana,GHA,Angola,AGO,12,5,2,2,3
Ghana,GHA,Australia,AUS,89,242,709,961,2029
Ghana,GHA,Austria,AUT,82,57,102,189,1729
Ghana,GHA,Bangladesh,BGD,2,9,10,11,13
Ghana,GHA,Belgium,BEL,71,113,146,737,1600
Ghana,GHA,Benin,BEN,457,593,771,1014,1742
Ghana,GHA,Botswana,BWA,4,4,16,509,256
Ghana,GHA,Brazil,BRA,12,3,7,22,25
Ghana,GHA,Bulgaria,BGR,2,2,2,2,11
Ghana,GHA,Burkina Faso,BFA,10540,14957,28547,50696,42086
Ghana,GHA,Canada,CAN,595,3371,6273,3436,16586
Ghana,GHA,Cape Verde,CPV,198,219,242,31,36
Ghana,GHA,Central African Republic,CAF,7,4,9,15,5
Ghana,GHA,China,CHN,1,5,2,29,118
Ghana,GHA,Cote d'Ivoire,CIV,24664,38132,48900,92754,75072
Ghana,GHA,Cuba,CUB,9,8,10,12,28
Ghana,GHA,Cyprus,CYP,6,20,33,48,38
Ghana,GHA,"Egypt, Arab Rep.",EGY,5,41,81,4,219
Ghana,GHA,Ethiopia,ETH,136,130,136,143,150
Ghana,GHA,France,FRA,1375,3296,25,3589,2320
Ghana,GHA,Gabon,GAB,36,535,1063,2002,3046
Ghana,GHA,Germany,DEU,464,1182,14388,12448,22996
Ghana,GHA,Greece,GRC,16,240,71,196,381
Ghana,GHA,Guadeloupe,GLP,3,21,34,72,64
Ghana,GHA,Guinea,GIN,82,123,183,312,912
Ghana,GHA,Guinea-Bissau,GNB,6,7,7,16,15
Ghana,GHA,Hungary,HUN,26,97,89,77,74
Ghana,GHA,India,IND,283,1158,337,525,578
Ghana,GHA,Ireland,IRL,6,8,14,17,353
Ghana,GHA,Israel,ISR,3,3,4,28,62
Ghana,GHA,Italy,ITA,313,479,2257,23764,34481
Ghana,GHA,Japan,JPN,2,32,72,633,1701
Ghana,GHA,Lesotho,LSO,5,3,1,92,10
Ghana,GHA,Liberia,LBR,6307,6910,13446,13446,12790
Ghana,GHA,Libya,LBY,1,1,4,5,6
Ghana,GHA,Luxembourg,LUX,2,3,10,58,19
Ghana,GHA,"Macedonia, FYR",MKD,1,1,2,50,58
Ghana,GHA,Madagascar,MDG,5,3,7,2,1
Ghana,GHA,Malawi,MWI,2,2,246,242,237
Ghana,GHA,Mali,MLI,2263,2222,2181,2141,2535
Ghana,GHA,Martinique,MTQ,18,31,36,70,84
Ghana,GHA,Mauritania,MRT,43,73,122,201,222
Ghana,GHA,Monaco,MCO,2,2,14,17,20
Ghana,GHA,Namibia,NAM,2,3,4,7,6
Ghana,GHA,Netherlands,NLD,1,905,2505,7219,10873
Ghana,GHA,New Zealand,NZL,10,58,63,72,243
Ghana,GHA,Niger,NER,130,175,237,1158,2368
Ghana,GHA,Nigeria,NGA,7017,21843,198295,73458,123169
Ghana,GHA,Norway,NOR,4,14,36,746,1073
Ghana,GHA,Pakistan,PAK,22,71,57,46,37
Ghana,GHA,Papua New Guinea,PNG,1,3,4,3,3
Ghana,GHA,Senegal,SEN,910,586,618,1152,1136
Ghana,GHA,Serbia and Montenegro,SCG,6,6,10,3,12
Ghana,GHA,Sierra Leone,SLE,621,1018,1257,1238,1282
Ghana,GHA,South Africa,ZAF,36,164,293,649,2809
Ghana,GHA,Sudan,SDN,4,4,5,7,8
Ghana,GHA,Swaziland,SWZ,1,3,3,6,9
Ghana,GHA,Switzerland,CHE,279,76,377,284,1244
Ghana,GHA,Togo,TGO,17479,24989,26289,27460,28291
Ghana,GHA,Trinidad and Tobago,TTO,7,5,6,5,3
Ghana,GHA,Tunisia,TUN,3,7,2,5,4
Ghana,GHA,United Kingdom,GBR,5581,880,17290,34132,6139
Ghana,GHA,United States,USA,1049,2496,9872,23957,68432
Ghana,GHA,"Yemen, Rep.",YEM,1,2,2,3,3
Ghana,GHA,Zambia,ZMB,3,2,784,487,441
Ghana,GHA,Zimbabwe,ZWE,838,1081,1019,961,884
Gibraltar,GIB,Canada,CAN,34,68,104,265,248
Gibraltar,GIB,India,IND,5,4,1,33,5
Gibraltar,GIB,Ireland,IRL,2,2,4,4,47
Gibraltar,GIB,Luxembourg,LUX,1,3,5,27,1
Gibraltar,GIB,"Macedonia, FYR",MKD,1,1,2,26,30
Gibraltar,GIB,New Zealand,NZL,51,27,81,65,61
Gibraltar,GIB,Norway,NOR,2,4,8,6,4
Gibraltar,GIB,Serbia and Montenegro,SCG,8,8,14,10,35
Gibraltar,GIB,South Africa,ZAF,122,125,127,36,24
Gibraltar,GIB,United Kingdom,GBR,10290,11391,11559,11559,254
Gibraltar,GIB,United States,USA,763,5,2085,690,8
Gibraltar,GIB,Zimbabwe,ZWE,3,4,4,4,4
Greece,GRC,Albania,ALB,44331,48994,54147,59843,67508
Greece,GRC,Algeria,DZA,4899,1920,1514,1193,941
Greece,GRC,Angola,AGO,273,109,43,48,75
Greece,GRC,Argentina,ARG,395,2590,4921,3195,2413
Greece,GRC,Australia,AUS,74219,161937,141392,132072,115342
Greece,GRC,Austria,AUT,24721,9005,3271,1559,2655
Greece,GRC,Bahrain,BHR,39,17,57,36,36
Greece,GRC,Bangladesh,BGD,2,8,9,10,11
Greece,GRC,Belgium,BEL,9787,22814,22372,20914,18659
Greece,GRC,Benin,BEN,3,3,4,6,10
Greece,GRC,Bermuda,BMU,23,40,29,36,46
Greece,GRC,Bolivia,BOL,68,50,34,14,4
Greece,GRC,Bosnia and Herzegovina,BIH,505,513,919,4482,3530
Greece,GRC,Botswana,BWA,5,4,8,61,67
Greece,GRC,Brazil,BRA,7171,5505,4398,3500,2732
Greece,GRC,Bulgaria,BGR,1439,1503,1540,1525,7091
Greece,GRC,Burkina Faso,BFA,6,8,16,7,14
Greece,GRC,Cameroon,CMR,29,32,26,38,32
Greece,GRC,Canada,CAN,36975,62034,88854,98124,74725
Greece,GRC,Cape Verde,CPV,2,2,3,3,4
Greece,GRC,Central African Republic,CAF,18,10,21,120,38
Greece,GRC,Chad,TCD,3,3,3,3,4
Greece,GRC,Chile,CHL,524,314,223,187,191
Greece,GRC,Colombia,COL,185,176,136,100,100
Greece,GRC,"Congo, Dem. Rep.",COD,26310,11294,5897,4075,3337
Greece,GRC,"Congo, Rep.",COG,37,62,22,37,7
Greece,GRC,Cook Islands,COK,2,1,4,17,25
Greece,GRC,Costa Rica,CRI,3,4,14,18,26
Greece,GRC,Cote d'Ivoire,CIV,23,36,46,73,19
Greece,GRC,Croatia,HRV,5029,5111,9151,286,266
Greece,GRC,Cuba,CUB,15,14,7,3,2
Greece,GRC,Cyprus,CYP,2930,4321,5700,7134,10857
Greece,GRC,Czech Republic,CZE,126,139,154,1086,1822
Greece,GRC,Denmark,DNK,81,32,661,801,1039
Greece,GRC,Dominican Republic,DOM,12,36,58,84,114
Greece,GRC,Ecuador,ECU,16,30,47,50,35
Greece,GRC,Ethiopia,ETH,169,161,169,178,187
Greece,GRC,Fiji,FJI,437,230,37,12,14
Greece,GRC,Finland,FIN,5,22,43,299,450
Greece,GRC,France,FRA,10726,3837,16318,12832,18096
Greece,GRC,French Polynesia,PYF,9,25,58,10,52
Greece,GRC,Gabon,GAB,40,21,29,47,72
Greece,GRC,"Gambia, The",GMB,3,8,59,84,122
Greece,GRC,Germany,DEU,46203,307898,303378,258077,367554
Greece,GRC,Ghana,GHA,142,24,8,28,47
Greece,GRC,Guam,GUM,102,169,2,77,87
Greece,GRC,Guatemala,GTM,29,73,55,52,26
Greece,GRC,Guinea,GIN,6,9,14,5,5
Greece,GRC,Guyana,GUY,23,13,1,1,3
Greece,GRC,Honduras,HND,17,8,10,22,10
Greece,GRC,Hungary,HUN,92202,14962,6423,3392,2169
Greece,GRC,India,IND,274,222,59,1759,276
Greece,GRC,Indonesia,IDN,11,7,7,8,8
Greece,GRC,"Iran, Islamic Rep.",IRN,5,8,32,76,64
Greece,GRC,Ireland,IRL,14,18,105,126,353
Greece,GRC,Israel,ISR,462,549,35392,19814,6987
Greece,GRC,Italy,ITA,14936,14590,33731,19366,10069
Greece,GRC,Jordan,JOR,420,282,595,76,61
Greece,GRC,Kuwait,KWT,36,187,215,408,386
Greece,GRC,Lebanon,LBN,2991,6,128,5525,1859
Greece,GRC,Liberia,LBR,21,3,2,2,2
Greece,GRC,Libya,LBY,1533,119,302,445,533
Greece,GRC,Liechtenstein,LIE,36,83,71,88,89
Greece,GRC,Luxembourg,LUX,6,85,200,598,857
Greece,GRC,"Macedonia, FYR",MKD,883,898,1607,16182,18800
Greece,GRC,Madagascar,MDG,394,226,673,233,210
Greece,GRC,Malawi,MWI,76,75,36,35,35
Greece,GRC,Malta,MLT,4,64,88,142,348
Greece,GRC,Mauritius,MUS,23,23,124,46,87
Greece,GRC,Mexico,MEX,486,509,52,224,306
Greece,GRC,"Micronesia, Fed. Sts.",FSM,199,180,95,3,4
Greece,GRC,Monaco,MCO,142,104,35,44,52
Greece,GRC,Morocco,MAR,643,207,116,98,90
Greece,GRC,Mozambique,MOZ,358,108,259,486,508
Greece,GRC,Myanmar,MMR,2,2,2,3,2
Greece,GRC,Namibia,NAM,95,152,243,389,373
Greece,GRC,Netherlands,NLD,685,874,2063,5605,7273
Greece,GRC,New Caledonia,NCL,25,44,30,44,68
Greece,GRC,New Zealand,NZL,805,1604,1393,1341,960
Greece,GRC,Nicaragua,NIC,4,7,8,9,10
Greece,GRC,Niger,NER,64,86,116,88,28
Greece,GRC,Nigeria,NGA,503,290,1043,153,257
Greece,GRC,Northern Mariana Islands,MNP,3,4,5,8,19
Greece,GRC,Norway,NOR,67,212,281,481,587
Greece,GRC,Oman,OMN,7,11,25,72,107
Greece,GRC,Pakistan,PAK,20,63,51,41,33
Greece,GRC,Panama,PAN,552,422,266,304,238
Greece,GRC,Peru,PER,166,157,141,103,84
Greece,GRC,Philippines,PHL,5,18,20,24,240
Greece,GRC,Poland,POL,1400,1205,1652,2161,3057
Greece,GRC,Qatar,QAT,2865,34,1893,9225,2778
Greece,GRC,Romania,ROU,11617,9965,7033,5013,4430
Greece,GRC,Rwanda,RWA,2035,128,64,132,149
Greece,GRC,Samoa,WSM,1,5,7,5,10
Greece,GRC,Saudi Arabia,SAU,11,63,321,837,906
Greece,GRC,Senegal,SEN,8,5,5,10,10
Greece,GRC,Serbia and Montenegro,SCG,4855,4934,8835,1082,4003
Greece,GRC,Seychelles,SYC,1,16,29,5,5
Greece,GRC,Sierra Leone,SLE,1,2,2,2,1
Greece,GRC,Singapore,SGP,20,3,9,24,34
Greece,GRC,Slovak Republic,SVK,50,55,61,188,26
Greece,GRC,Slovenia,SVN,1458,1482,2653,45,22
Greece,GRC,Solomon Islands,SLB,6,7,6,11,15
Greece,GRC,South Africa,ZAF,3925,6656,9373,5518,3812
Greece,GRC,Spain,ESP,46,78,134,825,913
Greece,GRC,Sudan,SDN,11,11,14,39,47
Greece,GRC,Swaziland,SWZ,9,18,2,17,11
Greece,GRC,Sweden,SWE,262,12312,15104,13191,10735
Greece,GRC,Switzerland,CHE,6938,9330,12791,9190,6484
Greece,GRC,Syrian Arab Republic,SYR,31,294,214,303,398
Greece,GRC,Tanzania,TZA,21,19,20,20,13
Greece,GRC,Thailand,THA,8,17,47,83,269
Greece,GRC,Togo,TGO,91,130,137,143,147
Greece,GRC,Tonga,TON,2,11,34,54,27
Greece,GRC,Trinidad and Tobago,TTO,7,5,6,5,3
Greece,GRC,Tunisia,TUN,854,80,628,1217,1147
Greece,GRC,Turkey,TUR,260136,190123,112911,100565,59749
Greece,GRC,Tuvalu,TUV,2,2,2,2,1
Greece,GRC,United Arab Emirates,ARE,1,41,443,821,1411
Greece,GRC,United Kingdom,GBR,8368,4011,12403,14811,1739
Greece,GRC,United States,USA,166588,209976,229757,195173,179950
Greece,GRC,Uruguay,URY,93,77,56,57,195
Greece,GRC,Vanuatu,VUT,15,18,13,8,6
Greece,GRC,"Venezuela, RB",VEN,491,1622,1300,1110,773
Greece,GRC,West Bank and Gaza,PSE,869,1036,1227,1615,2496
Greece,GRC,"Yemen, Rep.",YEM,535,662,820,1015,1186
Greece,GRC,Zambia,ZMB,680,545,316,51,46
Greece,GRC,Zimbabwe,ZWE,1279,1648,1555,1466,1349
Greenland,GRL,Denmark,DNK,8,3362,5,9412,11934
Greenland,GRL,Finland,FIN,2,9,18,2,2
Greenland,GRL,France,FRA,1043,104,77,67,1760
Greenland,GRL,Ireland,IRL,5,6,10,7,3
Greenland,GRL,Norway,NOR,2,20,73,125,188
Greenland,GRL,Serbia and Montenegro,SCG,3,3,5,3,9
Greenland,GRL,United States,USA,66,2,1012,360,184
Grenada,GRD,Anguilla,AIA,40,67,98,185,317
Grenada,GRD,Antigua and Barbuda,ATG,45,64,93,129,110
Grenada,GRD,Aruba,ABW,210,198,188,297,286
Grenada,GRD,Australia,AUS,2,21,11,96,121
Grenada,GRD,"Bahamas, The",BHS,135,54,57,34,38
Grenada,GRD,Barbados,BRB,954,718,571,591,677
Grenada,GRD,Canada,CAN,23,264,515,4416,8755
Grenada,GRD,Colombia,COL,5,5,4,4,4
Grenada,GRD,Cuba,CUB,665,602,337,207,266
Grenada,GRD,Dominica,DMA,198,133,70,14,21
Grenada,GRD,Dominican Republic,DOM,21,19,16,13,11
Grenada,GRD,French Guiana,GUF,12,44,87,202,309
Grenada,GRD,Germany,DEU,2,1,2,31,10
Grenada,GRD,Guadeloupe,GLP,100,166,382,861,773
Grenada,GRD,Haiti,HTI,30,72,91,123,166
Grenada,GRD,Jamaica,JAM,396,286,216,203,615
Grenada,GRD,Martinique,MTQ,2,5,215,10,12
Grenada,GRD,Montserrat,MSR,3,15,23,27,2
Grenada,GRD,Netherlands Antilles,ANT,581,510,448,631,33
Grenada,GRD,Nigeria,NGA,10,13,101,34,57
Grenada,GRD,Puerto Rico,PRI,138,407,585,264,5457
Grenada,GRD,St. Kitts and Nevis,KNA,41,31,30,25,26
Grenada,GRD,St. Lucia,LCA,203,172,147,124,204
Grenada,GRD,St. Vincent and the Grenadines,VCT,227,209,194,264,420
Grenada,GRD,Togo,TGO,5,6,7,7,7
Grenada,GRD,Trinidad and Tobago,TTO,9707,13011,21159,16536,11335
Grenada,GRD,Turks and Caicos Islands,TCA,11,30,78,39,44
Grenada,GRD,United Kingdom,GBR,15,19,19,17,25
Grenada,GRD,United States,USA,5533,129,8115,18106,27847
Grenada,GRD,Uruguay,URY,4,4,3,3,4
Grenada,GRD,"Venezuela, RB",VEN,192,2,869,435,235
Grenada,GRD,Virgin Islands (U.S.),VIR,100,1392,548,920,882
Grenada,GRD,"Virgin Islands, British",VGB,19,93,114,36,40
Grenada,GRD,"Yemen, Rep.",YEM,4,5,6,7,8
Guadeloupe,GLP,Anguilla,AIA,2,4,5,8,14
Guadeloupe,GLP,Antigua and Barbuda,ATG,18,25,35,48,45
Guadeloupe,GLP,Aruba,ABW,21,20,19,15,13
Guadeloupe,GLP,"Bahamas, The",BHS,23,4,2,2,2
Guadeloupe,GLP,Barbados,BRB,27,16,7,9,11
Guadeloupe,GLP,Bosnia and Herzegovina,BIH,4,4,7,35,28
Guadeloupe,GLP,Cameroon,CMR,17,19,15,51,43
Guadeloupe,GLP,Chad,TCD,6,6,7,8,9
Guadeloupe,GLP,Colombia,COL,12,10,6,2,2
Guadeloupe,GLP,Cuba,CUB,66,60,38,28,46
Guadeloupe,GLP,Dominica,DMA,8,30,52,572,846
Guadeloupe,GLP,Dominican Republic,DOM,306,267,211,165,118
Guadeloupe,GLP,Ecuador,ECU,2,4,6,6,1
Guadeloupe,GLP,Fiji,FJI,1,1,2,3,3
Guadeloupe,GLP,Finland,FIN,26,124,243,24,30
Guadeloupe,GLP,France,FRA,34707,3470,86781,924,208276
Guadeloupe,GLP,French Guiana,GUF,669,978,784,1294,2094
Guadeloupe,GLP,French Polynesia,PYF,11,32,76,103,52
Guadeloupe,GLP,Grenada,GRD,10,5,2,11,20
Guadeloupe,GLP,Guatemala,GTM,5,1,3,2,5
Guadeloupe,GLP,Haiti,HTI,49,12,16,21,29
Guadeloupe,GLP,Honduras,HND,6,3,3,7,4
Guadeloupe,GLP,Ireland,IRL,23,29,51,37,4
Guadeloupe,GLP,Israel,ISR,2,2,2,27,62
Guadeloupe,GLP,Kenya,KEN,7,32,149,278,6
Guadeloupe,GLP,Luxembourg,LUX,13,18,34,204,13
Guadeloupe,GLP,"Macedonia, FYR",MKD,6,6,10,178,207
Guadeloupe,GLP,Malawi,MWI,14,14,4,4,4
Guadeloupe,GLP,Martinique,MTQ,931,8,1999,2814,4579
Guadeloupe,GLP,Mayotte,MYT,8,16,35,90,336
Guadeloupe,GLP,Monaco,MCO,6,5,48,60,70
Guadeloupe,GLP,Netherlands Antilles,ANT,57,50,44,63,83
Guadeloupe,GLP,New Caledonia,NCL,9,1636,24,152,323
Guadeloupe,GLP,Panama,PAN,667,7,1,159,16
Guadeloupe,GLP,Puerto Rico,PRI,24,71,102,31,949
Guadeloupe,GLP,Serbia and Montenegro,SCG,38,39,70,34,127
Guadeloupe,GLP,St. Kitts and Nevis,KNA,3,2,2,12,4
Guadeloupe,GLP,St. Lucia,LCA,8,8,7,17,33
Guadeloupe,GLP,St. Vincent and the Grenadines,VCT,7,6,6,6,10
Guadeloupe,GLP,Sudan,SDN,17,16,20,69,83
Guadeloupe,GLP,Tanzania,TZA,111,103,40,38,94
Guadeloupe,GLP,Trinidad and Tobago,TTO,168,88,38,25,69
Guadeloupe,GLP,Turks and Caicos Islands,TCA,1,3,8,7,8
Guadeloupe,GLP,United Kingdom,GBR,12753,16250,15672,14185,21414
Guadeloupe,GLP,United States,USA,318,7,341,1765,903
Guadeloupe,GLP,Uruguay,URY,12,10,7,7,11
Guadeloupe,GLP,Virgin Islands (U.S.),VIR,10,138,25,398,87
Guadeloupe,GLP,"Yemen, Rep.",YEM,1,1,2,2,2
Guam,GUM,Cuba,CUB,1,1,26,41,116
Guam,GUM,Fiji,FJI,3,48,99,124,145
Guam,GUM,Guadeloupe,GLP,3,5,11,25,22
Guam,GUM,India,IND,18,35,7,509,170
Guam,GUM,Indonesia,IDN,32,20,20,25,22
Guam,GUM,"Micronesia, Fed. Sts.",FSM,1,1,93,188,364
Guam,GUM,Myanmar,MMR,38,37,22,9,7
Guam,GUM,Northern Mariana Islands,MNP,299,404,545,1139,1607
Guam,GUM,Pakistan,PAK,6,18,14,12,9
Guam,GUM,Philippines,PHL,14,10,58,74,1016
Guam,GUM,Puerto Rico,PRI,8,23,33,4,305
Guam,GUM,Trinidad and Tobago,TTO,6,5,5,4,2
Guam,GUM,United States,USA,16371,23465,31356,8274,47896
Guam,GUM,Vanuatu,VUT,1,2,5,1,4
Guam,GUM,"Yemen, Rep.",YEM,7,9,11,13,15
Guatemala,GTM,Australia,AUS,4,12,24,210,277
Guatemala,GTM,Austria,AUT,3,39,3,9,124
Guatemala,GTM,Belgium,BEL,3,17,101,13,18
Guatemala,GTM,Bermuda,BMU,28,7,22,6,2
Guatemala,GTM,Bolivia,BOL,5,4,4,106,134
Guatemala,GTM,Brazil,BRA,140,142,174,53,158
Guatemala,GTM,Cameroon,CMR,7,8,6,20,17
Guatemala,GTM,Canada,CAN,318,3400,6616,4981,13851
Guatemala,GTM,Chad,TCD,1,1,1,2,2
Guatemala,GTM,Chile,CHL,67,63,8,142,221
Guatemala,GTM,Colombia,COL,142,194,222,262,368
Guatemala,GTM,Costa Rica,CRI,450,412,874,1246,1998
Guatemala,GTM,Denmark,DNK,6,7,17,23,134
Guatemala,GTM,Dominican Republic,DOM,7,139,266,410,579
Guatemala,GTM,Ecuador,ECU,2,4,6,6,146
Guatemala,GTM,El Salvador,SLV,7696,4690,4708,4655,6698
Guatemala,GTM,Finland,FIN,1,7,14,16,30
Guatemala,GTM,France,FRA,793,79,59,51,1339
Guatemala,GTM,Germany,DEU,90,28,30,426,206
Guatemala,GTM,Honduras,HND,5272,1816,1784,2952,3370
Guatemala,GTM,Indonesia,IDN,10,6,6,8,7
Guatemala,GTM,Ireland,IRL,3,4,8,6,134
Guatemala,GTM,Italy,ITA,13,72,14,20,600
Guatemala,GTM,Jamaica,JAM,2,20,11,9,2
Guatemala,GTM,Kenya,KEN,3,13,60,111,1
Guatemala,GTM,Liberia,LBR,5,2,25,25,24
Guatemala,GTM,Mexico,MEX,8834,7134,4463,43073,24148
Guatemala,GTM,Myanmar,MMR,12,11,7,3,2
Guatemala,GTM,Nicaragua,NIC,428,722,811,870,1041
Guatemala,GTM,Norway,NOR,1,10,74,211,291
Guatemala,GTM,Panama,PAN,243,291,305,404,611
Guatemala,GTM,Peru,PER,58,33,8,130,107
Guatemala,GTM,Philippines,PHL,4,30,18,13,268
Guatemala,GTM,Serbia and Montenegro,SCG,2,2,4,2,7
Guatemala,GTM,Spain,ESP,71,120,205,1187,2010
Guatemala,GTM,Sudan,SDN,6,6,8,19,23
Guatemala,GTM,Sweden,SWE,11,12,24,42,651
Guatemala,GTM,Tanzania,TZA,44,41,9,8,20
Guatemala,GTM,Trinidad and Tobago,TTO,4,3,4,3,2
Guatemala,GTM,United Kingdom,GBR,26,10664,652,919,1
Guatemala,GTM,United States,USA,6073,20482,72214,242451,489507
Guatemala,GTM,Uruguay,URY,11,9,7,7,26
Guatemala,GTM,"Venezuela, RB",VEN,256,255,431,577,430
Guinea,GIN,Angola,AGO,906,361,144,158,249
Guinea,GIN,Australia,AUS,2,4,12,10,33
Guinea,GIN,Austria,AUT,22,15,26,47,94
Guinea,GIN,Bangladesh,BGD,2,11,12,13,14
Guinea,GIN,Belgium,BEL,19,28,84,183,184
Guinea,GIN,Benin,BEN,737,957,1244,1636,2810
Guinea,GIN,Brazil,BRA,5,1,3,8,10
Guinea,GIN,Bulgaria,BGR,3,3,3,3,14
Guinea,GIN,Burkina Faso,BFA,686,974,1858,18566,4698
Guinea,GIN,Burundi,BDI,12,10,8,10,8
Guinea,GIN,Cameroon,CMR,965,1085,864,29,25
Guinea,GIN,Canada,CAN,35,199,371,236,1317
Guinea,GIN,Cape Verde,CPV,321,355,393,53,62
Guinea,GIN,Central African Republic,CAF,60,33,71,40,12
Guinea,GIN,Chad,TCD,3,3,4,4,4
Guinea,GIN,"Congo, Dem. Rep.",COD,2,6458,4064,2808,2299
Guinea,GIN,"Congo, Rep.",COG,58,97,15,25,5
Guinea,GIN,Cote d'Ivoire,CIV,51728,79972,102556,124852,129807
Guinea,GIN,Cyprus,CYP,2,6,10,15,1
Guinea,GIN,Djibouti,DJI,3,5,10,16,20
Guinea,GIN,"Egypt, Arab Rep.",EGY,4,29,55,3,187
Guinea,GIN,Ethiopia,ETH,1114,1060,1114,1171,1231
Guinea,GIN,France,FRA,761,1823,6806,10521,1283
Guinea,GIN,Gabon,GAB,298,480,865,1572,2393
Guinea,GIN,"Gambia, The",GMB,4665,34,15620,23194,33489
Guinea,GIN,Germany,DEU,107,119,105,380,2519
Guinea,GIN,Ghana,GHA,618,1522,265,364,463
Guinea,GIN,Greece,GRC,4,59,19,48,7
Guinea,GIN,Guinea-Bissau,GNB,5110,5372,5648,3692,3547
Guinea,GIN,Hungary,HUN,9,33,30,26,25
Guinea,GIN,India,IND,322,1316,383,597,658
Guinea,GIN,Ireland,IRL,3,4,8,9,44
Guinea,GIN,Italy,ITA,85,130,559,901,1281
Guinea,GIN,Liberia,LBR,7943,22032,42062,42062,40011
Guinea,GIN,Libya,LBY,1,1,3,4,5
Guinea,GIN,Luxembourg,LUX,1,2,5,32,23
Guinea,GIN,Madagascar,MDG,27,15,58,12,11
Guinea,GIN,Mali,MLI,22667,22252,21844,21443,15563
Guinea,GIN,Mauritania,MRT,666,1113,1861,2952,3262
Guinea,GIN,Nicaragua,NIC,3,6,6,7,8
Guinea,GIN,Niger,NER,261,352,475,1154,1992
Guinea,GIN,Nigeria,NGA,142,792,7621,2887,4841
Guinea,GIN,Norway,NOR,2,10,12,30,31
Guinea,GIN,Pakistan,PAK,25,80,64,52,42
Guinea,GIN,Senegal,SEN,59416,38258,40359,75267,74213
Guinea,GIN,Serbia and Montenegro,SCG,3,3,6,2,7
Guinea,GIN,Sierra Leone,SLE,35249,57826,71399,70279,58908
Guinea,GIN,Somalia,SOM,233,2,164,255,1
Guinea,GIN,Sudan,SDN,275,262,336,474,571
Guinea,GIN,Switzerland,CHE,76,21,98,77,616
Guinea,GIN,Togo,TGO,718,1027,1080,1128,1163
Guinea,GIN,Uganda,UGA,12,12,11,11,17
Guinea,GIN,United Kingdom,GBR,87,318,640,48,3321
Guinea,GIN,United States,USA,61,138,1113,881,3671
Guinea,GIN,Zimbabwe,ZWE,30,38,36,34,31
Guinea-Bissau,GNB,Austria,AUT,27,18,31,55,25
Guinea-Bissau,GNB,Belgium,BEL,24,33,25,215,217
Guinea-Bissau,GNB,Benin,BEN,7,9,12,15,26
Guinea-Bissau,GNB,Burkina Faso,BFA,19,26,50,502,127
Guinea-Bissau,GNB,Burundi,BDI,2,1,1,9,7
Guinea-Bissau,GNB,Cameroon,CMR,864,972,774,26,22
Guinea-Bissau,GNB,Canada,CAN,4,24,44,58,53
Guinea-Bissau,GNB,Cape Verde,CPV,3,4,4,635,738
Guinea-Bissau,GNB,Central African Republic,CAF,47,26,55,24,8
Guinea-Bissau,GNB,Chad,TCD,3,3,3,3,4
Guinea-Bissau,GNB,"Congo, Dem. Rep.",COD,1,5019,3158,2182,1787
Guinea-Bissau,GNB,"Congo, Rep.",COG,45,75,12,19,4
Guinea-Bissau,GNB,Cote d'Ivoire,CIV,90,140,179,126,386
Guinea-Bissau,GNB,Djibouti,DJI,2,4,9,14,18
Guinea-Bissau,GNB,Ethiopia,ETH,866,824,866,911,958
Guinea-Bissau,GNB,France,FRA,228,547,4,7,385
Guinea-Bissau,GNB,Gabon,GAB,232,309,544,981,1493
Guinea-Bissau,GNB,"Gambia, The",GMB,4161,15560,6975,7120,10281
Guinea-Bissau,GNB,Germany,DEU,129,143,129,88,2963
Guinea-Bissau,GNB,Greece,GRC,5,70,23,57,2
Guinea-Bissau,GNB,Guinea,GIN,549,819,1221,782,1711
Guinea-Bissau,GNB,Hungary,HUN,1,9,8,7,7
Guinea-Bissau,GNB,India,IND,18,73,21,33,36
Guinea-Bissau,GNB,Israel,ISR,1,1,2,12,26
Guinea-Bissau,GNB,Italy,ITA,104,160,659,1059,269
Guinea-Bissau,GNB,Madagascar,MDG,33,19,45,10,9
Guinea-Bissau,GNB,Mali,MLI,127,124,122,120,11
Guinea-Bissau,GNB,Niger,NER,2,3,5,11,19
Guinea-Bissau,GNB,Nigeria,NGA,1,478,4927,1912,3206
Guinea-Bissau,GNB,Pakistan,PAK,1,4,4,3,2
Guinea-Bissau,GNB,Portugal,PRT,446,1166,3046,6336,625
Guinea-Bissau,GNB,Sao Tome and Principe,STP,44,42,40,24,23
Guinea-Bissau,GNB,Senegal,SEN,33701,21700,22892,42692,42094
Guinea-Bissau,GNB,Sierra Leone,SLE,12,19,23,23,2
Guinea-Bissau,GNB,Somalia,SOM,207,133,101,88,1
Guinea-Bissau,GNB,Sudan,SDN,246,235,301,424,512
Guinea-Bissau,GNB,Switzerland,CHE,93,25,118,95,147
Guinea-Bissau,GNB,Togo,TGO,7,10,10,11,11
Guinea-Bissau,GNB,Uganda,UGA,11,11,10,10,15
Guinea-Bissau,GNB,United Kingdom,GBR,26,96,192,14,997
Guinea-Bissau,GNB,United States,USA,8,18,213,54,488
Guinea-Bissau,GNB,Zimbabwe,ZWE,3,4,3,3,3
Guyana,GUY,Anguilla,AIA,26,44,64,122,208
Guyana,GUY,Antigua and Barbuda,ATG,42,60,857,1724,3638
Guyana,GUY,Aruba,ABW,111,105,100,111,303
Guyana,GUY,Australia,AUS,7,101,44,412,491
Guyana,GUY,"Bahamas, The",BHS,10,266,156,441,491
Guyana,GUY,Barbados,BRB,626,1122,1749,2672,3062
Guyana,GUY,Benin,BEN,3,4,5,7,12
Guyana,GUY,Brazil,BRA,396,367,696,1085,1603
Guyana,GUY,Cameroon,CMR,6,6,5,2,2
Guyana,GUY,Canada,CAN,2467,3129,3867,58588,82057
Guyana,GUY,Cayman Islands,CYM,6,10,37,83,185
Guyana,GUY,Chad,TCD,1,1,1,2,2
Guyana,GUY,Colombia,COL,4,7,8,11,18
Guyana,GUY,"Congo, Dem. Rep.",COD,5,9,6,4,3
Guyana,GUY,Cote d'Ivoire,CIV,8,12,15,42,4
Guyana,GUY,Cuba,CUB,391,354,186,103,102
Guyana,GUY,Denmark,DNK,24,27,33,83,98
Guyana,GUY,Dominica,DMA,130,90,51,74,109
Guyana,GUY,Dominican Republic,DOM,1465,1160,779,431,55
Guyana,GUY,Ecuador,ECU,7,13,21,22,11
Guyana,GUY,Finland,FIN,7,29,56,13,17
Guyana,GUY,French Guiana,GUF,73,78,156,362,552
Guyana,GUY,Germany,DEU,2,6,7,107,43
Guyana,GUY,Grenada,GRD,315,211,119,324,603
Guyana,GUY,Guadeloupe,GLP,7,109,169,349,314
Guyana,GUY,Guatemala,GTM,20,10,8,11,4
Guyana,GUY,Guinea,GIN,2,4,5,4,9
Guyana,GUY,Haiti,HTI,3,49,62,84,114
Guyana,GUY,Honduras,HND,2,1,1,3,1
Guyana,GUY,Hungary,HUN,7,31,28,25,23
Guyana,GUY,Ireland,IRL,14,18,31,23,47
Guyana,GUY,Israel,ISR,6,8,7,92,211
Guyana,GUY,Jamaica,JAM,382,693,589,551,374
Guyana,GUY,Liberia,LBR,1,134,2,2,2
Guyana,GUY,Luxembourg,LUX,1,2,8,45,7
Guyana,GUY,Martinique,MTQ,7,3,8,16,19
Guyana,GUY,Montserrat,MSR,5,19,28,348,31
Guyana,GUY,Netherlands Antilles,ANT,330,290,255,1083,1307
Guyana,GUY,New Zealand,NZL,48,2,106,204,97
Guyana,GUY,Niger,NER,37,49,67,48,10
Guyana,GUY,Nigeria,NGA,114,157,1174,398,668
Guyana,GUY,Norway,NOR,6,11,47,68,80
Guyana,GUY,Peru,PER,104,52,1,10,8
Guyana,GUY,Puerto Rico,PRI,94,278,400,1711,3730
Guyana,GUY,Senegal,SEN,3,2,2,4,4
Guyana,GUY,Serbia and Montenegro,SCG,5,5,9,16,61
Guyana,GUY,South Africa,ZAF,28,16,3,2,25
Guyana,GUY,Spain,ESP,287,484,829,2930,41
Guyana,GUY,St. Kitts and Nevis,KNA,122,94,90,340,600
Guyana,GUY,St. Lucia,LCA,134,339,557,1123,1547
Guyana,GUY,St. Vincent and the Grenadines,VCT,129,119,110,365,581
Guyana,GUY,Suriname,SUR,64,1182,1693,3877,7919
Guyana,GUY,Sweden,SWE,2,48,199,171,105
Guyana,GUY,Switzerland,CHE,2,3,2,10,43
Guyana,GUY,Tanzania,TZA,4,4,2,1,4
Guyana,GUY,Togo,TGO,52,74,78,82,84
Guyana,GUY,Trinidad and Tobago,TTO,7051,4239,2898,5124,5355
Guyana,GUY,Turks and Caicos Islands,TCA,4,11,28,27,30
Guyana,GUY,United Kingdom,GBR,12624,709,23258,22091,3264
Guyana,GUY,United States,USA,268,2997,57637,129959,219060
Guyana,GUY,"Venezuela, RB",VEN,2030,789,1533,4587,6705
Guyana,GUY,"Virgin Islands, British",VGB,21,103,126,728,804
Haiti,HTI,Anguilla,AIA,54,91,133,205,352
Haiti,HTI,Antigua and Barbuda,ATG,6,9,10,12,18
Haiti,HTI,Aruba,ABW,247,233,221,325,1023
Haiti,HTI,Austria,AUT,35,377,9,87,17
Haiti,HTI,"Bahamas, The",BHS,3028,6132,8862,11428,12703
Haiti,HTI,Barbados,BRB,358,244,160,231,265
Haiti,HTI,Belgium,BEL,25,233,554,246,171
Haiti,HTI,Bermuda,BMU,29,108,96,8,2
Haiti,HTI,Brazil,BRA,178,89,126,252,16
Haiti,HTI,Cameroon,CMR,7,8,7,22,18
Haiti,HTI,Canada,CAN,307,3283,6390,36837,52606
Haiti,HTI,Chad,TCD,1,1,2,2,2
Haiti,HTI,Chile,CHL,47,49,11,36,45
Haiti,HTI,Colombia,COL,17,35,50,67,95
Haiti,HTI,"Congo, Dem. Rep.",COD,1,54,34,23,19
Haiti,HTI,Costa Rica,CRI,13,25,18,30,53
Haiti,HTI,Cuba,CUB,25233,22832,10823,4684,1005
Haiti,HTI,Denmark,DNK,11,8,12,54,131
Haiti,HTI,Dominica,DMA,113,79,46,49,72
Haiti,HTI,Dominican Republic,DOM,95525,127170,152301,186181,228274
Haiti,HTI,Ecuador,ECU,3,5,8,8,34
Haiti,HTI,Finland,FIN,2,12,23,2,4
Haiti,HTI,France,FRA,1417,142,4797,14676,2391
Haiti,HTI,French Guiana,GUF,128,483,963,2240,3415
Haiti,HTI,Germany,DEU,227,279,139,278,2003
Haiti,HTI,Greece,GRC,7,19,34,353,85
Haiti,HTI,Grenada,GRD,129,73,20,148,276
Haiti,HTI,Guadeloupe,GLP,378,628,1447,3266,2933
Haiti,HTI,Guatemala,GTM,11,16,25,13,10
Haiti,HTI,Honduras,HND,9,4,5,12,33
Haiti,HTI,Hungary,HUN,2,11,10,9,8
Haiti,HTI,Ireland,IRL,4,5,9,6,6
Haiti,HTI,Italy,ITA,133,2234,338,607,229
Haiti,HTI,Jamaica,JAM,932,125,435,6,1449
Haiti,HTI,Kenya,KEN,3,14,64,119,1
Haiti,HTI,Luxembourg,LUX,1,2,3,20,11
Haiti,HTI,Martinique,MTQ,60,119,523,251,301
Haiti,HTI,Mexico,MEX,200,64,5,432,384
Haiti,HTI,Netherlands Antilles,ANT,733,644,566,3626,3292
Haiti,HTI,Nicaragua,NIC,10,16,18,19,23
Haiti,HTI,Nigeria,NGA,2,2,16,5,9
Haiti,HTI,Norway,NOR,2,3,3,6,11
Haiti,HTI,Panama,PAN,63,93,56,130,306
Haiti,HTI,Peru,PER,11,6,1,16,13
Haiti,HTI,Puerto Rico,PRI,324,955,1372,454,12809
Haiti,HTI,Serbia and Montenegro,SCG,4,4,7,3,13
Haiti,HTI,St. Kitts and Nevis,KNA,41,32,30,159,18
Haiti,HTI,St. Lucia,LCA,114,65,19,229,125
Haiti,HTI,St. Vincent and the Grenadines,VCT,166,152,141,157,250
Haiti,HTI,Sudan,SDN,7,6,8,20,25
Haiti,HTI,Suriname,SUR,131,163,168,334,630
Haiti,HTI,Switzerland,CHE,281,4,1338,479,493
Haiti,HTI,Tanzania,TZA,47,44,9,9,22
Haiti,HTI,Trinidad and Tobago,TTO,2262,1360,931,605,937
Haiti,HTI,Turks and Caicos Islands,TCA,36,95,247,2460,2718
Haiti,HTI,United Kingdom,GBR,2132,2757,2661,2408,3634
Haiti,HTI,United States,USA,5545,34977,104863,240037,435259
Haiti,HTI,Uruguay,URY,16,13,9,10,2
Haiti,HTI,"Venezuela, RB",VEN,831,342,1122,1877,1684
Haiti,HTI,Virgin Islands (U.S.),VIR,23,3302,145,350,507
Haiti,HTI,"Virgin Islands, British",VGB,13,65,80,33,36
Haiti,HTI,"Yemen, Rep.",YEM,30,37,45,56,66
Honduras,HND,Antigua and Barbuda,ATG,4,5,8,10,4
Honduras,HND,Australia,AUS,2,8,15,121,169
Honduras,HND,Austria,AUT,5,52,4,12,37
Honduras,HND,"Bahamas, The",BHS,8,14,8,7,8
Honduras,HND,Belgium,BEL,3,23,19,18,24
Honduras,HND,Bermuda,BMU,15,4,11,3,1
Honduras,HND,Bolivia,BOL,7,5,4,168,198
Honduras,HND,Brazil,BRA,97,83,205,278,136
Honduras,HND,Cameroon,CMR,4,5,4,12,10
Honduras,HND,Canada,CAN,167,1793,3490,997,4445
Honduras,HND,Cayman Islands,CYM,59,97,351,1014,1437
Honduras,HND,Chile,CHL,61,116,184,214,234
Honduras,HND,Colombia,COL,11,66,118,179,281
Honduras,HND,Costa Rica,CRI,809,550,962,1643,2949
Honduras,HND,Cuba,CUB,41,37,21,13,16
Honduras,HND,Denmark,DNK,5,6,14,37,72
Honduras,HND,Dominica,DMA,3,2,1,1,1
Honduras,HND,Dominican Republic,DOM,105,203,292,399,528
Honduras,HND,Ecuador,ECU,2,3,5,5,159
Honduras,HND,El Salvador,SLV,15024,19591,13598,8901,8802
Honduras,HND,Finland,FIN,1,6,13,6,18
Honduras,HND,France,FRA,722,72,54,46,1219
Honduras,HND,Germany,DEU,43,38,30,315,278
Honduras,HND,Guatemala,GTM,15094,6806,5385,4597,5214
Honduras,HND,Haiti,HTI,9,4,5,7,10
Honduras,HND,Hungary,HUN,3,12,11,10,9
Honduras,HND,Indonesia,IDN,2,1,1,1,1
Honduras,HND,Ireland,IRL,3,4,7,5,10
Honduras,HND,Italy,ITA,18,97,19,26,562
Honduras,HND,Jamaica,JAM,23,349,194,150,33
Honduras,HND,Liberia,LBR,3,1,15,15,14
Honduras,HND,Martinique,MTQ,2,5,5,10,12
Honduras,HND,Mexico,MEX,1527,991,1540,2030,3680
Honduras,HND,Netherlands Antilles,ANT,31,27,24,7,38
Honduras,HND,Nicaragua,NIC,4503,7598,8539,9158,10960
Honduras,HND,Norway,NOR,1,10,19,58,62
Honduras,HND,Panama,PAN,566,581,447,705,853
Honduras,HND,Peru,PER,26,16,6,117,95
Honduras,HND,Puerto Rico,PRI,8,24,35,444,326
Honduras,HND,Serbia and Montenegro,SCG,2,2,4,2,6
Honduras,HND,Spain,ESP,65,109,187,1668,2824
Honduras,HND,Sudan,SDN,4,4,5,11,14
Honduras,HND,Suriname,SUR,3,2,1,2,2
Honduras,HND,Tanzania,TZA,26,24,5,5,12
Honduras,HND,Trinidad and Tobago,TTO,57,47,53,43,24
Honduras,HND,United Kingdom,GBR,23,9350,572,805,1
Honduras,HND,United States,USA,7028,22561,42722,119088,288779
Honduras,HND,Uruguay,URY,10,8,6,6,16
Honduras,HND,"Venezuela, RB",VEN,193,216,310,436,309
Honduras,HND,Virgin Islands (U.S.),VIR,7,3,17,65,59
"Hong Kong SAR, China",HKG,Angola,AGO,7,3,1,1,2
"Hong Kong SAR, China",HKG,Aruba,ABW,5,5,5,6,10
"Hong Kong SAR, China",HKG,Australia,AUS,3384,4850,15156,55895,66151
"Hong Kong SAR, China",HKG,Bangladesh,BGD,107,85,94,103,113
"Hong Kong SAR, China",HKG,Bosnia and Herzegovina,BIH,2,2,4,19,15
"Hong Kong SAR, China",HKG,Brazil,BRA,31,2,5,187,112
"Hong Kong SAR, China",HKG,Brunei Darussalam,BRN,720,547,524,396,563
"Hong Kong SAR, China",HKG,Cambodia,KHM,624,526,7,63,387
"Hong Kong SAR, China",HKG,Canada,CAN,2435,32055,62949,89251,234201
"Hong Kong SAR, China",HKG,Colombia,COL,4,14,23,35,28
"Hong Kong SAR, China",HKG,Cuba,CUB,55,50,23,10,2
"Hong Kong SAR, China",HKG,Dominican Republic,DOM,14,47,79,115,159
"Hong Kong SAR, China",HKG,"Egypt, Arab Rep.",EGY,56,96,141,7,107
"Hong Kong SAR, China",HKG,El Salvador,SLV,2,2,9,14,2
"Hong Kong SAR, China",HKG,Fiji,FJI,103,82,67,84,98
"Hong Kong SAR, China",HKG,Finland,FIN,4,17,32,3,15
"Hong Kong SAR, China",HKG,France,FRA,14353,1435,887,413,24215
"Hong Kong SAR, China",HKG,French Polynesia,PYF,13,8,4,143,140
"Hong Kong SAR, China",HKG,Germany,DEU,2,3,5,76,155
"Hong Kong SAR, China",HKG,Ghana,GHA,3,26,9,30,51
"Hong Kong SAR, China",HKG,Gibraltar,GIB,4,232,244,29,355
"Hong Kong SAR, China",HKG,Guadeloupe,GLP,2,3,7,17,15
"Hong Kong SAR, China",HKG,Guam,GUM,19,139,7,67,87
"Hong Kong SAR, China",HKG,Guatemala,GTM,6,23,33,16,28
"Hong Kong SAR, China",HKG,Honduras,HND,35,16,20,44,101
"Hong Kong SAR, China",HKG,Hungary,HUN,6,32,30,26,25
"Hong Kong SAR, China",HKG,India,IND,23,2391,11,5499,9
"Hong Kong SAR, China",HKG,Indonesia,IDN,8,5,5,6,6
"Hong Kong SAR, China",HKG,Ireland,IRL,46,59,104,127,1512
"Hong Kong SAR, China",HKG,Libya,LBY,1,9,22,33,39
"Hong Kong SAR, China",HKG,Luxembourg,LUX,6,10,34,203,154
"Hong Kong SAR, China",HKG,"Macao SAR, China",MAC,8476,3398,12304,11457,14212
"Hong Kong SAR, China",HKG,"Macedonia, FYR",MKD,4,4,7,200,232
"Hong Kong SAR, China",HKG,Madagascar,MDG,9,5,1,1,1
"Hong Kong SAR, China",HKG,Malaysia,MYS,8,310,929,2986,1103
"Hong Kong SAR, China",HKG,Martinique,MTQ,1,5,4,8,10
"Hong Kong SAR, China",HKG,Mauritius,MUS,56,58,67,219,62
"Hong Kong SAR, China",HKG,"Micronesia, Fed. Sts.",FSM,2,2,4,7,7
"Hong Kong SAR, China",HKG,Monaco,MCO,6,2,47,59,70
"Hong Kong SAR, China",HKG,Myanmar,MMR,4,4,3,2,2
"Hong Kong SAR, China",HKG,Namibia,NAM,1,2,3,5,5
"Hong Kong SAR, China",HKG,Naura,NRU,33,25,40,32,13
"Hong Kong SAR, China",HKG,Netherlands,NLD,4,1245,3443,9921,9899
"Hong Kong SAR, China",HKG,Netherlands Antilles,ANT,11,10,9,23,192
"Hong Kong SAR, China",HKG,New Caledonia,NCL,1,16,7,19,35
"Hong Kong SAR, China",HKG,New Zealand,NZL,249,787,1346,2037,11115
"Hong Kong SAR, China",HKG,Nicaragua,NIC,10,17,19,21,25
"Hong Kong SAR, China",HKG,Nigeria,NGA,3,3,16,5,8
"Hong Kong SAR, China",HKG,Norway,NOR,13,75,318,738,903
"Hong Kong SAR, China",HKG,Pakistan,PAK,92,212,170,137,110
"Hong Kong SAR, China",HKG,Panama,PAN,25,2,5,65,380
"Hong Kong SAR, China",HKG,Papua New Guinea,PNG,60,148,110,85,64
"Hong Kong SAR, China",HKG,Philippines,PHL,3,3,14,222,11
"Hong Kong SAR, China",HKG,Puerto Rico,PRI,1,3,5,43,43
"Hong Kong SAR, China",HKG,Serbia and Montenegro,SCG,21,22,39,12,45
"Hong Kong SAR, China",HKG,Singapore,SGP,2768,173,920,2595,351
"Hong Kong SAR, China",HKG,South Africa,ZAF,60,60,58,1,682
"Hong Kong SAR, China",HKG,Sweden,SWE,6,323,1435,2902,555
"Hong Kong SAR, China",HKG,Switzerland,CHE,2,1,1,5,21
"Hong Kong SAR, China",HKG,Togo,TGO,1,2,2,2,2
"Hong Kong SAR, China",HKG,Trinidad and Tobago,TTO,8,6,7,6,3
"Hong Kong SAR, China",HKG,United Kingdom,GBR,12508,30576,60318,75601,143805
"Hong Kong SAR, China",HKG,United States,USA,4766,3752,87572,159451,207845
"Hong Kong SAR, China",HKG,Vanuatu,VUT,33,38,21,16,5
"Hong Kong SAR, China",HKG,"Venezuela, RB",VEN,20,10,44,45,491
"Hong Kong SAR, China",HKG,Vietnam,VNM,7,1,9,18,20
"Hong Kong SAR, China",HKG,"Yemen, Rep.",YEM,4,5,6,7,9
"Hong Kong SAR, China",HKG,Zambia,ZMB,4,3,65,10,9
"Hong Kong SAR, China",HKG,Zimbabwe,ZWE,27,35,33,31,29
Hungary,HUN,Albania,ALB,393,435,480,531,599
Hungary,HUN,Algeria,DZA,26,10,8,6,5
Hungary,HUN,Angola,AGO,58,23,9,10,16
Hungary,HUN,Argentina,ARG,432,2828,5373,3297,1657
Hungary,HUN,Australia,AUS,29247,34488,26988,26295,22538
Hungary,HUN,Austria,AUT,49944,10706,6372,16357,17955
Hungary,HUN,Bangladesh,BGD,1,6,7,7,8
Hungary,HUN,Belgium,BEL,6774,3738,1230,810,1294
Hungary,HUN,Benin,BEN,2,3,3,5,8
Hungary,HUN,Bermuda,BMU,20,34,24,31,39
Hungary,HUN,Bolivia,BOL,146,93,48,42,34
Hungary,HUN,Bosnia and Herzegovina,BIH,245,249,445,2172,1710
Hungary,HUN,Brazil,BRA,11398,9809,7635,5247,2854
Hungary,HUN,Bulgaria,BGR,74,77,79,79,365
Hungary,HUN,Burkina Faso,BFA,2,3,6,3,6
Hungary,HUN,Canada,CAN,70902,66212,62715,70690,49398
Hungary,HUN,Cape Verde,CPV,5,6,6,7,9
Hungary,HUN,Chile,CHL,1523,913,625,496,323
Hungary,HUN,Colombia,COL,320,287,198,114,121
Hungary,HUN,"Congo, Dem. Rep.",COD,264,65,29,20,16
Hungary,HUN,Costa Rica,CRI,51,18,37,42,55
Hungary,HUN,Cote d'Ivoire,CIV,18,28,36,14,11
Hungary,HUN,Croatia,HRV,2422,2461,4407,1696,1154
Hungary,HUN,Cyprus,CYP,6,15,23,32,156
Hungary,HUN,Czech Republic,CZE,130,144,159,1124,6254
Hungary,HUN,Denmark,DNK,169,1186,1243,1315,1550
Hungary,HUN,Dominican Republic,DOM,2,16,29,45,63
Hungary,HUN,Ecuador,ECU,23,42,66,70,88
Hungary,HUN,"Egypt, Arab Rep.",EGY,8,70,138,38,128
Hungary,HUN,Fiji,FJI,101,53,9,3,3
Hungary,HUN,Finland,FIN,67,72,91,524,849
Hungary,HUN,France,FRA,22308,8051,13888,12107,37635
Hungary,HUN,French Guiana,GUF,1,4,8,19,28
Hungary,HUN,Germany,DEU,66670,80920,80675,61085,71830
Hungary,HUN,Ghana,GHA,18,41,13,46,79
Hungary,HUN,Greece,GRC,31,87,129,729,518
Hungary,HUN,Guatemala,GTM,41,20,15,21,7
Hungary,HUN,Guinea,GIN,8,12,18,6,8
Hungary,HUN,Guyana,GUY,32,19,2,2,4
Hungary,HUN,Honduras,HND,5,2,3,6,8
Hungary,HUN,Iceland,ISL,36,31,6,16,63
Hungary,HUN,India,IND,196,158,42,1254,197
Hungary,HUN,Indonesia,IDN,5,3,3,4,4
Hungary,HUN,Ireland,IRL,107,135,239,39,483
Hungary,HUN,Israel,ISR,25838,30701,27331,26038,30852
Hungary,HUN,Italy,ITA,1786,1648,1737,1126,5068
Hungary,HUN,Lebanon,LBN,9,194,95,76,779
Hungary,HUN,Libya,LBY,2,49,124,183,219
Hungary,HUN,Luxembourg,LUX,212,40,53,316,291
Hungary,HUN,"Macedonia, FYR",MKD,428,435,779,964,1121
Hungary,HUN,Malawi,MWI,3,3,8,7,7
Hungary,HUN,Malta,MLT,5,170,109,107,176
Hungary,HUN,Mexico,MEX,415,434,47,254,242
Hungary,HUN,Monaco,MCO,10,36,74,92,108
Hungary,HUN,Mozambique,MOZ,8,2,6,11,12
Hungary,HUN,Myanmar,MMR,1,1,1,1,1
Hungary,HUN,Namibia,NAM,3,6,9,14,14
Hungary,HUN,Netherlands,NLD,1442,967,1926,4830,5231
Hungary,HUN,New Caledonia,NCL,6,10,7,10,16
Hungary,HUN,New Zealand,NZL,1476,1381,1239,1240,1008
Hungary,HUN,Nicaragua,NIC,9,14,16,17,21
Hungary,HUN,Niger,NER,12,16,22,16,5
Hungary,HUN,Nigeria,NGA,37,25,116,26,44
Hungary,HUN,Norway,NOR,1345,1279,1313,1374,1439
Hungary,HUN,Pakistan,PAK,14,45,36,29,23
Hungary,HUN,Panama,PAN,63,27,18,83,21
Hungary,HUN,Papua New Guinea,PNG,51,125,36,28,21
Hungary,HUN,Paraguay,PRY,1,4,17,25,29
Hungary,HUN,Peru,PER,264,242,210,126,103
Hungary,HUN,Philippines,PHL,2,9,10,5,123
Hungary,HUN,Poland,POL,5129,4417,3204,2259,1523
Hungary,HUN,Qatar,QAT,9,1035,1406,126,1164
Hungary,HUN,Romania,ROU,24691,21181,14947,10654,5757
Hungary,HUN,Senegal,SEN,12,8,8,16,16
Hungary,HUN,Serbia and Montenegro,SCG,2353,2391,4281,5019,18576
Hungary,HUN,Sierra Leone,SLE,4,6,7,7,3
Hungary,HUN,Singapore,SGP,14,2,7,17,25
Hungary,HUN,Slovak Republic,SVK,52,57,63,194,17138
Hungary,HUN,Slovenia,SVN,699,710,1272,384,23
Hungary,HUN,Spain,ESP,98,164,282,605,1178
Hungary,HUN,Sweden,SWE,8423,11047,12887,13638,13975
Hungary,HUN,Switzerland,CHE,2367,11707,7636,5125,3878
Hungary,HUN,Thailand,THA,4,8,23,40,130
Hungary,HUN,Togo,TGO,17,24,26,27,28
Hungary,HUN,Tunisia,TUN,5,1,3,6,6
Hungary,HUN,Turkey,TUR,704,834,815,1311,529
Hungary,HUN,United Kingdom,GBR,21024,8637,14584,12689,7050
Hungary,HUN,United States,USA,256017,216934,156495,117943,93543
Hungary,HUN,Uruguay,URY,1981,1642,1185,80,372
Hungary,HUN,Vanuatu,VUT,4,4,3,2,2
Hungary,HUN,"Venezuela, RB",VEN,5,2118,627,11,878
Hungary,HUN,West Bank and Gaza,PSE,159,190,225,296,457
Hungary,HUN,"Yemen, Rep.",YEM,94,117,145,179,209
Hungary,HUN,Zambia,ZMB,8,7,67,11,10
Hungary,HUN,Zimbabwe,ZWE,73,94,89,84,77
Iceland,ISL,Angola,AGO,8,3,1,1,2
Iceland,ISL,Austria,AUT,185,72,99,81,166
Iceland,ISL,Belgium,BEL,49,25,59,18,61
Iceland,ISL,Cameroon,CMR,1,1,1,2,1
Iceland,ISL,Canada,CAN,2083,1446,822,877,486
Iceland,ISL,"Congo, Dem. Rep.",COD,3,22,14,9,8
Iceland,ISL,Denmark,DNK,1262,1568,3114,3241,5750
Iceland,ISL,Faeroe Islands,FRO,433,575,763,837,411
Iceland,ISL,Germany,DEU,338,777,64,850,6984
Iceland,ISL,Greece,GRC,7,19,28,11,24
Iceland,ISL,Hungary,HUN,29,18,15,12,11
Iceland,ISL,India,IND,7,6,1,44,7
Iceland,ISL,Indonesia,IDN,2,2,2,2,2
Iceland,ISL,Ireland,IRL,2,3,5,5,58
Iceland,ISL,Italy,ITA,389,358,378,398,227
Iceland,ISL,Luxembourg,LUX,1,3,288,243,307
Iceland,ISL,"Macedonia, FYR",MKD,1,1,2,24,27
Iceland,ISL,Malawi,MWI,3,3,8,8,7
Iceland,ISL,Mexico,MEX,10,10,1,14,16
Iceland,ISL,New Zealand,NZL,5,20,59,47,80
Iceland,ISL,Nigeria,NGA,2,1,6,1,2
Iceland,ISL,Norway,NOR,561,885,1724,2251,3860
Iceland,ISL,Philippines,PHL,1,4,4,2,57
Iceland,ISL,Poland,POL,3,2,14,26,44
Iceland,ISL,Serbia and Montenegro,SCG,7,7,13,9,32
Iceland,ISL,South Africa,ZAF,5525,3009,384,3,15
Iceland,ISL,Spain,ESP,8,13,22,120,247
Iceland,ISL,Sweden,SWE,366,1760,3536,4929,3492
Iceland,ISL,Switzerland,CHE,145,59,141,97,165
Iceland,ISL,Tanzania,TZA,17,15,2,2,11
Iceland,ISL,Thailand,THA,2,4,10,18,59
Iceland,ISL,United States,USA,2922,3441,7036,9250,45
India,IND,Afghanistan,AFG,21958,26242,5639,3352,6904
India,IND,Albania,ALB,2,2,3,3,3
India,IND,Algeria,DZA,10,4,3,3,2
India,IND,Andorra,AND,5,28,9,17,22
India,IND,Angola,AGO,722,288,115,126,198
India,IND,Antigua and Barbuda,ATG,9,13,22,33,46
India,IND,Argentina,ARG,195,306,434,220,337
India,IND,Aruba,ABW,27,25,24,111,184
India,IND,Australia,AUS,13527,18165,40170,59297,94110
India,IND,Austria,AUT,167,764,2815,4718,6887
India,IND,"Bahamas, The",BHS,2,74,130,168,187
India,IND,Bahrain,BHR,4494,6668,15286,30533,39310
India,IND,Bangladesh,BGD,637854,704574,779720,854364,936151
India,IND,Barbados,BRB,22,209,419,462,529
India,IND,Belgium,BEL,113,623,1598,2700,3533
India,IND,Benin,BEN,31,40,52,68,116
India,IND,Bermuda,BMU,1,11,55,1,91
India,IND,Bhutan,BTN,9162,12370,16699,22544,30431
India,IND,Bosnia and Herzegovina,BIH,12,13,23,110,86
India,IND,Botswana,BWA,10,9,116,1903,3867
India,IND,Brazil,BRA,262,357,1014,693,759
India,IND,Brunei Darussalam,BRN,604,1071,1341,2619,3725
India,IND,Bulgaria,BGR,106,111,113,112,522
India,IND,Burkina Faso,BFA,1,2,3,144,56
India,IND,Burundi,BDI,177,142,114,48,38
India,IND,Cambodia,KHM,514,433,6,52,319
India,IND,Cameroon,CMR,298,335,267,1,1
India,IND,Canada,CAN,8781,45737,84397,149951,313999
India,IND,Central African Republic,CAF,13,7,15,13,4
India,IND,Chad,TCD,945,1045,1155,1276,1446
India,IND,Chile,CHL,73,69,176,273,540
India,IND,China,CHN,38,826,127,349,5767
India,IND,Colombia,COL,32,48,59,73,116
India,IND,Comoros,COM,2,6,23,90,88
India,IND,"Congo, Dem. Rep.",COD,196,67967,42758,29548,24192
India,IND,"Congo, Rep.",COG,126,213,543,902,166
India,IND,Costa Rica,CRI,24,9,12,22,41
India,IND,Cote d'Ivoire,CIV,135,209,268,424,39
India,IND,Cuba,CUB,1024,927,439,190,39
India,IND,Cyprus,CYP,8,27,46,66,1249
India,IND,Czech Republic,CZE,6,6,7,50,244
India,IND,Denmark,DNK,612,569,1940,2841,4400
India,IND,Djibouti,DJI,34,62,125,197,253
India,IND,Dominica,DMA,7,4,1,10,15
India,IND,Dominican Republic,DOM,258,282,291,316,351
India,IND,Ecuador,ECU,3,6,9,9,79
India,IND,"Egypt, Arab Rep.",EGY,367,519,689,45,826
India,IND,El Salvador,SLV,3,5,17,25,4
India,IND,Equatorial Guinea,GNQ,7,17,84,44,72
India,IND,Eritrea,ERI,57,429,473,124,113
India,IND,Ethiopia,ETH,1228,1168,1228,1291,1357
India,IND,Faeroe Islands,FRO,4,5,6,7,14
India,IND,Fiji,FJI,11490,7861,4802,3891,4531
India,IND,Finland,FIN,22,93,181,522,1136
India,IND,France,FRA,80752,8074,15718,23455,136233
India,IND,French Polynesia,PYF,3,5,9,21,27
India,IND,Gabon,GAB,293,112,128,181,276
India,IND,"Gambia, The",GMB,44,58,431,614,887
India,IND,Germany,DEU,3379,7573,29642,21616,35486
India,IND,Ghana,GHA,777,1941,628,2198,3767
India,IND,Gibraltar,GIB,35,5,41,3,35
India,IND,Greece,GRC,33,92,364,4250,6934
India,IND,Greenland,GRL,2,6,7,7,6
India,IND,Guadeloupe,GLP,25,30,79,181,163
India,IND,Guam,GUM,34,248,12,120,156
India,IND,Guatemala,GTM,2,5,9,4,16
India,IND,Guinea,GIN,58,87,129,52,76
India,IND,Guinea-Bissau,GNB,3,4,4,8,8
India,IND,Haiti,HTI,17,11,13,18,24
India,IND,Honduras,HND,61,28,36,78,14
India,IND,"Hong Kong SAR, China",HKG,70,6439,1304,3096,58685
India,IND,Hungary,HUN,458,532,463,395,373
India,IND,Iceland,ISL,3,1,36,92,149
India,IND,Indonesia,IDN,76535,48166,24793,7190,6424
India,IND,"Iran, Islamic Rep.",IRN,123,218,826,1979,1669
India,IND,Iraq,IRQ,1298,865,587,484,61
India,IND,Ireland,IRL,1288,1623,2885,3522,3355
India,IND,Israel,ISR,15534,18458,20680,16249,15159
India,IND,Italy,ITA,639,1206,1370,8198,43249
India,IND,Jamaica,JAM,855,602,746,661,1123
India,IND,Japan,JPN,47,768,1698,3220,7518
India,IND,Jordan,JOR,39,61,194,593,3475
India,IND,Kenya,KEN,1381,14401,11500,8133,551
India,IND,"Korea, Dem. Rep.",PRK,1,86,34,63,512
India,IND,Kuwait,KWT,4082,21896,59060,106856,100904
India,IND,Lao PDR,LAO,31,33,34,36,34
India,IND,Lebanon,LBN,121,317,1127,20213,35326
India,IND,Lesotho,LSO,57,46,36,382,132
India,IND,Liberia,LBR,143,518,1360,1360,1294
India,IND,Libya,LBY,9,57,145,213,256
India,IND,Luxembourg,LUX,37,56,192,1142,390
India,IND,"Macao SAR, China",MAC,235,94,342,375,406
India,IND,"Macedonia, FYR",MKD,21,22,39,1129,1312
India,IND,Madagascar,MDG,18041,10371,4059,6502,5878
India,IND,Malawi,MWI,4053,3982,129,127,125
India,IND,Malaysia,MYS,12196,150723,98724,32931,67701
India,IND,Maldives,MDV,803,945,212,154,275
India,IND,Mali,MLI,56,55,54,53,4
India,IND,Marshall Islands,MHL,4,5,6,7,7
India,IND,Martinique,MTQ,19,8,21,42,50
India,IND,Mauritius,MUS,884,908,1200,1240,8185
India,IND,Mayotte,MYT,3,7,15,38,76
India,IND,Mexico,MEX,325,357,101,112,401
India,IND,"Micronesia, Fed. Sts.",FSM,3,3,8,13,12
India,IND,Monaco,MCO,35,21,267,333,392
India,IND,Mongolia,MNG,15,19,23,28,34
India,IND,Morocco,MAR,16,5,3,2,2
India,IND,Mozambique,MOZ,2724,539,691,2353,6312
India,IND,Myanmar,MMR,105138,100011,67188,44087,35178
India,IND,Namibia,NAM,89,142,228,365,349
India,IND,Nepal,NPL,324670,322152,229585,407123,563571
India,IND,Netherlands,NLD,20,1009,2783,8010,10834
India,IND,Netherlands Antilles,ANT,162,143,125,429,52
India,IND,New Caledonia,NCL,60,76,85,68,62
India,IND,New Zealand,NZL,4689,5629,6279,7131,20667
India,IND,Nicaragua,NIC,5,8,9,10,12
India,IND,Niger,NER,370,500,675,508,163
India,IND,Nigeria,NGA,1349,1112,6258,1753,2939
India,IND,Northern Mariana Islands,MNP,1,2,2,145,175
India,IND,Norway,NOR,184,354,1874,4485,5241
India,IND,Oman,OMN,21845,31427,73080,211955,312053
India,IND,Pakistan,PAK,6293916,4858023,3899706,3130431,2512906
India,IND,Panama,PAN,654,531,896,1509,2159
India,IND,Papua New Guinea,PNG,153,377,458,355,267
India,IND,Peru,PER,32,44,54,177,145
India,IND,Philippines,PHL,3279,3647,2096,4400,12439
India,IND,Poland,POL,8,6,101,195,330
India,IND,Portugal,PRT,596,1558,4070,6450,6466
India,IND,Puerto Rico,PRI,20,60,86,798,801
India,IND,Qatar,QAT,116,1696,16667,33750,52788
India,IND,Reunion,REU,860,83,203,271,401
India,IND,Rwanda,RWA,8,607,769,562,2014
India,IND,Saint Helena,SHN,2,4,4,3,3
India,IND,Sao Tome and Principe,STP,5,5,4,5,5
India,IND,Saudi Arabia,SAU,12449,70109,357516,931457,1007649
India,IND,Senegal,SEN,200,129,136,254,250
India,IND,Serbia and Montenegro,SCG,119,121,217,68,251
India,IND,Seychelles,SYC,6,343,638,587,1650
India,IND,Sierra Leone,SLE,193,317,391,385,356
India,IND,Singapore,SGP,66510,50875,42266,43696,105187
India,IND,Slovak Republic,SVK,2,3,3,9,19
India,IND,Somalia,SOM,85,629,808,191,217
India,IND,South Africa,ZAF,26279,21765,16833,8897,17047
India,IND,Sri Lanka,LKA,999333,1080645,644956,447083,384789
India,IND,St. Kitts and Nevis,KNA,2,1,1,10,35
India,IND,St. Lucia,LCA,7,4,1,14,72
India,IND,St. Vincent and the Grenadines,VCT,3,3,3,6,10
India,IND,Sudan,SDN,1847,1762,2261,4465,5386
India,IND,Suriname,SUR,539,296,145,113,4
India,IND,Swaziland,SWZ,132,262,37,203,273
India,IND,Sweden,SWE,356,890,4438,8171,10988
India,IND,Switzerland,CHE,570,671,396,1462,6419
India,IND,Syrian Arab Republic,SYR,800,7714,5612,7938,10438
India,IND,Tanzania,TZA,22718,21055,3942,3796,7151
India,IND,Thailand,THA,2840,939,2557,4434,14419
India,IND,Timor-Leste,TLS,60,69,64,75,77
India,IND,Togo,TGO,526,752,791,826,851
India,IND,Tonga,TON,2,6,61,132,77
India,IND,Trinidad and Tobago,TTO,141,460,954,766,631
India,IND,Tunisia,TUN,21,35,15,30,28
India,IND,Turkey,TUR,318,579,691,1251,567
India,IND,Uganda,UGA,21473,21435,10918,1192,5390
India,IND,United Arab Emirates,ARE,721,21584,235611,437179,751142
India,IND,United Kingdom,GBR,190722,336567,401255,429885,524796
India,IND,United States,USA,13910,69997,227684,494290,1041320
India,IND,Uruguay,URY,18,15,11,11,2
India,IND,Vanuatu,VUT,59,69,38,29,8
India,IND,"Venezuela, RB",VEN,168,17,376,379,221
India,IND,Vietnam,VNM,517,490,602,374,2319
India,IND,Virgin Islands (U.S.),VIR,1,128,16,350,325
India,IND,West Bank and Gaza,PSE,152,181,214,282,436
India,IND,"Yemen, Rep.",YEM,5000,6190,7664,9488,11092
India,IND,Zambia,ZMB,8837,7081,6845,5320,4814
India,IND,Zimbabwe,ZWE,2418,3117,2940,2773,2550
Indonesia,IDN,Algeria,DZA,15,6,5,4,3
Indonesia,IDN,Angola,AGO,22,9,4,4,6
Indonesia,IDN,Aruba,ABW,4,4,4,4,7
Indonesia,IDN,Australia,AUS,5746,7610,15589,31705,46488
Indonesia,IDN,Austria,AUT,86,382,405,285,692
Indonesia,IDN,Bahrain,BHR,14,14,3041,5116,7820
Indonesia,IDN,Bangladesh,BGD,9,7,8,8,9
Indonesia,IDN,Belgium,BEL,41,493,755,697,854
Indonesia,IDN,Bosnia and Herzegovina,BIH,4,4,7,33,26
Indonesia,IDN,Brazil,BRA,23,1,4,139,83
Indonesia,IDN,Brunei Darussalam,BRN,249,1604,224,3340,4751
Indonesia,IDN,Bulgaria,BGR,3,3,3,3,16
Indonesia,IDN,Cambodia,KHM,572,482,6,58,355
Indonesia,IDN,Canada,CAN,108,1418,2784,7350,10358
Indonesia,IDN,Chad,TCD,6,6,7,8,9
Indonesia,IDN,Chile,CHL,24,23,1,51,85
Indonesia,IDN,China,CHN,112,253,787,305,8586
Indonesia,IDN,Colombia,COL,3,12,21,32,67
Indonesia,IDN,"Congo, Dem. Rep.",COD,77,27,14,9,8
Indonesia,IDN,Cuba,CUB,37,33,16,7,2
Indonesia,IDN,Denmark,DNK,182,167,421,463,614
Indonesia,IDN,Dominican Republic,DOM,10,14,17,21,26
Indonesia,IDN,"Egypt, Arab Rep.",EGY,535,635,749,65,1521
Indonesia,IDN,Fiji,FJI,74,59,48,60,70
Indonesia,IDN,Finland,FIN,7,28,54,39,133
Indonesia,IDN,France,FRA,24033,2403,1493,3578,40544
Indonesia,IDN,French Polynesia,PYF,2,3,6,12,17
Indonesia,IDN,Germany,DEU,1340,2891,10080,6945,11363
Indonesia,IDN,Ghana,GHA,6,46,15,53,90
Indonesia,IDN,Greece,GRC,17,48,95,162,212
Indonesia,IDN,Guadeloupe,GLP,2,2,5,11,10
Indonesia,IDN,Guam,GUM,14,100,5,48,63
Indonesia,IDN,Guatemala,GTM,2,1,2,1,18
Indonesia,IDN,Guinea,GIN,3,4,7,2,3
Indonesia,IDN,"Hong Kong SAR, China",HKG,189,51,14070,27,431
Indonesia,IDN,Hungary,HUN,24,28,25,21,20
Indonesia,IDN,India,IND,5,38,2359,1735,980
Indonesia,IDN,"Iran, Islamic Rep.",IRN,25,44,165,395,333
Indonesia,IDN,Ireland,IRL,78,98,175,214,170
Indonesia,IDN,Italy,ITA,328,602,687,4088,1231
Indonesia,IDN,Japan,JPN,158,2564,5673,3797,19130
Indonesia,IDN,Jordan,JOR,10,13,39,121,10282
Indonesia,IDN,Kenya,KEN,51,540,431,305,7
Indonesia,IDN,"Korea, Dem. Rep.",PRK,4,27,209,55,762
Indonesia,IDN,Kuwait,KWT,173,301,125,21256,20073
Indonesia,IDN,Lao PDR,LAO,49,52,55,57,55
Indonesia,IDN,Lebanon,LBN,4,11,23,1075,10123
Indonesia,IDN,Liberia,LBR,4,8,1,1,1
Indonesia,IDN,Libya,LBY,13,83,211,312,373
Indonesia,IDN,Luxembourg,LUX,11,17,57,340,81
Indonesia,IDN,"Macao SAR, China",MAC,85,34,123,135,146
Indonesia,IDN,"Macedonia, FYR",MKD,6,6,12,335,389
Indonesia,IDN,Malawi,MWI,3,3,4,4,4
Indonesia,IDN,Malaysia,MYS,5398,56436,125723,407154,885328
Indonesia,IDN,Marshall Islands,MHL,6,7,9,10,10
Indonesia,IDN,Mexico,MEX,26,28,15,61,68
Indonesia,IDN,"Micronesia, Fed. Sts.",FSM,1,1,3,5,5
Indonesia,IDN,Monaco,MCO,10,4,79,99,117
Indonesia,IDN,Mongolia,MNG,7,8,10,13,15
Indonesia,IDN,Morocco,MAR,23,7,4,4,3
Indonesia,IDN,Myanmar,MMR,7715,7338,5256,4121,3396
Indonesia,IDN,Netherlands,NLD,202339,73984,99421,185323,155137
Indonesia,IDN,Netherlands Antilles,ANT,22,19,17,17,193
Indonesia,IDN,New Caledonia,NCL,67,713,981,817,809
Indonesia,IDN,New Zealand,NZL,1299,1446,1064,2156,3764
Indonesia,IDN,Nicaragua,NIC,2,3,4,4,5
Indonesia,IDN,Niger,NER,7,9,12,9,3
Indonesia,IDN,Nigeria,NGA,21,18,107,31,52
Indonesia,IDN,Norway,NOR,43,106,250,433,585
Indonesia,IDN,Oman,OMN,18,26,61,177,261
Indonesia,IDN,Pakistan,PAK,1293,153,123,98,79
Indonesia,IDN,Papua New Guinea,PNG,349,861,539,418,314
Indonesia,IDN,Peru,PER,3,4,5,79,64
Indonesia,IDN,Philippines,PHL,5358,5784,5529,6546,17335
Indonesia,IDN,Qatar,QAT,4,59,339,1795,15127
Indonesia,IDN,Saudi Arabia,SAU,3541,19941,101686,264929,286600
Indonesia,IDN,Senegal,SEN,2,2,2,3,3
Indonesia,IDN,Serbia and Montenegro,SCG,35,36,64,20,75
Indonesia,IDN,Singapore,SGP,25945,26946,27026,37770,70008
Indonesia,IDN,Solomon Islands,SLB,19,21,50,26,123
Indonesia,IDN,South Africa,ZAF,207,658,1112,575,517
Indonesia,IDN,Sudan,SDN,37,36,46,59,71
Indonesia,IDN,Suriname,SUR,9760,5357,2618,2030,56
Indonesia,IDN,Swaziland,SWZ,4,8,1,6,7
Indonesia,IDN,Sweden,SWE,120,543,2414,1255,1606
Indonesia,IDN,Switzerland,CHE,292,335,203,318,1207
Indonesia,IDN,Syrian Arab Republic,SYR,160,1540,1120,1585,2084
Indonesia,IDN,Tanzania,TZA,42,39,50,48,59
Indonesia,IDN,Thailand,THA,1502,3015,1628,1007,869
Indonesia,IDN,Timor-Leste,TLS,6423,7464,6925,8046,8334
Indonesia,IDN,Togo,TGO,9,13,14,15,15
Indonesia,IDN,Trinidad and Tobago,TTO,5,4,5,4,2
Indonesia,IDN,Tunisia,TUN,31,3,23,44,41
Indonesia,IDN,Uganda,UGA,10,10,10,11,5
Indonesia,IDN,United Arab Emirates,ARE,6,173,1883,3495,6005
Indonesia,IDN,United Kingdom,GBR,2219,646,7580,178,55
Indonesia,IDN,United States,USA,1793,1420,33144,52665,79796
Indonesia,IDN,Uruguay,URY,2,2,1,1,7
Indonesia,IDN,Vanuatu,VUT,24,28,15,12,3
Indonesia,IDN,"Venezuela, RB",VEN,15,2,33,33,51
Indonesia,IDN,Vietnam,VNM,230,134,774,1549,10529
Indonesia,IDN,"Yemen, Rep.",YEM,12,15,18,22,26
Indonesia,IDN,Zambia,ZMB,13,11,210,31,28
Indonesia,IDN,Zimbabwe,ZWE,94,121,114,108,99
"Iran, Islamic Rep.",IRN,Afghanistan,AFG,19,2,37,22,23
"Iran, Islamic Rep.",IRN,Albania,ALB,2,2,2,2,2
"Iran, Islamic Rep.",IRN,Argentina,ARG,56,89,125,303,276
"Iran, Islamic Rep.",IRN,Australia,AUS,108,180,3538,12461,18514
"Iran, Islamic Rep.",IRN,Austria,AUT,307,7275,7955,8817,8369
"Iran, Islamic Rep.",IRN,Bahrain,BHR,4612,5105,1775,7196,4565
"Iran, Islamic Rep.",IRN,Bangladesh,BGD,25,20,22,24,26
"Iran, Islamic Rep.",IRN,Belgium,BEL,106,920,1167,1840,945
"Iran, Islamic Rep.",IRN,Bosnia and Herzegovina,BIH,2,2,4,19,15
"Iran, Islamic Rep.",IRN,Brazil,BRA,76,4,13,458,274
"Iran, Islamic Rep.",IRN,Bulgaria,BGR,97,101,104,103,477
"Iran, Islamic Rep.",IRN,Cameroon,CMR,2,2,2,70,59
"Iran, Islamic Rep.",IRN,Canada,CAN,759,9990,19618,16084,72987
"Iran, Islamic Rep.",IRN,Chad,TCD,5,6,6,7,8
"Iran, Islamic Rep.",IRN,Chile,CHL,1,9,88,82,80
"Iran, Islamic Rep.",IRN,China,CHN,124,48,8,41,649
"Iran, Islamic Rep.",IRN,Colombia,COL,9,23,35,50,95
"Iran, Islamic Rep.",IRN,"Congo, Dem. Rep.",COD,68,42,24,16,13
"Iran, Islamic Rep.",IRN,Cyprus,CYP,7,25,43,62,546
"Iran, Islamic Rep.",IRN,Czech Republic,CZE,5,6,7,46,191
"Iran, Islamic Rep.",IRN,Denmark,DNK,109,101,448,8713,11172
"Iran, Islamic Rep.",IRN,Dominican Republic,DOM,2,21,39,60,85
"Iran, Islamic Rep.",IRN,Ecuador,ECU,1,2,3,3,66
"Iran, Islamic Rep.",IRN,"Egypt, Arab Rep.",EGY,143,296,465,17,140
"Iran, Islamic Rep.",IRN,Faeroe Islands,FRO,4,5,6,7,2
"Iran, Islamic Rep.",IRN,Fiji,FJI,24,19,15,19,22
"Iran, Islamic Rep.",IRN,Finland,FIN,4,17,32,516,1994
"Iran, Islamic Rep.",IRN,France,FRA,14380,1438,12867,18844,24260
"Iran, Islamic Rep.",IRN,Germany,DEU,7246,13586,35952,66008,108486
"Iran, Islamic Rep.",IRN,Greece,GRC,60,170,997,2117,973
"Iran, Islamic Rep.",IRN,Guam,GUM,4,32,2,15,20
"Iran, Islamic Rep.",IRN,Guatemala,GTM,1,3,4,2,11
"Iran, Islamic Rep.",IRN,Honduras,HND,4,2,3,5,8
"Iran, Islamic Rep.",IRN,"Hong Kong SAR, China",HKG,351,344,19,166,3137
"Iran, Islamic Rep.",IRN,Hungary,HUN,346,405,353,302,285
"Iran, Islamic Rep.",IRN,India,IND,9,109,6202,2964,2039
"Iran, Islamic Rep.",IRN,Indonesia,IDN,47,30,30,37,33
"Iran, Islamic Rep.",IRN,Iraq,IRQ,31419,21455,15104,13305,1923
"Iran, Islamic Rep.",IRN,Ireland,IRL,47,60,106,130,398
"Iran, Islamic Rep.",IRN,Israel,ISR,44782,53211,59753,53077,58326
"Iran, Islamic Rep.",IRN,Italy,ITA,1176,4504,21054,18084,9000
"Iran, Islamic Rep.",IRN,Japan,JPN,5,84,186,644,5591
"Iran, Islamic Rep.",IRN,Jordan,JOR,110,40,22,79,94
"Iran, Islamic Rep.",IRN,Kenya,KEN,16,165,132,93,3
"Iran, Islamic Rep.",IRN,"Korea, Dem. Rep.",PRK,4,5,2,7,58
"Iran, Islamic Rep.",IRN,Kuwait,KWT,19453,46502,75133,12408,11717
"Iran, Islamic Rep.",IRN,Lebanon,LBN,675,612,448,1787,2276
"Iran, Islamic Rep.",IRN,Libya,LBY,4,22,56,83,99
"Iran, Islamic Rep.",IRN,Luxembourg,LUX,7,10,34,203,446
"Iran, Islamic Rep.",IRN,"Macao SAR, China",MAC,13,5,19,21,23
"Iran, Islamic Rep.",IRN,"Macedonia, FYR",MKD,4,4,7,201,233
"Iran, Islamic Rep.",IRN,Mexico,MEX,105,115,35,51,171
"Iran, Islamic Rep.",IRN,Monaco,MCO,6,9,48,59,70
"Iran, Islamic Rep.",IRN,Myanmar,MMR,24,22,16,13,10
"Iran, Islamic Rep.",IRN,Netherlands,NLD,4,788,2180,6280,22013
"Iran, Islamic Rep.",IRN,Netherlands Antilles,ANT,4,3,3,3,1
"Iran, Islamic Rep.",IRN,New Zealand,NZL,38,71,119,270,1945
"Iran, Islamic Rep.",IRN,Nicaragua,NIC,10,17,19,20,24
"Iran, Islamic Rep.",IRN,Niger,NER,6,8,11,8,3
"Iran, Islamic Rep.",IRN,Nigeria,NGA,18,16,94,27,46
"Iran, Islamic Rep.",IRN,Norway,NOR,13,63,193,5269,9045
"Iran, Islamic Rep.",IRN,Oman,OMN,11,15,36,104,152
"Iran, Islamic Rep.",IRN,Pakistan,PAK,7102,443,355,285,229
"Iran, Islamic Rep.",IRN,Panama,PAN,68,45,53,17,63
"Iran, Islamic Rep.",IRN,Peru,PER,11,14,16,22,18
"Iran, Islamic Rep.",IRN,Philippines,PHL,21,277,86,250,962
"Iran, Islamic Rep.",IRN,Poland,POL,7,6,48,90,152
"Iran, Islamic Rep.",IRN,Qatar,QAT,646,3271,6628,2984,3401
"Iran, Islamic Rep.",IRN,San Marino,SMR,13,14,482,507,533
"Iran, Islamic Rep.",IRN,Saudi Arabia,SAU,35,195,995,2592,2804
"Iran, Islamic Rep.",IRN,Serbia and Montenegro,SCG,21,22,39,12,45
"Iran, Islamic Rep.",IRN,Singapore,SGP,12,20,52,128,948
"Iran, Islamic Rep.",IRN,Slovak Republic,SVK,2,2,3,8,31
"Iran, Islamic Rep.",IRN,Sri Lanka,LKA,1,2,12,8,7
"Iran, Islamic Rep.",IRN,Sudan,SDN,8,8,10,26,32
"Iran, Islamic Rep.",IRN,Sweden,SWE,113,403,3337,37842,50537
"Iran, Islamic Rep.",IRN,Switzerland,CHE,1049,1256,3202,1131,4226
"Iran, Islamic Rep.",IRN,Syrian Arab Republic,SYR,96,911,663,938,1233
"Iran, Islamic Rep.",IRN,Tanzania,TZA,57,53,24,23,18
"Iran, Islamic Rep.",IRN,Thailand,THA,5,9,173,341,1164
"Iran, Islamic Rep.",IRN,Togo,TGO,8,12,12,13,13
"Iran, Islamic Rep.",IRN,Tunisia,TUN,8,19,6,12,11
"Iran, Islamic Rep.",IRN,Turkey,TUR,5077,6286,6315,10341,13096
"Iran, Islamic Rep.",IRN,Uganda,UGA,3,3,25,50,12
"Iran, Islamic Rep.",IRN,United Arab Emirates,ARE,74,2210,24124,44762,76907
"Iran, Islamic Rep.",IRN,United Kingdom,GBR,4640,577,28735,33236,72672
"Iran, Islamic Rep.",IRN,United States,USA,7294,5761,134447,229109,294355
"Iran, Islamic Rep.",IRN,Uruguay,URY,6,5,4,4,91
"Iran, Islamic Rep.",IRN,Vanuatu,VUT,8,9,5,4,1
"Iran, Islamic Rep.",IRN,"Venezuela, RB",VEN,89,8,136,201,118
"Iran, Islamic Rep.",IRN,West Bank and Gaza,PSE,525,626,741,975,1508
"Iran, Islamic Rep.",IRN,"Yemen, Rep.",YEM,17285,21399,26492,32798,38342
"Iran, Islamic Rep.",IRN,Zambia,ZMB,2,1,27,4,4
"Iran, Islamic Rep.",IRN,Zimbabwe,ZWE,11,15,14,13,12
Iraq,IRQ,Albania,ALB,2,2,2,2,2
Iraq,IRQ,Algeria,DZA,304,119,94,74,58
Iraq,IRQ,Australia,AUS,111,185,3144,5027,24467
Iraq,IRQ,Austria,AUT,141,469,853,700,1791
Iraq,IRQ,Bahrain,BHR,208,83,5473,7719,12203
Iraq,IRQ,Bangladesh,BGD,4,4,4,4,5
Iraq,IRQ,Belgium,BEL,48,291,247,724,666
Iraq,IRQ,Bosnia and Herzegovina,BIH,1,1,2,10,8
Iraq,IRQ,Bulgaria,BGR,144,150,154,153,710
Iraq,IRQ,Cameroon,CMR,6,6,5,37,31
Iraq,IRQ,Canada,CAN,269,3544,6960,5298,25895
Iraq,IRQ,Chad,TCD,17,19,21,23,26
Iraq,IRQ,China,CHN,66,22,1,10,155
Iraq,IRQ,Colombia,COL,1,3,5,7,18
Iraq,IRQ,"Congo, Rep.",COG,1,2,6,10,2
Iraq,IRQ,Cote d'Ivoire,CIV,4,5,7,12,1
Iraq,IRQ,Cyprus,CYP,7,26,44,63,142
Iraq,IRQ,Czech Republic,CZE,5,6,7,47,267
Iraq,IRQ,Denmark,DNK,55,51,170,2627,14891
Iraq,IRQ,"Egypt, Arab Rep.",EGY,6667,16668,27702,17599,1619
Iraq,IRQ,Ethiopia,ETH,14,14,14,15,16
Iraq,IRQ,Fiji,FJI,24,19,16,20,23
Iraq,IRQ,Finland,FIN,2,8,16,191,3050
Iraq,IRQ,France,FRA,7287,729,2945,2913,12294
Iraq,IRQ,Gabon,GAB,3,1,1,1,2
Iraq,IRQ,Germany,DEU,1417,2215,1137,4514,49506
Iraq,IRQ,Greece,GRC,28,78,1680,5260,6664
Iraq,IRQ,Guam,GUM,5,33,2,16,21
Iraq,IRQ,Guinea,GIN,2,2,3,1,2
Iraq,IRQ,"Hong Kong SAR, China",HKG,187,184,10,88,1674
Iraq,IRQ,Hungary,HUN,330,343,295,251,237
Iraq,IRQ,India,IND,3,19,851,1155,596
Iraq,IRQ,Indonesia,IDN,2,2,2,2,26
Iraq,IRQ,"Iran, Islamic Rep.",IRN,4702,8361,31630,75759,169650
Iraq,IRQ,Ireland,IRL,24,30,53,65,477
Iraq,IRQ,Israel,ISR,96253,114371,105136,86214,85613
Iraq,IRQ,Italy,ITA,541,714,873,4855,1503
Iraq,IRQ,Jordan,JOR,104,2153,8491,16876,36440
Iraq,IRQ,Kenya,KEN,55,579,462,327,10
Iraq,IRQ,Kuwait,KWT,25437,46741,82910,168625,159233
Iraq,IRQ,Lebanon,LBN,407,980,632,14227,10140
Iraq,IRQ,Libya,LBY,71,1017,2585,3808,4559
Iraq,IRQ,Luxembourg,LUX,3,5,17,103,42
Iraq,IRQ,"Macao SAR, China",MAC,7,3,10,11,12
Iraq,IRQ,"Macedonia, FYR",MKD,2,2,4,102,118
Iraq,IRQ,Madagascar,MDG,54,31,10,3,3
Iraq,IRQ,Mexico,MEX,29,32,10,20,41
Iraq,IRQ,Monaco,MCO,3,1,24,30,35
Iraq,IRQ,Morocco,MAR,455,146,82,70,64
Iraq,IRQ,Netherlands,NLD,2,187,517,1488,34068
Iraq,IRQ,New Caledonia,NCL,4,5,2,4,8
Iraq,IRQ,New Zealand,NZL,27,106,235,341,4760
Iraq,IRQ,Nicaragua,NIC,2,3,4,4,5
Iraq,IRQ,Niger,NER,10,14,19,14,5
Iraq,IRQ,Nigeria,NGA,32,28,168,49,82
Iraq,IRQ,Norway,NOR,7,25,39,748,7088
Iraq,IRQ,Oman,OMN,186,267,621,1802,2653
Iraq,IRQ,Pakistan,PAK,632,78,63,50,40
Iraq,IRQ,Peru,PER,2,2,2,12,9
Iraq,IRQ,Poland,POL,7,6,129,250,424
Iraq,IRQ,Qatar,QAT,389,5234,9353,23754,15152
Iraq,IRQ,Saudi Arabia,SAU,502,2830,14430,37597,40672
Iraq,IRQ,Serbia and Montenegro,SCG,11,11,20,6,23
Iraq,IRQ,Singapore,SGP,25,11,28,68,506
Iraq,IRQ,Slovak Republic,SVK,2,2,3,8,29
Iraq,IRQ,Somalia,SOM,3,5,12,5,1
Iraq,IRQ,Sudan,SDN,276,264,338,125,151
Iraq,IRQ,Sweden,SWE,16,166,738,9331,48824
Iraq,IRQ,Switzerland,CHE,482,402,335,1066,4773
Iraq,IRQ,Syrian Arab Republic,SYR,7182,2706,2778,3930,5167
Iraq,IRQ,Tanzania,TZA,45,42,75,72,63
Iraq,IRQ,Togo,TGO,15,21,22,23,24
Iraq,IRQ,Tunisia,TUN,615,23,453,2,2
Iraq,IRQ,Turkey,TUR,2185,9631,13777,26984,9130
Iraq,IRQ,Uganda,UGA,11,11,18,27,9
Iraq,IRQ,United Arab Emirates,ARE,42,1259,13749,25511,43831
Iraq,IRQ,United Kingdom,GBR,4105,390,12011,5132,12573
Iraq,IRQ,United States,USA,1786,1420,33152,47753,93991
Iraq,IRQ,Vanuatu,VUT,8,9,5,4,1
Iraq,IRQ,"Venezuela, RB",VEN,7,2,16,16,66
Iraq,IRQ,West Bank and Gaza,PSE,8330,9931,11758,15472,23917
Iraq,IRQ,"Yemen, Rep.",YEM,24197,29957,37087,45914,53675
Iraq,IRQ,Zimbabwe,ZWE,3,3,3,3,3
Ireland,IRL,Afghanistan,AFG,18,9,9,335,76
Ireland,IRL,Algeria,DZA,12,5,4,3,2
Ireland,IRL,Angola,AGO,250,100,40,44,69
Ireland,IRL,Australia,AUS,97,10048,1217,50279,49765
Ireland,IRL,Austria,AUT,405,153,264,286,722
Ireland,IRL,Bangladesh,BGD,40,196,217,238,261
Ireland,IRL,Belgium,BEL,106,337,1078,2377,3486
Ireland,IRL,Benin,BEN,6,7,10,13,22
Ireland,IRL,Bermuda,BMU,24,40,29,37,47
Ireland,IRL,Bolivia,BOL,3,3,2,16,23
Ireland,IRL,Bosnia and Herzegovina,BIH,44,44,79,386,304
Ireland,IRL,Botswana,BWA,2,2,4,179,36
Ireland,IRL,Brazil,BRA,4,393,294,108,219
Ireland,IRL,Bulgaria,BGR,4,4,4,4,18
Ireland,IRL,Burkina Faso,BFA,2,3,6,3,5
Ireland,IRL,Canada,CAN,30042,23218,16697,29871,25685
Ireland,IRL,Cape Verde,CPV,5,5,6,7,8
Ireland,IRL,Cayman Islands,CYM,4,7,27,109,2
Ireland,IRL,China,CHN,12,11,2,34,21
Ireland,IRL,"Congo, Dem. Rep.",COD,11,48,30,21,17
Ireland,IRL,Costa Rica,CRI,3,2,11,15,23
Ireland,IRL,Cote d'Ivoire,CIV,50,77,99,159,42
Ireland,IRL,Croatia,HRV,2,2,4,4,21
Ireland,IRL,Cuba,CUB,12,11,5,3,1
Ireland,IRL,Czech Republic,CZE,12,14,15,107,68
Ireland,IRL,Denmark,DNK,813,312,777,971,1096
Ireland,IRL,Dominican Republic,DOM,10,22,33,47,63
Ireland,IRL,Faeroe Islands,FRO,4,5,6,7,2
Ireland,IRL,Falkland Islands (Malvinas),FLK,14,3,3,4,7
Ireland,IRL,Fiji,FJI,98,52,8,3,3
Ireland,IRL,Finland,FIN,46,217,425,123,243
Ireland,IRL,France,FRA,107311,37980,2221,4140,181039
Ireland,IRL,Germany,DEU,494,1442,6325,7297,15805
Ireland,IRL,Ghana,GHA,53,9,3,10,18
Ireland,IRL,Gibraltar,GIB,44,10,28,56,63
Ireland,IRL,Greece,GRC,12,36,182,830,454
Ireland,IRL,Guatemala,GTM,3,8,6,5,3
Ireland,IRL,Guinea,GIN,13,20,30,10,11
Ireland,IRL,"Hong Kong SAR, China",HKG,32,81,1,96,100
Ireland,IRL,Hungary,HUN,463,181,132,105,95
Ireland,IRL,Iceland,ISL,9,17,28,73,54
Ireland,IRL,India,IND,6610,723,1351,45158,6368
Ireland,IRL,Indonesia,IDN,10,7,7,8,7
Ireland,IRL,Israel,ISR,2,2,3,13,27
Ireland,IRL,Italy,ITA,811,791,3375,3943,2315
Ireland,IRL,Jordan,JOR,24,9,6,48,52
Ireland,IRL,Luxembourg,LUX,61,189,244,387,636
Ireland,IRL,"Macedonia, FYR",MKD,75,76,137,1447,1681
Ireland,IRL,Malawi,MWI,15,15,33,32,32
Ireland,IRL,Mauritius,MUS,141,145,108,14,26
Ireland,IRL,Mexico,MEX,497,520,50,163,170
Ireland,IRL,Monaco,MCO,47,8,355,442,522
Ireland,IRL,Mozambique,MOZ,5,18,79,147,154
Ireland,IRL,Myanmar,MMR,2,2,2,3,2
Ireland,IRL,Namibia,NAM,44,71,113,181,174
Ireland,IRL,Netherlands,NLD,6749,2180,2519,3882,4303
Ireland,IRL,New Caledonia,NCL,6,10,7,10,15
Ireland,IRL,New Zealand,NZL,6752,5923,3702,5298,6761
Ireland,IRL,Nicaragua,NIC,6,10,11,12,14
Ireland,IRL,Niger,NER,139,187,253,191,62
Ireland,IRL,Nigeria,NGA,1364,765,2617,332,557
Ireland,IRL,Norway,NOR,93,143,288,452,509
Ireland,IRL,Pakistan,PAK,466,1469,1179,946,760
Ireland,IRL,Panama,PAN,15,29,12,13,25
Ireland,IRL,Papua New Guinea,PNG,40,99,118,91,69
Ireland,IRL,Philippines,PHL,5,17,19,40,210
Ireland,IRL,Poland,POL,138,119,99,86,85
Ireland,IRL,Portugal,PRT,10,26,67,76,664
Ireland,IRL,Romania,ROU,10892,9344,6594,4700,75
Ireland,IRL,Senegal,SEN,3,2,2,4,4
Ireland,IRL,Serbia and Montenegro,SCG,422,428,767,524,1940
Ireland,IRL,Singapore,SGP,16,2,7,18,28
Ireland,IRL,Slovak Republic,SVK,5,5,6,19,2
Ireland,IRL,Solomon Islands,SLB,1,1,1,3,3
Ireland,IRL,South Africa,ZAF,6856,6168,5377,4779,5109
Ireland,IRL,Spain,ESP,457,770,1319,1974,3504
Ireland,IRL,Swaziland,SWZ,8,16,2,15,11
Ireland,IRL,Sweden,SWE,76,452,9807,86,1097
Ireland,IRL,Switzerland,CHE,276,468,281,1141,1665
Ireland,IRL,Thailand,THA,8,16,45,79,257
Ireland,IRL,Togo,TGO,197,282,297,310,319
Ireland,IRL,Trinidad and Tobago,TTO,5,4,5,4,2
Ireland,IRL,Turkey,TUR,2,4,5,9,536
Ireland,IRL,United Kingdom,GBR,892,717774,621804,599823,636751
Ireland,IRL,United States,USA,353621,297642,216471,186124,163136
Ireland,IRL,Uruguay,URY,5,4,3,3,6
Ireland,IRL,Vanuatu,VUT,3,4,3,2,1
Ireland,IRL,West Bank and Gaza,PSE,1,1,1,2,3
Ireland,IRL,Zambia,ZMB,36,29,290,47,42
Ireland,IRL,Zimbabwe,ZWE,491,633,597,563,518
Israel,ISR,Albania,ALB,2,3,3,3,4
Israel,ISR,Algeria,DZA,7,3,2,2,1
Israel,ISR,Angola,AGO,66,26,11,12,18
Israel,ISR,Argentina,ARG,703,1103,1562,1482,1432
Israel,ISR,Aruba,ABW,3,3,3,3,5
Israel,ISR,Australia,AUS,3314,4452,5928,6128,6491
Israel,ISR,Austria,AUT,50,2167,2134,2220,1696
Israel,ISR,Bangladesh,BGD,49,39,43,47,51
Israel,ISR,Belgium,BEL,53,145,1559,1915,1679
Israel,ISR,Benin,BEN,3,4,5,7,11
Israel,ISR,Bolivia,BOL,12,17,21,59,68
Israel,ISR,Brazil,BRA,945,2512,2715,2123,1778
Israel,ISR,Bulgaria,BGR,69,72,73,73,338
Israel,ISR,Cameroon,CMR,4,5,4,28,23
Israel,ISR,Canada,CAN,176,2313,4542,14493,16897
Israel,ISR,Chad,TCD,13,14,15,17,19
Israel,ISR,Chile,CHL,399,379,448,1361,528
Israel,ISR,Colombia,COL,114,199,263,344,377
Israel,ISR,"Congo, Dem. Rep.",COD,555,346,192,133,109
Israel,ISR,Costa Rica,CRI,22,22,53,78,128
Israel,ISR,Cote d'Ivoire,CIV,12,19,24,41,4
Israel,ISR,Cuba,CUB,40,36,17,7,2
Israel,ISR,Cyprus,CYP,426,306,184,63,179
Israel,ISR,Czech Republic,CZE,6,6,7,48,142
Israel,ISR,Denmark,DNK,22,20,655,1139,1423
Israel,ISR,Dominican Republic,DOM,10,60,107,161,225
Israel,ISR,Ecuador,ECU,10,18,28,30,182
Israel,ISR,"Egypt, Arab Rep.",EGY,252,168,77,31,1020
Israel,ISR,El Salvador,SLV,6,82,92,99,64
Israel,ISR,Ethiopia,ETH,6,5,6,6,6
Israel,ISR,Faeroe Islands,FRO,7,9,13,14,9
Israel,ISR,Fiji,FJI,17,14,11,14,16
Israel,ISR,France,FRA,2916,292,6993,8517,4919
Israel,ISR,French Guiana,GUF,2,2,3,8,12
Israel,ISR,Gabon,GAB,1,2,3,5,8
Israel,ISR,Germany,DEU,2760,4013,9251,7102,9351
Israel,ISR,Ghana,GHA,272,177,57,200,343
Israel,ISR,Greece,GRC,10,28,344,1122,335
Israel,ISR,Guadeloupe,GLP,1,1,4,9,8
Israel,ISR,Guam,GUM,3,23,1,11,15
Israel,ISR,Guatemala,GTM,27,56,56,41,82
Israel,ISR,Guinea,GIN,5,8,12,5,7
Israel,ISR,Honduras,HND,23,10,13,29,65
Israel,ISR,Hungary,HUN,506,1923,1771,1543,1470
Israel,ISR,India,IND,11,1086,5,2497,4
Israel,ISR,Indonesia,IDN,25,16,16,19,17
Israel,ISR,Ireland,IRL,9,12,21,26,285
Israel,ISR,Italy,ITA,193,953,406,6901,2561
Israel,ISR,Kenya,KEN,41,434,347,245,8
Israel,ISR,Kuwait,KWT,2,4,4,296,279
Israel,ISR,Liberia,LBR,76,83,21,21,20
Israel,ISR,Libya,LBY,7,39,100,147,176
Israel,ISR,Luxembourg,LUX,1,2,7,41,74
Israel,ISR,Malawi,MWI,8,8,12,12,11
Israel,ISR,Mexico,MEX,56,60,147,1046,1009
Israel,ISR,Monaco,MCO,1,2,10,12,14
Israel,ISR,Morocco,MAR,11,4,2,2,2
Israel,ISR,Mozambique,MOZ,1,7,31,171,588
Israel,ISR,Myanmar,MMR,12,12,8,7,5
Israel,ISR,Namibia,NAM,11,18,28,46,44
Israel,ISR,Netherlands Antilles,ANT,17,15,13,17,7
Israel,ISR,New Caledonia,NCL,3,4,1,3,6
Israel,ISR,New Zealand,NZL,67,100,163,221,542
Israel,ISR,Nicaragua,NIC,6,10,11,12,14
Israel,ISR,Niger,NER,36,49,66,50,16
Israel,ISR,Nigeria,NGA,113,99,587,171,287
Israel,ISR,Norway,NOR,3,96,191,428,517
Israel,ISR,Pakistan,PAK,42,96,77,62,50
Israel,ISR,Panama,PAN,164,208,300,427,572
Israel,ISR,Papua New Guinea,PNG,6,14,3,3,2
Israel,ISR,Peru,PER,429,379,315,327,267
Israel,ISR,Philippines,PHL,11,167,45,74,544
Israel,ISR,Poland,POL,7,6,124,241,409
Israel,ISR,Rwanda,RWA,16,5,6,4,10
Israel,ISR,Senegal,SEN,22,14,15,28,28
Israel,ISR,Serbia and Montenegro,SCG,4,4,8,2,9
Israel,ISR,Singapore,SGP,5,8,21,51,378
Israel,ISR,Slovak Republic,SVK,2,2,3,8,43
Israel,ISR,Somalia,SOM,5,4,6,4,1
Israel,ISR,South Africa,ZAF,811,1565,2318,2108,1890
Israel,ISR,Sudan,SDN,207,198,253,94,113
Israel,ISR,Swaziland,SWZ,12,24,3,10,13
Israel,ISR,Sweden,SWE,53,66,292,591,1500
Israel,ISR,Switzerland,CHE,172,198,1560,268,1100
Israel,ISR,Syrian Arab Republic,SYR,2,21,16,22,29
Israel,ISR,Tanzania,TZA,34,31,56,54,47
Israel,ISR,Thailand,THA,2,5,91,179,611
Israel,ISR,Togo,TGO,51,73,77,81,83
Israel,ISR,Trinidad and Tobago,TTO,6,5,5,4,2
Israel,ISR,Tunisia,TUN,15,2,11,22,20
Israel,ISR,Turkey,TUR,903,989,918,1420,2766
Israel,ISR,Uganda,UGA,8,8,13,20,6
Israel,ISR,United Kingdom,GBR,5242,358,7320,15517,7729
Israel,ISR,United States,USA,18761,46174,75666,100555,125896
Israel,ISR,Uruguay,URY,56,47,34,35,267
Israel,ISR,"Venezuela, RB",VEN,456,1039,1079,1031,601
Israel,ISR,West Bank and Gaza,PSE,167080,199203,235848,310350,479728
Israel,ISR,"Yemen, Rep.",YEM,5701,7057,8737,10817,12645
Israel,ISR,Zambia,ZMB,144,115,625,92,84
Israel,ISR,Zimbabwe,ZWE,94,121,114,108,99
Italy,ITA,Albania,ALB,40,44,49,54,61
Italy,ITA,Algeria,DZA,11900,4664,3677,2899,2285
Italy,ITA,Andorra,AND,5,26,292,571,744
Italy,ITA,Angola,AGO,556,222,88,97,153
Italy,ITA,Antigua and Barbuda,ATG,5,7,28,51,9
Italy,ITA,Argentina,ARG,927303,687552,487003,363907,224155
Italy,ITA,Aruba,ABW,2,2,2,3,6
Italy,ITA,Australia,AUS,218698,309003,266038,246309,216676
Italy,ITA,Austria,AUT,92643,33318,18177,13502,14428
Italy,ITA,"Bahamas, The",BHS,8,613,143,82,92
Italy,ITA,Bahrain,BHR,6,3,9,5,5
Italy,ITA,Barbados,BRB,12,6,1,19,22
Italy,ITA,Belgium,BEL,196020,254545,288899,241481,203181
Italy,ITA,Benin,BEN,7,9,12,16,28
Italy,ITA,Bermuda,BMU,109,186,134,126,162
Italy,ITA,Bhutan,BTN,3,4,5,6,9
Italy,ITA,Bolivia,BOL,1137,906,696,715,750
Italy,ITA,Bosnia and Herzegovina,BIH,276,281,502,2451,1930
Italy,ITA,Botswana,BWA,9,8,19,156,121
Italy,ITA,Brazil,BRA,210731,149710,108052,69613,54958
Italy,ITA,Bulgaria,BGR,109,114,117,116,538
Italy,ITA,Burkina Faso,BFA,55,77,148,69,131
Italy,ITA,Burundi,BDI,445,357,286,9,7
Italy,ITA,Cameroon,CMR,268,301,240,356,300
Italy,ITA,Canada,CAN,250997,314957,386475,423097,310213
Italy,ITA,Cape Verde,CPV,165,182,201,238,276
Italy,ITA,Cayman Islands,CYM,1,2,7,40,20
Italy,ITA,Central African Republic,CAF,13,7,15,154,48
Italy,ITA,Chad,TCD,24,26,29,32,37
Italy,ITA,Chile,CHL,11454,7661,5637,4427,3696
Italy,ITA,China,CHN,15,15,5,54,104
Italy,ITA,Colombia,COL,2292,2679,2668,2787,2741
Italy,ITA,"Congo, Dem. Rep.",COD,31044,8990,4230,2923,2393
Italy,ITA,"Congo, Rep.",COG,27,45,16,27,5
Italy,ITA,Cook Islands,COK,4,3,8,33,51
Italy,ITA,Costa Rica,CRI,720,309,514,888,1601
Italy,ITA,Cote d'Ivoire,CIV,64,99,127,203,54
Italy,ITA,Croatia,HRV,2545,2587,4632,2100,1780
Italy,ITA,Cuba,CUB,398,360,219,152,239
Italy,ITA,Cyprus,CYP,3,7,12,16,219
Italy,ITA,Czech Republic,CZE,66,73,80,568,1044
Italy,ITA,Denmark,DNK,1064,873,1896,2391,3272
Italy,ITA,Djibouti,DJI,7,12,24,38,49
Italy,ITA,Dominican Republic,DOM,1036,2757,4368,6250,8487
Italy,ITA,Ecuador,ECU,457,851,1325,1245,1587
Italy,ITA,El Salvador,SLV,679,378,290,220,212
Italy,ITA,Equatorial Guinea,GNQ,4,3,8,4,7
Italy,ITA,Eritrea,ERI,112,57,48,35,6
Italy,ITA,Ethiopia,ETH,121,116,121,128,134
Italy,ITA,Fiji,FJI,878,463,74,25,29
Italy,ITA,Finland,FIN,104,317,585,526,990
Italy,ITA,France,FRA,140448,840941,594387,520281,236943
Italy,ITA,French Guiana,GUF,16,33,66,154,235
Italy,ITA,French Polynesia,PYF,20,58,136,149,105
Italy,ITA,Gabon,GAB,29,15,22,35,53
Italy,ITA,"Gambia, The",GMB,2,6,43,61,87
Italy,ITA,Germany,DEU,216562,540065,611115,506864,629291
Italy,ITA,Ghana,GHA,462,258,83,292,500
Italy,ITA,Gibraltar,GIB,10,13,38,77,87
Italy,ITA,Greece,GRC,4028,2740,7915,10660,5628
Italy,ITA,Greenland,GRL,4,10,12,12,10
Italy,ITA,Guadeloupe,GLP,5,106,162,332,299
Italy,ITA,Guam,GUM,205,340,5,155,174
Italy,ITA,Guatemala,GTM,512,474,441,313,229
Italy,ITA,Guinea,GIN,62,93,138,50,63
Italy,ITA,Guinea-Bissau,GNB,5,5,6,13,12
Italy,ITA,Guyana,GUY,1701,988,98,84,191
Italy,ITA,Haiti,HTI,83,5,7,9,13
Italy,ITA,Honduras,HND,98,45,57,124,190
Italy,ITA,"Hong Kong SAR, China",HKG,37,57,2,67,70
Italy,ITA,Hungary,HUN,6238,2373,1717,1356,1224
Italy,ITA,Iceland,ISL,12,17,39,101,107
Italy,ITA,India,IND,62,4,13,449,63
Italy,ITA,Indonesia,IDN,87,55,56,68,61
Italy,ITA,Ireland,IRL,700,971,1297,1337,4390
Italy,ITA,Israel,ISR,26,30,36,180,387
Italy,ITA,Japan,JPN,2,38,85,992,1452
Italy,ITA,Jordan,JOR,364,138,90,334,305
Italy,ITA,Kenya,KEN,141,9010,6441,3506,107
Italy,ITA,"Korea, Rep.",KOR,2,39,48,76,2
Italy,ITA,Kuwait,KWT,5,28,287,275,260
Italy,ITA,Lao PDR,LAO,3,3,4,4,3
Italy,ITA,Lesotho,LSO,2,5,9,9,3
Italy,ITA,Liberia,LBR,636,251,188,188,178
Italy,ITA,Libya,LBY,20882,272,691,1018,1218
Italy,ITA,Liechtenstein,LIE,373,952,894,1071,859
Italy,ITA,Luxembourg,LUX,10593,15265,13674,11734,12274
Italy,ITA,"Macedonia, FYR",MKD,483,491,878,2511,2918
Italy,ITA,Madagascar,MDG,5,3,28,349,315
Italy,ITA,Malawi,MWI,201,198,73,72,70
Italy,ITA,Mali,MLI,27,27,26,26,2
Italy,ITA,Malta,MLT,24,190,173,230,503
Italy,ITA,Martinique,MTQ,44,43,66,128,153
Italy,ITA,Mauritius,MUS,64,66,256,92,265
Italy,ITA,Mexico,MEX,3514,2776,3534,3068,3830
Italy,ITA,"Micronesia, Fed. Sts.",FSM,401,363,190,5,9
Italy,ITA,Monaco,MCO,4130,3603,465,579,683
Italy,ITA,Morocco,MAR,13683,4398,2470,2091,1914
Italy,ITA,Mozambique,MOZ,419,124,294,624,922
Italy,ITA,Myanmar,MMR,18,17,17,23,19
Italy,ITA,Namibia,NAM,168,269,431,691,661
Italy,ITA,Naura,NRU,1,2,7,13,21
Italy,ITA,Netherlands,NLD,3374,2637,5542,14286,16651
Italy,ITA,Netherlands Antilles,ANT,12,10,9,13,78
Italy,ITA,New Caledonia,NCL,246,88,277,191,137
Italy,ITA,New Zealand,NZL,1408,1776,1471,1504,1459
Italy,ITA,Nicaragua,NIC,71,120,134,144,172
Italy,ITA,Niger,NER,178,240,323,243,77
Italy,ITA,Nigeria,NGA,1023,616,2395,417,699
Italy,ITA,Northern Mariana Islands,MNP,6,8,10,16,38
Italy,ITA,Norway,NOR,480,684,897,1105,1443
Italy,ITA,Oman,OMN,1,2,4,11,16
Italy,ITA,Pakistan,PAK,5,15,12,9,8
Italy,ITA,Panama,PAN,1068,864,659,590,594
Italy,ITA,Paraguay,PRY,261,780,544,657,519
Italy,ITA,Peru,PER,5772,5200,4415,2918,2386
Italy,ITA,Philippines,PHL,32,179,160,248,1021
Italy,ITA,Poland,POL,732,631,1748,2886,4602
Italy,ITA,Portugal,PRT,67,175,458,1046,1856
Italy,ITA,Puerto Rico,PRI,62,184,264,494,412
Italy,ITA,Qatar,QAT,34,3,20,239,152
Italy,ITA,Reunion,REU,51,39,115,153,228
Italy,ITA,Romania,ROU,1235,1059,747,533,2530
Italy,ITA,Rwanda,RWA,902,71,47,77,110
Italy,ITA,Saint Pierre and Miquelon,SPM,1,3,4,4,4
Italy,ITA,Samoa,WSM,3,10,13,10,21
Italy,ITA,Saudi Arabia,SAU,2,10,49,127,137
Italy,ITA,Senegal,SEN,84,54,57,106,104
Italy,ITA,Serbia and Montenegro,SCG,2655,2699,4832,1374,5084
Italy,ITA,Seychelles,SYC,2,29,52,70,126
Italy,ITA,Sierra Leone,SLE,12,19,24,24,16
Italy,ITA,Singapore,SGP,27,4,14,36,46
Italy,ITA,Slovak Republic,SVK,26,29,32,98,116
Italy,ITA,Slovenia,SVN,759,771,1381,4636,2669
Italy,ITA,Solomon Islands,SLB,12,13,12,23,30
Italy,ITA,Somalia,SOM,167,83,83,54,12
Italy,ITA,South Africa,ZAF,12385,14458,16394,9549,9842
Italy,ITA,Spain,ESP,3402,5739,9831,11343,21481
Italy,ITA,St. Vincent and the Grenadines,VCT,2,1,1,2,3
Italy,ITA,Sudan,SDN,133,127,163,967,1167
Italy,ITA,Suriname,SUR,167,111,72,98,131
Italy,ITA,Swaziland,SWZ,18,36,4,34,23
Italy,ITA,Sweden,SWE,4834,7412,6042,6231,6269
Italy,ITA,Switzerland,CHE,442123,590957,486056,414031,336726
Italy,ITA,Syrian Arab Republic,SYR,5,45,32,46,60
Italy,ITA,Tanzania,TZA,822,762,768,740,519
Italy,ITA,Thailand,THA,65,136,219,337,1041
Italy,ITA,Togo,TGO,252,361,379,396,408
Italy,ITA,Tonga,TON,3,22,69,109,54
Italy,ITA,Trinidad and Tobago,TTO,73,59,67,54,30
Italy,ITA,Tunisia,TUN,32958,7836,1847,1623,1529
Italy,ITA,Turkey,TUR,2625,2202,1591,1935,2843
Italy,ITA,Tuvalu,TUV,5,3,3,3,2
Italy,ITA,Uganda,UGA,752,750,604,521,110
Italy,ITA,United Kingdom,GBR,100455,115935,100220,92402,125396
Italy,ITA,United States,USA,1312537,1193985,923820,667394,547833
Italy,ITA,Uruguay,URY,30988,25676,18535,14157,9763
Italy,ITA,Vanuatu,VUT,31,36,26,16,13
Italy,ITA,"Venezuela, RB",VEN,112079,85043,72610,65763,50049
Italy,ITA,Virgin Islands (U.S.),VIR,3,48,1,35,27
Italy,ITA,West Bank and Gaza,PSE,15,18,21,28,43
Italy,ITA,"Yemen, Rep.",YEM,9,11,14,18,20
Italy,ITA,Zambia,ZMB,1913,1533,644,104,94
Italy,ITA,Zimbabwe,ZWE,1236,1593,1502,1417,1303
Jamaica,JAM,Anguilla,AIA,32,54,79,149,256
Jamaica,JAM,Antigua and Barbuda,ATG,577,820,592,408,2249
Jamaica,JAM,Aruba,ABW,169,160,151,164,722
Jamaica,JAM,Australia,AUS,10,126,65,640,739
Jamaica,JAM,"Bahamas, The",BHS,107,3510,2580,2929,3256
Jamaica,JAM,Barbados,BRB,768,637,583,650,745
Jamaica,JAM,Belgium,BEL,1,8,37,6,8
Jamaica,JAM,Bermuda,BMU,58,285,157,949,1140
Jamaica,JAM,Bosnia and Herzegovina,BIH,8,8,15,73,57
Jamaica,JAM,Canada,CAN,499,5345,10400,101004,118874
Jamaica,JAM,Cayman Islands,CYM,409,678,2447,5051,10628
Jamaica,JAM,Colombia,COL,3,12,20,29,48
Jamaica,JAM,Costa Rica,CRI,1975,517,277,224,163
Jamaica,JAM,Cote d'Ivoire,CIV,2,4,5,14,1
Jamaica,JAM,Cuba,CUB,6993,6327,3008,1312,319
Jamaica,JAM,Denmark,DNK,220,197,80,112,157
Jamaica,JAM,Dominica,DMA,159,103,48,61,90
Jamaica,JAM,Dominican Republic,DOM,1133,1005,815,664,513
Jamaica,JAM,Fiji,FJI,1,1,2,3,3
Jamaica,JAM,Finland,FIN,43,207,407,60,84
Jamaica,JAM,France,FRA,28986,2898,2139,1849,48902
Jamaica,JAM,Germany,DEU,33,14,27,522,98
Jamaica,JAM,Gibraltar,GIB,68,16,61,5,57
Jamaica,JAM,Greenland,GRL,1,4,4,4,4
Jamaica,JAM,Grenada,GRD,386,214,53,66,122
Jamaica,JAM,Guadeloupe,GLP,9,15,35,80,72
Jamaica,JAM,Guatemala,GTM,298,99,44,123,7
Jamaica,JAM,Haiti,HTI,201,57,72,98,132
Jamaica,JAM,Honduras,HND,197,90,115,250,22
Jamaica,JAM,Hungary,HUN,2,11,10,9,8
Jamaica,JAM,Ireland,IRL,101,127,226,164,151
Jamaica,JAM,Italy,ITA,6,110,17,30,173
Jamaica,JAM,Luxembourg,LUX,26,36,69,410,12
Jamaica,JAM,"Macedonia, FYR",MKD,16,16,29,376,437
Jamaica,JAM,Martinique,MTQ,1,2,174,5,6
Jamaica,JAM,Mexico,MEX,87,104,2,127,149
Jamaica,JAM,Monaco,MCO,13,10,96,119,141
Jamaica,JAM,Montserrat,MSR,5,10,13,24,2
Jamaica,JAM,Netherlands Antilles,ANT,468,411,361,509,1489
Jamaica,JAM,New Zealand,NZL,25,3,125,133,126
Jamaica,JAM,Nicaragua,NIC,15,25,28,30,36
Jamaica,JAM,Niger,NER,12,16,22,16,3
Jamaica,JAM,Nigeria,NGA,38,51,381,129,217
Jamaica,JAM,Norway,NOR,41,9,35,45,75
Jamaica,JAM,Panama,PAN,11230,4926,1839,2156,563
Jamaica,JAM,Puerto Rico,PRI,109,323,464,212,4331
Jamaica,JAM,Serbia and Montenegro,SCG,79,80,144,70,258
Jamaica,JAM,St. Kitts and Nevis,KNA,39,30,29,63,136
Jamaica,JAM,St. Lucia,LCA,164,136,113,111,201
Jamaica,JAM,St. Vincent and the Grenadines,VCT,67,62,57,76,120
Jamaica,JAM,Sweden,SWE,10,931,495,252,193
Jamaica,JAM,Togo,TGO,17,24,26,27,28
Jamaica,JAM,Trinidad and Tobago,TTO,7831,3492,309,200,317
Jamaica,JAM,Turks and Caicos Islands,TCA,12,32,85,31,35
Jamaica,JAM,United Kingdom,GBR,116203,148203,168068,144441,152843
Jamaica,JAM,United States,USA,26710,83570,221818,363387,575845
Jamaica,JAM,Uruguay,URY,3,3,2,2,3
Jamaica,JAM,"Venezuela, RB",VEN,97,139,236,220,126
Jamaica,JAM,Virgin Islands (U.S.),VIR,26,1104,301,458,353
Jamaica,JAM,"Virgin Islands, British",VGB,7,36,44,249,275
Japan,JPN,Albania,ALB,1,1,1,1,2
Japan,JPN,Algeria,DZA,16,6,5,4,3
Japan,JPN,Angola,AGO,21,8,3,4,6
Japan,JPN,Antigua and Barbuda,ATG,2,3,3,2,17
Japan,JPN,Argentina,ARG,7692,7500,7727,6030,5348
Japan,JPN,Aruba,ABW,30,28,27,30,50
Japan,JPN,Australia,AUS,2202,3602,7772,17967,25107
Japan,JPN,Austria,AUT,121,559,2154,2226,2381
Japan,JPN,Bangladesh,BGD,4,3,3,4,4
Japan,JPN,Belgium,BEL,111,514,2149,3099,3878
Japan,JPN,Bhutan,BTN,26,35,47,64,86
Japan,JPN,Bolivia,BOL,488,1360,2058,1260,1422
Japan,JPN,Bosnia and Herzegovina,BIH,1,1,2,9,7
Japan,JPN,Brazil,BRA,166660,150773,141480,86189,70837
Japan,JPN,Brunei Darussalam,BRN,8,11,66,83,119
Japan,JPN,Bulgaria,BGR,19,19,20,20,91
Japan,JPN,Cambodia,KHM,676,570,7,68,420
Japan,JPN,Canada,CAN,6611,6795,7115,13873,26474
Japan,JPN,Chad,TCD,4,5,5,6,6
Japan,JPN,Chile,CHL,430,310,474,642,797
Japan,JPN,China,CHN,971,81,487,611,2212
Japan,JPN,Colombia,COL,318,501,630,796,686
Japan,JPN,Costa Rica,CRI,20,64,89,131,213
Japan,JPN,Cuba,CUB,231,209,99,43,10
Japan,JPN,Cyprus,CYP,2,6,11,16,39
Japan,JPN,Czech Republic,CZE,1,1,2,12,195
Japan,JPN,Denmark,DNK,50,46,758,1015,1288
Japan,JPN,Dominican Republic,DOM,3886,3396,2692,2116,1531
Japan,JPN,Ecuador,ECU,262,488,759,810,427
Japan,JPN,"Egypt, Arab Rep.",EGY,582,777,996,71,1497
Japan,JPN,El Salvador,SLV,131,245,119,22,192
Japan,JPN,Ethiopia,ETH,7,6,7,7,7
Japan,JPN,Faeroe Islands,FRO,7,9,13,14,2
Japan,JPN,Falkland Islands (Malvinas),FLK,8,2,2,1,1
Japan,JPN,Fiji,FJI,50,40,33,41,48
Japan,JPN,Finland,FIN,2,8,15,343,610
Japan,JPN,France,FRA,6595,659,8360,11760,11126
Japan,JPN,French Guiana,GUF,75,53,105,244,373
Japan,JPN,French Polynesia,PYF,4,2,1,40,40
Japan,JPN,Germany,DEU,1530,4570,17276,16778,32574
Japan,JPN,Ghana,GHA,27,17,6,20,34
Japan,JPN,Greece,GRC,24,67,736,948,655
Japan,JPN,Greenland,GRL,1,4,5,5,4
Japan,JPN,Guadeloupe,GLP,12,14,36,84,75
Japan,JPN,Guam,GUM,9,1365,2061,2461,2458
Japan,JPN,Guatemala,GTM,47,88,83,66,92
Japan,JPN,Guinea,GIN,1,2,2,6,17
Japan,JPN,Guyana,GUY,372,216,21,18,42
Japan,JPN,Haiti,HTI,5,3,4,5,6
Japan,JPN,Honduras,HND,22,10,13,28,101
Japan,JPN,"Hong Kong SAR, China",HKG,232,60,7567,30,528
Japan,JPN,Hungary,HUN,222,1258,1168,1020,973
Japan,JPN,India,IND,3,17,1061,877,855
Japan,JPN,Indonesia,IDN,2623,1651,1682,2039,1822
Japan,JPN,Ireland,IRL,58,73,130,158,869
Japan,JPN,Israel,ISR,3,3,3,33,74
Japan,JPN,Italy,ITA,463,1746,1001,12481,7154
Japan,JPN,Kenya,KEN,13,140,112,79,3
Japan,JPN,"Korea, Dem. Rep.",PRK,31,9,129,110,196
Japan,JPN,"Korea, Rep.",KOR,2571,643,3896,2324,13517
Japan,JPN,Kuwait,KWT,2,476,664,212,201
Japan,JPN,Lao PDR,LAO,8,9,9,10,9
Japan,JPN,Liberia,LBR,6,7,2,2,2
Japan,JPN,Libya,LBY,14,91,230,339,406
Japan,JPN,Luxembourg,LUX,3,5,16,93,286
Japan,JPN,"Macao SAR, China",MAC,104,42,151,165,179
Japan,JPN,"Macedonia, FYR",MKD,2,2,3,92,107
Japan,JPN,Madagascar,MDG,16,9,3,80,72
Japan,JPN,Malawi,MWI,3,3,4,4,4
Japan,JPN,Malaysia,MYS,10,397,1189,3821,12412
Japan,JPN,Martinique,MTQ,5,26,22,42,51
Japan,JPN,Mexico,MEX,2222,1867,3804,2713,2994
Japan,JPN,"Micronesia, Fed. Sts.",FSM,20,18,47,77,89
Japan,JPN,Monaco,MCO,3,4,22,27,32
Japan,JPN,Mongolia,MNG,69,85,103,126,154
Japan,JPN,Morocco,MAR,25,8,5,4,4
Japan,JPN,Myanmar,MMR,1316,1252,897,703,579
Japan,JPN,Namibia,NAM,5,8,13,21,20
Japan,JPN,Netherlands,NLD,2,575,1590,4582,5719
Japan,JPN,Netherlands Antilles,ANT,163,143,125,113,254
Japan,JPN,New Caledonia,NCL,51,42,49,31,17
Japan,JPN,New Zealand,NZL,365,896,776,1569,8482
Japan,JPN,Nicaragua,NIC,20,34,39,42,50
Japan,JPN,Niger,NER,6,9,12,9,3
Japan,JPN,Nigeria,NGA,20,17,103,30,50
Japan,JPN,Northern Mariana Islands,MNP,113,152,206,766,920
Japan,JPN,Norway,NOR,58,328,640,838,946
Japan,JPN,Palau,PLW,13,17,23,91,289
Japan,JPN,Panama,PAN,56,135,501,59,343
Japan,JPN,Papua New Guinea,PNG,79,195,387,300,225
Japan,JPN,Paraguay,PRY,1145,3422,2882,2486,2242
Japan,JPN,Peru,PER,7689,6046,4210,2407,1968
Japan,JPN,Philippines,PHL,943,51678,1727,3675,8140
Japan,JPN,Poland,POL,2,2,73,144,245
Japan,JPN,Puerto Rico,PRI,5,16,23,215,211
Japan,JPN,Samoa,WSM,8,32,47,42,62
Japan,JPN,Senegal,SEN,2,1,1,3,3
Japan,JPN,Serbia and Montenegro,SCG,10,10,18,6,20
Japan,JPN,Singapore,SGP,227,222,230,334,491
Japan,JPN,Solomon Islands,SLB,23,25,59,19,145
Japan,JPN,South Africa,ZAF,47,337,630,569,740
Japan,JPN,Sri Lanka,LKA,98,139,160,111,95
Japan,JPN,Sudan,SDN,7,6,8,21,25
Japan,JPN,Suriname,SUR,53,35,23,30,39
Japan,JPN,Swaziland,SWZ,4,8,1,6,8
Japan,JPN,Sweden,SWE,142,151,670,1740,2258
Japan,JPN,Switzerland,CHE,412,491,1880,842,3591
Japan,JPN,Syrian Arab Republic,SYR,2,15,11,16,21
Japan,JPN,Tanzania,TZA,11,10,19,18,15
Japan,JPN,Thailand,THA,256,515,2543,4724,15779
Japan,JPN,Togo,TGO,9,13,14,14,15
Japan,JPN,Trinidad and Tobago,TTO,37,30,34,28,15
Japan,JPN,Tunisia,TUN,33,4,25,48,45
Japan,JPN,Turkey,TUR,14,304,475,961,2000
Japan,JPN,Uganda,UGA,26,26,53,86,26
Japan,JPN,United Kingdom,GBR,2942,310,12581,28849,59546
Japan,JPN,United States,USA,114981,160338,335683,448625,500527
Japan,JPN,Uruguay,URY,1507,1248,901,924,191
Japan,JPN,Vanuatu,VUT,16,19,10,8,2
Japan,JPN,"Venezuela, RB",VEN,336,43,1172,760,452
Japan,JPN,Vietnam,VNM,3,77,18,35,441
Japan,JPN,West Bank and Gaza,PSE,7,8,9,12,19
Japan,JPN,"Yemen, Rep.",YEM,221,274,339,420,490
Japan,JPN,Zambia,ZMB,178,143,198,176,160
Japan,JPN,Zimbabwe,ZWE,96,124,117,110,101
Jordan,JOR,Albania,ALB,1,1,2,2,2
Jordan,JOR,Algeria,DZA,123,48,38,30,24
Jordan,JOR,Aruba,ABW,5,4,4,5,8
Jordan,JOR,Australia,AUS,16,27,291,2101,3283
Jordan,JOR,Austria,AUT,47,198,398,342,412
Jordan,JOR,Bahrain,BHR,157,1340,6346,9283,13837
Jordan,JOR,Bangladesh,BGD,27,22,24,26,29
Jordan,JOR,Belgium,BEL,18,126,339,271,289
Jordan,JOR,Brazil,BRA,150,7,25,910,544
Jordan,JOR,Bulgaria,BGR,73,76,78,78,360
Jordan,JOR,Cameroon,CMR,2,3,2,16,13
Jordan,JOR,Canada,CAN,53,692,1358,1856,5053
Jordan,JOR,Chad,TCD,7,8,9,10,11
Jordan,JOR,Chile,CHL,247,658,257,138,83
Jordan,JOR,Colombia,COL,18,37,53,72,143
Jordan,JOR,"Congo, Rep.",COG,1,2,6,9,2
Jordan,JOR,Cuba,CUB,43,39,18,8,2
Jordan,JOR,Cyprus,CYP,5,18,30,43,201
Jordan,JOR,Czech Republic,CZE,4,4,5,33,103
Jordan,JOR,Denmark,DNK,3,3,423,629,961
Jordan,JOR,Dominican Republic,DOM,14,21,27,35,44
Jordan,JOR,Ecuador,ECU,2,4,6,7,26
Jordan,JOR,"Egypt, Arab Rep.",EGY,2704,5162,7886,7113,3545
Jordan,JOR,El Salvador,SLV,2,59,26,1,46
Jordan,JOR,Ethiopia,ETH,13,12,13,13,14
Jordan,JOR,Fiji,FJI,4,3,2,3,3
Jordan,JOR,France,FRA,376,38,23,11,635
Jordan,JOR,Germany,DEU,1741,5904,13329,9480,11007
Jordan,JOR,Greece,GRC,9,26,1398,1962,646
Jordan,JOR,Guadeloupe,GLP,2,2,6,13,12
Jordan,JOR,Honduras,HND,3,1,1,3,30
Jordan,JOR,"Hong Kong SAR, China",HKG,79,77,4,37,702
Jordan,JOR,Hungary,HUN,284,295,255,217,204
Jordan,JOR,India,IND,6,610,3,1402,2
Jordan,JOR,Indonesia,IDN,14,9,9,11,157
Jordan,JOR,"Iran, Islamic Rep.",IRN,54,97,365,875,738
Jordan,JOR,Iraq,IRQ,2911,2681,2616,3367,790
Jordan,JOR,Ireland,IRL,1,2,3,3,137
Jordan,JOR,Israel,ISR,167,199,199,1983,4476
Jordan,JOR,Italy,ITA,179,661,357,4740,2983
Jordan,JOR,Kenya,KEN,24,247,198,140,4
Jordan,JOR,Kuwait,KWT,14838,175512,317832,460366,434725
Jordan,JOR,Lebanon,LBN,309,935,750,17374,6231
Jordan,JOR,Libya,LBY,29,412,1048,1544,1849
Jordan,JOR,"Macao SAR, China",MAC,3,1,4,5,5
Jordan,JOR,Madagascar,MDG,48,27,9,2,2
Jordan,JOR,Mexico,MEX,16,18,8,30,44
Jordan,JOR,Morocco,MAR,184,59,33,28,26
Jordan,JOR,Myanmar,MMR,4,4,4,4,3
Jordan,JOR,Netherlands Antilles,ANT,25,22,19,23,10
Jordan,JOR,New Zealand,NZL,1,5,11,15,215
Jordan,JOR,Nicaragua,NIC,5,9,10,11,13
Jordan,JOR,Oman,OMN,650,936,2175,6310,9289
Jordan,JOR,Pakistan,PAK,24,54,43,35,28
Jordan,JOR,Panama,PAN,2,12,45,6,87
Jordan,JOR,Peru,PER,23,28,31,100,82
Jordan,JOR,Philippines,PHL,6,5,26,208,67
Jordan,JOR,Poland,POL,5,4,52,100,169
Jordan,JOR,Puerto Rico,PRI,56,165,237,33,44
Jordan,JOR,Qatar,QAT,296,4997,11092,29010,9311
Jordan,JOR,Saudi Arabia,SAU,1575,8868,45222,117818,127456
Jordan,JOR,Singapore,SGP,10,5,12,29,212
Jordan,JOR,Slovak Republic,SVK,1,2,2,6,26
Jordan,JOR,Sudan,SDN,118,113,145,53,65
Jordan,JOR,Switzerland,CHE,159,173,111,114,381
Jordan,JOR,Syrian Arab Republic,SYR,8179,3412,3150,4456,5859
Jordan,JOR,Tanzania,TZA,19,18,32,31,27
Jordan,JOR,Thailand,THA,1,2,53,105,357
Jordan,JOR,Trinidad and Tobago,TTO,8,6,7,6,3
Jordan,JOR,Tunisia,TUN,249,30,183,4,4
Jordan,JOR,Turkey,TUR,838,1524,1820,3291,1020
Jordan,JOR,Uganda,UGA,5,5,8,11,4
Jordan,JOR,United Arab Emirates,ARE,91,2739,29898,55475,95315
Jordan,JOR,United Kingdom,GBR,48,11,611,259,636
Jordan,JOR,United States,USA,1228,975,22763,34011,50422
Jordan,JOR,Uruguay,URY,12,10,7,8,10
Jordan,JOR,"Venezuela, RB",VEN,204,25,654,461,265
Jordan,JOR,West Bank and Gaza,PSE,94032,112110,132734,174663,269988
Jordan,JOR,"Yemen, Rep.",YEM,13202,16345,20235,25051,29286
Kazakhstan,KAZ,Afghanistan,AFG,3,6,5,25,29
Kazakhstan,KAZ,Albania,ALB,3,3,4,4,5
Kazakhstan,KAZ,Angola,AGO,13,5,2,2,3
Kazakhstan,KAZ,Argentina,ARG,314,204,106,21,414
Kazakhstan,KAZ,Australia,AUS,399,902,436,1900,433
Kazakhstan,KAZ,Austria,AUT,32,22,17,39,127
Kazakhstan,KAZ,Bangladesh,BGD,14,11,12,13,14
Kazakhstan,KAZ,Belgium,BEL,86,39,14,13,40
Kazakhstan,KAZ,Benin,BEN,1,2,2,3,6
Kazakhstan,KAZ,Brazil,BRA,235,175,115,68,232
Kazakhstan,KAZ,Bulgaria,BGR,172,179,184,182,846
Kazakhstan,KAZ,Canada,CAN,4876,4102,3391,3392,3860
Kazakhstan,KAZ,Chile,CHL,13,8,5,5,8
Kazakhstan,KAZ,China,CHN,895,296,16,84,2144
Kazakhstan,KAZ,Colombia,COL,1,2,3,4,4
Kazakhstan,KAZ,"Congo, Dem. Rep.",COD,11,93,58,40,33
Kazakhstan,KAZ,Cote d'Ivoire,CIV,7,10,13,20,2
Kazakhstan,KAZ,Croatia,HRV,28,29,52,13,148
Kazakhstan,KAZ,Cyprus,CYP,241,836,1429,2038,129
Kazakhstan,KAZ,Czech Republic,CZE,177,196,216,1527,1862
Kazakhstan,KAZ,Denmark,DNK,22,20,14,12,54
Kazakhstan,KAZ,"Egypt, Arab Rep.",EGY,45,42,40,5,146
Kazakhstan,KAZ,Ethiopia,ETH,2,2,2,2,2
Kazakhstan,KAZ,Fiji,FJI,3,2,2,2,3
Kazakhstan,KAZ,Finland,FIN,81,61,53,57,211
Kazakhstan,KAZ,France,FRA,2883,288,636,83,4864
Kazakhstan,KAZ,Germany,DEU,969,1014,1002,18930,21421
Kazakhstan,KAZ,Ghana,GHA,6,26,8,29,50
Kazakhstan,KAZ,Greece,GRC,17,36,44,1008,2167
Kazakhstan,KAZ,Guinea,GIN,38,57,84,20,4
Kazakhstan,KAZ,"Hong Kong SAR, China",HKG,2556,2508,135,1206,22851
Kazakhstan,KAZ,Hungary,HUN,498,781,695,598,566
Kazakhstan,KAZ,India,IND,1182,1773,761,3344,2637
Kazakhstan,KAZ,Indonesia,IDN,102,64,65,79,71
Kazakhstan,KAZ,Iraq,IRQ,1438,888,526,319,5
Kazakhstan,KAZ,Ireland,IRL,5,7,12,15,206
Kazakhstan,KAZ,Israel,ISR,7752,9211,15591,35723,67080
Kazakhstan,KAZ,Italy,ITA,24,15,40,92,544
Kazakhstan,KAZ,Japan,JPN,2,30,67,44,1379
Kazakhstan,KAZ,"Korea, Dem. Rep.",PRK,29,31,4,15,190
Kazakhstan,KAZ,"Korea, Rep.",KOR,2,7,44,73,2
Kazakhstan,KAZ,Kuwait,KWT,2,12,4,299,282
Kazakhstan,KAZ,Kyrgyz Republic,KGZ,60112,72939,93049,125534,86404
Kazakhstan,KAZ,Lao PDR,LAO,5,6,6,6,6
Kazakhstan,KAZ,Lebanon,LBN,37,58,55,209,1765
Kazakhstan,KAZ,Liberia,LBR,9,11,2,2,2
Kazakhstan,KAZ,Libya,LBY,1,7,18,26,31
Kazakhstan,KAZ,Luxembourg,LUX,3,2,7,41,14
Kazakhstan,KAZ,"Macao SAR, China",MAC,97,39,141,154,167
Kazakhstan,KAZ,Malawi,MWI,2,2,2,2,2
Kazakhstan,KAZ,Mexico,MEX,4,4,2,4,1
Kazakhstan,KAZ,Monaco,MCO,1,1,10,12,14
Kazakhstan,KAZ,Mongolia,MNG,290,354,433,529,646
Kazakhstan,KAZ,Myanmar,MMR,1247,1186,614,27,23
Kazakhstan,KAZ,New Zealand,NZL,9,9,19,18,121
Kazakhstan,KAZ,Niger,NER,18,24,32,24,8
Kazakhstan,KAZ,Nigeria,NGA,55,48,285,83,139
Kazakhstan,KAZ,Norway,NOR,9,7,6,5,51
Kazakhstan,KAZ,Pakistan,PAK,3,237,190,153,123
Kazakhstan,KAZ,Paraguay,PRY,4,11,7,6,39
Kazakhstan,KAZ,Peru,PER,9,10,10,3,3
Kazakhstan,KAZ,Philippines,PHL,45,48,186,26,145
Kazakhstan,KAZ,Poland,POL,12483,10749,7797,5497,3706
Kazakhstan,KAZ,Qatar,QAT,35,312,806,348,2637
Kazakhstan,KAZ,Romania,ROU,37,32,23,16,46
Kazakhstan,KAZ,Russian Federation,RUS,1097639,1371420,1486916,1825035,2584955
Kazakhstan,KAZ,Senegal,SEN,3,2,2,4,4
Kazakhstan,KAZ,Serbia and Montenegro,SCG,4,4,8,2,9
Kazakhstan,KAZ,Slovak Republic,SVK,70,77,86,264,58
Kazakhstan,KAZ,South Africa,ZAF,499,424,341,354,142
Kazakhstan,KAZ,Sweden,SWE,236,53,51,50,228
Kazakhstan,KAZ,Switzerland,CHE,21,18,15,56,253
Kazakhstan,KAZ,Syrian Arab Republic,SYR,2,22,16,22,29
Kazakhstan,KAZ,Tajikistan,TJK,23671,19668,23388,27788,20901
Kazakhstan,KAZ,Thailand,THA,10,262,497,801,2525
Kazakhstan,KAZ,Togo,TGO,25,36,37,39,40
Kazakhstan,KAZ,Turkey,TUR,1868,1573,1143,1400,5034
Kazakhstan,KAZ,Turkmenistan,TKM,12815,12786,14798,16309,11955
Kazakhstan,KAZ,United Kingdom,GBR,1050,841,591,481,26
Kazakhstan,KAZ,United States,USA,3787,3112,1329,1458,1614
Kazakhstan,KAZ,Uzbekistan,UZB,81010,119718,155469,202204,164799
Kazakhstan,KAZ,"Venezuela, RB",VEN,41,13,9,93,1
Kazakhstan,KAZ,West Bank and Gaza,PSE,170,203,240,316,488
Kazakhstan,KAZ,"Yemen, Rep.",YEM,5535,6853,8484,10503,12279
Kazakhstan,KAZ,Zambia,ZMB,7,6,119,17,16
Kazakhstan,KAZ,Zimbabwe,ZWE,57,74,70,66,60
Kenya,KEN,Afghanistan,AFG,9,14,52,59,76
Kenya,KEN,Angola,AGO,71,28,11,12,20
Kenya,KEN,Australia,AUS,483,1316,3248,4522,6855
Kenya,KEN,Austria,AUT,6,4,7,12,275
Kenya,KEN,Bangladesh,BGD,20,97,107,117,128
Kenya,KEN,Belgium,BEL,5,7,43,48,49
Kenya,KEN,Benin,BEN,12,15,20,26,45
Kenya,KEN,Bosnia and Herzegovina,BIH,3,3,5,24,19
Kenya,KEN,Brazil,BRA,16,4,9,29,33
Kenya,KEN,Bulgaria,BGR,1,1,1,1,7
Kenya,KEN,Burkina Faso,BFA,1,2,3,32,8
Kenya,KEN,Burundi,BDI,118,94,76,652,523
Kenya,KEN,Cameroon,CMR,37,42,33,1703,1434
Kenya,KEN,Canada,CAN,500,2836,5279,12187,20230
Kenya,KEN,Chad,TCD,194,214,237,262,297
Kenya,KEN,Comoros,COM,8,20,81,94,92
Kenya,KEN,"Congo, Dem. Rep.",COD,5,20483,12888,8907,7292
Kenya,KEN,"Congo, Rep.",COG,182,307,47,79,15
Kenya,KEN,Cote d'Ivoire,CIV,27,42,54,14,418
Kenya,KEN,Cuba,CUB,6,5,7,8,19
Kenya,KEN,Cyprus,CYP,6,20,34,49,39
Kenya,KEN,Denmark,DNK,140,2,460,666,986
Kenya,KEN,Djibouti,DJI,182,332,668,1047,1345
Kenya,KEN,Dominican Republic,DOM,8,27,46,67,92
Kenya,KEN,"Egypt, Arab Rep.",EGY,3,30,60,2,134
Kenya,KEN,Equatorial Guinea,GNQ,2,4,22,11,19
Kenya,KEN,Eritrea,ERI,14,1384,383,558,635
Kenya,KEN,Ethiopia,ETH,500,475,500,526,552
Kenya,KEN,Finland,FIN,3,11,21,92,206
Kenya,KEN,France,FRA,6219,14906,114,198,10493
Kenya,KEN,French Polynesia,PYF,6,4,2,16,62
Kenya,KEN,Gabon,GAB,945,215,120,29,44
Kenya,KEN,"Gambia, The",GMB,13,109,71,270,390
Kenya,KEN,Germany,DEU,29,32,29,802,666
Kenya,KEN,Ghana,GHA,7,37,19,251,482
Kenya,KEN,Greece,GRC,1,16,5,380,257
Kenya,KEN,Guadeloupe,GLP,2,13,22,47,42
Kenya,KEN,Hungary,HUN,18,65,60,52,50
Kenya,KEN,India,IND,3083,3819,8518,7937,6801
Kenya,KEN,Indonesia,IDN,23,15,15,18,16
Kenya,KEN,Ireland,IRL,28,35,63,77,544
Kenya,KEN,Israel,ISR,3,4,5,34,75
Kenya,KEN,Italy,ITA,23,36,148,238,1053
Kenya,KEN,Lesotho,LSO,6,3,1,2,11
Kenya,KEN,Luxembourg,LUX,8,13,44,262,31
Kenya,KEN,"Macedonia, FYR",MKD,5,5,9,227,264
Kenya,KEN,Madagascar,MDG,135,78,183,18,16
Kenya,KEN,Malawi,MWI,21,20,3154,3098,3044
Kenya,KEN,Mali,MLI,8,8,8,8,1
Kenya,KEN,Martinique,MTQ,12,20,24,46,55
Kenya,KEN,Mauritius,MUS,49,50,2,1,1
Kenya,KEN,Mayotte,MYT,17,37,78,203,404
Kenya,KEN,Monaco,MCO,8,8,61,76,90
Kenya,KEN,Myanmar,MMR,28,27,16,6,5
Kenya,KEN,Namibia,NAM,2,3,5,8,7
Kenya,KEN,Netherlands,NLD,5,133,365,1050,1825
Kenya,KEN,New Zealand,NZL,132,610,898,957,1146
Kenya,KEN,Norway,NOR,18,65,224,498,846
Kenya,KEN,Pakistan,PAK,229,722,580,465,373
Kenya,KEN,Papua New Guinea,PNG,7,18,24,18,14
Kenya,KEN,Philippines,PHL,10,445,43,11,286
Kenya,KEN,Sao Tome and Principe,STP,2,2,2,2,2
Kenya,KEN,Senegal,SEN,3,2,2,4,4
Kenya,KEN,Serbia and Montenegro,SCG,26,27,48,15,55
Kenya,KEN,Sierra Leone,SLE,15,25,31,30,49
Kenya,KEN,Somalia,SOM,21,2031,655,855,1217
Kenya,KEN,South Africa,ZAF,1341,4237,7156,12756,6925
Kenya,KEN,Sudan,SDN,18517,17667,22663,31590,38111
Kenya,KEN,Swaziland,SWZ,9,17,20,35,53
Kenya,KEN,Switzerland,CHE,21,6,26,21,1084
Kenya,KEN,Tanzania,TZA,101972,94510,40200,32871,31182
Kenya,KEN,Trinidad and Tobago,TTO,4,4,4,3,2
Kenya,KEN,Uganda,UGA,157120,156838,90213,30995,43186
Kenya,KEN,United Kingdom,GBR,7751,60648,104566,121741,130511
Kenya,KEN,United States,USA,848,1734,9525,17873,43978
Kenya,KEN,"Yemen, Rep.",YEM,2,2,3,3,4
Kenya,KEN,Zambia,ZMB,1429,1145,666,436,394
Kenya,KEN,Zimbabwe,ZWE,640,825,778,734,675
Kiribati,KIR,Australia,AUS,1,7,4,414,402
Kiribati,KIR,Fiji,FJI,6,80,163,204,237
Kiribati,KIR,Marshall Islands,MHL,170,207,254,310,1
Kiribati,KIR,Papua New Guinea,PNG,1,3,3,3,2
Kiribati,KIR,Samoa,WSM,6,10,16,15,19
Kiribati,KIR,Solomon Islands,SLB,1443,1586,1622,1679,1404
Kiribati,KIR,United States,USA,61,159,228,1001,6471
Kiribati,KIR,Vanuatu,VUT,10,11,8,2,6
"Korea, Dem. Rep.",PRK,Argentina,ARG,479,752,1065,201,8201
"Korea, Dem. Rep.",PRK,Austria,AUT,4,14,20,25,35
"Korea, Dem. Rep.",PRK,Bangladesh,BGD,146,115,128,140,153
"Korea, Dem. Rep.",PRK,Belgium,BEL,1,8,34,21,19
"Korea, Dem. Rep.",PRK,Bolivia,BOL,2,10,16,90,3
"Korea, Dem. Rep.",PRK,Brazil,BRA,644,25,83,2322,2360
"Korea, Dem. Rep.",PRK,Cambodia,KHM,232,196,3,23,144
"Korea, Dem. Rep.",PRK,Canada,CAN,1,15,29,288,107
"Korea, Dem. Rep.",PRK,Chad,TCD,9,10,11,12,13
"Korea, Dem. Rep.",PRK,China,CHN,39389,17673,21672,31900,40337
"Korea, Dem. Rep.",PRK,Colombia,COL,78,64,38,11,163
"Korea, Dem. Rep.",PRK,Ecuador,ECU,8,14,22,23,169
"Korea, Dem. Rep.",PRK,"Egypt, Arab Rep.",EGY,30,20,9,4,120
"Korea, Dem. Rep.",PRK,Ethiopia,ETH,3,3,3,3,3
"Korea, Dem. Rep.",PRK,France,FRA,73,7,5,259,123
"Korea, Dem. Rep.",PRK,French Guiana,GUF,2,1,2,5,8
"Korea, Dem. Rep.",PRK,Germany,DEU,18,1110,62,826,1429
"Korea, Dem. Rep.",PRK,Ghana,GHA,13,4,1,5,8
"Korea, Dem. Rep.",PRK,"Hong Kong SAR, China",HKG,13080,3271,8173,1577,29763
"Korea, Dem. Rep.",PRK,Hungary,HUN,6,7,6,5,5
"Korea, Dem. Rep.",PRK,India,IND,32,3253,16,7482,12
"Korea, Dem. Rep.",PRK,Indonesia,IDN,14,9,9,11,10
"Korea, Dem. Rep.",PRK,Italy,ITA,17,21,26,140,40
"Korea, Dem. Rep.",PRK,Kenya,KEN,27,281,224,159,5
"Korea, Dem. Rep.",PRK,"Korea, Rep.",KOR,100600,149316,500248,550504,431629
"Korea, Dem. Rep.",PRK,"Macao SAR, China",MAC,5845,2343,8486,9317,10084
"Korea, Dem. Rep.",PRK,Madagascar,MDG,8,5,2,74,67
"Korea, Dem. Rep.",PRK,Mexico,MEX,6,6,4,18,111
"Korea, Dem. Rep.",PRK,Mongolia,MNG,28,34,42,51,63
"Korea, Dem. Rep.",PRK,Myanmar,MMR,171,163,84,4,3
"Korea, Dem. Rep.",PRK,Nicaragua,NIC,2,3,4,4,5
"Korea, Dem. Rep.",PRK,Nigeria,NGA,4,3,18,5,9
"Korea, Dem. Rep.",PRK,Pakistan,PAK,126,288,231,186,149
"Korea, Dem. Rep.",PRK,Paraguay,PRY,1,4,44,58,787
"Korea, Dem. Rep.",PRK,Peru,PER,94,116,132,28,22
"Korea, Dem. Rep.",PRK,Philippines,PHL,6,7,26,4,20
"Korea, Dem. Rep.",PRK,Singapore,SGP,1,6,6,9,13
"Korea, Dem. Rep.",PRK,Somalia,SOM,1,2,2,4,1
"Korea, Dem. Rep.",PRK,Sudan,SDN,13,13,16,43,51
"Korea, Dem. Rep.",PRK,Switzerland,CHE,15,12,10,52,240
"Korea, Dem. Rep.",PRK,Tanzania,TZA,22,20,38,37,30
"Korea, Dem. Rep.",PRK,Thailand,THA,1,36,68,110,346
"Korea, Dem. Rep.",PRK,Togo,TGO,2,2,2,3,3
"Korea, Dem. Rep.",PRK,Uganda,UGA,5,5,108,227,53
"Korea, Dem. Rep.",PRK,United States,USA,258,681,16492,6441,14607
"Korea, Dem. Rep.",PRK,Uruguay,URY,43,36,26,27,1
"Korea, Dem. Rep.",PRK,"Venezuela, RB",VEN,412,34,922,931,40
"Korea, Dem. Rep.",PRK,"Yemen, Rep.",YEM,2,3,3,4,5
"Korea, Dem. Rep.",PRK,Zimbabwe,ZWE,2,3,3,3,2
"Korea, Rep.",KOR,American Samoa,ASM,2,66,144,203,184
"Korea, Rep.",KOR,Angola,AGO,7,3,1,1,2
"Korea, Rep.",KOR,Aruba,ABW,3,3,3,3,5
"Korea, Rep.",KOR,Australia,AUS,275,458,4353,19938,38329
"Korea, Rep.",KOR,Austria,AUT,65,291,759,1121,1617
"Korea, Rep.",KOR,Belgium,BEL,26,187,409,452,427
"Korea, Rep.",KOR,Benin,BEN,2,3,3,4,7
"Korea, Rep.",KOR,Bermuda,BMU,1,16,48,1,81
"Korea, Rep.",KOR,Bhutan,BTN,7,9,12,17,22
"Korea, Rep.",KOR,Bolivia,BOL,6,31,51,406,569
"Korea, Rep.",KOR,Brazil,BRA,2066,2540,7335,6174,6273
"Korea, Rep.",KOR,Brunei Darussalam,BRN,3,494,224,143,204
"Korea, Rep.",KOR,Bulgaria,BGR,15,16,16,16,75
"Korea, Rep.",KOR,Cambodia,KHM,305,257,3,31,190
"Korea, Rep.",KOR,Canada,CAN,838,11024,21648,25619,80541
"Korea, Rep.",KOR,Chad,TCD,2,3,3,3,4
"Korea, Rep.",KOR,Chile,CHL,36,2,411,660,1048
"Korea, Rep.",KOR,China,CHN,179624,60214,22491,32282,47152
"Korea, Rep.",KOR,Colombia,COL,249,226,158,96,229
"Korea, Rep.",KOR,Costa Rica,CRI,5,3,40,93,190
"Korea, Rep.",KOR,Cote d'Ivoire,CIV,7,12,15,27,3
"Korea, Rep.",KOR,Cuba,CUB,28,25,12,5,1
"Korea, Rep.",KOR,Denmark,DNK,29,27,4089,7083,7911
"Korea, Rep.",KOR,Dominican Republic,DOM,8,160,306,472,668
"Korea, Rep.",KOR,Ecuador,ECU,24,45,70,74,289
"Korea, Rep.",KOR,"Egypt, Arab Rep.",EGY,111,144,181,13,291
"Korea, Rep.",KOR,El Salvador,SLV,204,18,13,10,97
"Korea, Rep.",KOR,Ethiopia,ETH,4,4,4,4,4
"Korea, Rep.",KOR,Faeroe Islands,FRO,28,38,50,55,5
"Korea, Rep.",KOR,Fiji,FJI,60,48,39,49,57
"Korea, Rep.",KOR,Finland,FIN,1,4,9,49,126
"Korea, Rep.",KOR,France,FRA,3840,384,239,13762,6478
"Korea, Rep.",KOR,French Guiana,GUF,5,4,7,17,26
"Korea, Rep.",KOR,Germany,DEU,420,3845,16471,14690,22299
"Korea, Rep.",KOR,Ghana,GHA,25,8,3,9,15
"Korea, Rep.",KOR,Greece,GRC,13,36,72,434,210
"Korea, Rep.",KOR,Greenland,GRL,2,5,6,6,5
"Korea, Rep.",KOR,Guadeloupe,GLP,1,1,4,8,8
"Korea, Rep.",KOR,Guam,GUM,11,81,1882,3591,3255
"Korea, Rep.",KOR,Guatemala,GTM,90,17,31,280,1110
"Korea, Rep.",KOR,Guinea,GIN,3,5,7,27,85
"Korea, Rep.",KOR,Guyana,GUY,34,20,2,2,4
"Korea, Rep.",KOR,Honduras,HND,25,11,15,32,51
"Korea, Rep.",KOR,"Hong Kong SAR, China",HKG,524,514,28,247,4679
"Korea, Rep.",KOR,Hungary,HUN,17,20,18,15,14
"Korea, Rep.",KOR,Indonesia,IDN,578,364,371,450,402
"Korea, Rep.",KOR,Ireland,IRL,12,16,28,34,176
"Korea, Rep.",KOR,Italy,ITA,248,459,523,3116,3908
"Korea, Rep.",KOR,Japan,JPN,622220,624009,667656,700574,685943
"Korea, Rep.",KOR,Kenya,KEN,7,78,62,44,1
"Korea, Rep.",KOR,"Korea, Dem. Rep.",PRK,5800,6303,5978,5813,4185
"Korea, Rep.",KOR,Lao PDR,LAO,2,2,2,2,2
"Korea, Rep.",KOR,Libya,LBY,3,17,44,64,77
"Korea, Rep.",KOR,Luxembourg,LUX,2,3,9,54,473
"Korea, Rep.",KOR,"Macao SAR, China",MAC,20,8,29,31,34
"Korea, Rep.",KOR,"Macedonia, FYR",MKD,1,1,2,53,62
"Korea, Rep.",KOR,Madagascar,MDG,7,4,1,64,57
"Korea, Rep.",KOR,Malaysia,MYS,3,121,364,1169,2593
"Korea, Rep.",KOR,Mexico,MEX,292,318,130,389,1725
"Korea, Rep.",KOR,Monaco,MCO,2,5,13,16,19
"Korea, Rep.",KOR,Mongolia,MNG,271,332,405,495,605
"Korea, Rep.",KOR,Myanmar,MMR,290,276,198,155,128
"Korea, Rep.",KOR,Namibia,NAM,2,3,5,8,7
"Korea, Rep.",KOR,Netherlands Antilles,ANT,16,14,13,14,6
"Korea, Rep.",KOR,New Zealand,NZL,51,128,865,1753,17608
"Korea, Rep.",KOR,Nicaragua,NIC,8,13,14,15,19
"Korea, Rep.",KOR,Niger,NER,23,32,43,32,10
"Korea, Rep.",KOR,Nigeria,NGA,73,64,381,111,186
"Korea, Rep.",KOR,Northern Mariana Islands,MNP,62,84,114,2597,1828
"Korea, Rep.",KOR,Norway,NOR,3,375,2649,4890,6095
"Korea, Rep.",KOR,Palau,PLW,2,3,4,59,141
"Korea, Rep.",KOR,Panama,PAN,18,17,119,49,196
"Korea, Rep.",KOR,Papua New Guinea,PNG,1,3,108,84,63
"Korea, Rep.",KOR,Paraguay,PRY,120,359,2373,4831,2092
"Korea, Rep.",KOR,Peru,PER,302,373,424,534,437
"Korea, Rep.",KOR,Philippines,PHL,213,12395,1057,766,2237
"Korea, Rep.",KOR,Senegal,SEN,2,1,1,2,2
"Korea, Rep.",KOR,Serbia and Montenegro,SCG,6,6,10,3,12
"Korea, Rep.",KOR,Singapore,SGP,12,68,70,102,150
"Korea, Rep.",KOR,Solomon Islands,SLB,9,10,23,20,57
"Korea, Rep.",KOR,South Africa,ZAF,60,59,58,1,704
"Korea, Rep.",KOR,Sri Lanka,LKA,44,2,11,7,6
"Korea, Rep.",KOR,Sudan,SDN,4,4,5,12,14
"Korea, Rep.",KOR,Suriname,SUR,3,2,1,1,2
"Korea, Rep.",KOR,Sweden,SWE,46,86,383,7304,9069
"Korea, Rep.",KOR,Switzerland,CHE,222,255,154,283,1119
"Korea, Rep.",KOR,Tanzania,TZA,6,6,11,10,8
"Korea, Rep.",KOR,Thailand,THA,56,114,346,610,1997
"Korea, Rep.",KOR,Togo,TGO,33,48,50,52,54
"Korea, Rep.",KOR,Trinidad and Tobago,TTO,5,4,4,3,2
"Korea, Rep.",KOR,Turkey,TUR,2,4,5,9,512
"Korea, Rep.",KOR,Uganda,UGA,1,1,30,63,15
"Korea, Rep.",KOR,United Kingdom,GBR,484,110,1201,30,10566
"Korea, Rep.",KOR,United States,USA,12902,58927,313404,693692,896982
"Korea, Rep.",KOR,Uruguay,URY,138,115,83,85,48
"Korea, Rep.",KOR,Vanuatu,VUT,19,22,12,9,3
"Korea, Rep.",KOR,"Venezuela, RB",VEN,1322,110,2959,2988,237
"Korea, Rep.",KOR,West Bank and Gaza,PSE,1,1,2,2,3
"Korea, Rep.",KOR,"Yemen, Rep.",YEM,36,45,56,69,80
"Korea, Rep.",KOR,Zambia,ZMB,4,3,65,10,9
"Korea, Rep.",KOR,Zimbabwe,ZWE,27,35,33,31,29
Kuwait,KWT,Algeria,DZA,52,20,16,13,10
Kuwait,KWT,Australia,AUS,11,18,196,888,2400
Kuwait,KWT,Bahrain,BHR,65,41,1097,582,21
Kuwait,KWT,Bangladesh,BGD,39,30,34,37,40
Kuwait,KWT,Bulgaria,BGR,32,33,34,34,157
Kuwait,KWT,Canada,CAN,98,1288,2529,675,9411
Kuwait,KWT,Chad,TCD,3,3,3,4,4
Kuwait,KWT,Cyprus,CYP,1,5,8,12,107
Kuwait,KWT,Czech Republic,CZE,1,1,1,9,55
Kuwait,KWT,Denmark,DNK,2,2,29,105,1009
Kuwait,KWT,"Egypt, Arab Rep.",EGY,1138,1801,2539,3000,2183
Kuwait,KWT,Fiji,FJI,2,2,2,2,2
Kuwait,KWT,France,FRA,233,23,14,7,392
Kuwait,KWT,Germany,DEU,3,4,9,196,267
Kuwait,KWT,"Hong Kong SAR, China",HKG,36,36,2,17,325
Kuwait,KWT,Hungary,HUN,13,14,12,10,9
Kuwait,KWT,India,IND,48,167,4437,16379,7274
Kuwait,KWT,Indonesia,IDN,6,4,4,4,63
Kuwait,KWT,"Iran, Islamic Rep.",IRN,9,15,57,138,116
Kuwait,KWT,Iraq,IRQ,1198,10143,16946,29221,8301
Kuwait,KWT,Israel,ISR,59,70,70,695,1570
Kuwait,KWT,Italy,ITA,3,4,5,26,107
Kuwait,KWT,Jordan,JOR,6,39,149,151,742
Kuwait,KWT,Kenya,KEN,9,94,75,53,2
Kuwait,KWT,Lebanon,LBN,39,4,21,420,5417
Kuwait,KWT,Libya,LBY,12,174,441,650,778
Kuwait,KWT,Morocco,MAR,78,25,14,12,11
Kuwait,KWT,Myanmar,MMR,2,2,1,2,1
Kuwait,KWT,New Zealand,NZL,3,10,22,32,445
Kuwait,KWT,Niger,NER,4,5,7,5,2
Kuwait,KWT,Nigeria,NGA,12,11,63,18,31
Kuwait,KWT,Oman,OMN,308,443,1029,2985,4395
Kuwait,KWT,Pakistan,PAK,9,681,546,439,352
Kuwait,KWT,Philippines,PHL,3,2,11,54,59
Kuwait,KWT,Poland,POL,1,1,44,86,146
Kuwait,KWT,Qatar,QAT,37,21,315,701,8095
Kuwait,KWT,Saudi Arabia,SAU,1251,7048,35942,93641,101301
Kuwait,KWT,Singapore,SGP,5,2,5,13,98
Kuwait,KWT,Sudan,SDN,45,43,55,20,25
Kuwait,KWT,Switzerland,CHE,3,2,2,17,78
Kuwait,KWT,Syrian Arab Republic,SYR,1930,536,754,1067,1403
Kuwait,KWT,Tanzania,TZA,7,7,12,12,10
Kuwait,KWT,Togo,TGO,5,8,8,9,9
Kuwait,KWT,Tunisia,TUN,105,9,77,1,1
Kuwait,KWT,Turkey,TUR,298,542,648,1171,330
Kuwait,KWT,Uganda,UGA,2,2,3,4,1
Kuwait,KWT,United Arab Emirates,ARE,11,342,3733,6927,11902
Kuwait,KWT,United Kingdom,GBR,29,7,378,160,393
Kuwait,KWT,United States,USA,277,217,5068,9772,22703
Kuwait,KWT,"Venezuela, RB",VEN,4,1,8,8,61
Kuwait,KWT,West Bank and Gaza,PSE,54458,64928,76872,101155,156362
Kuwait,KWT,"Yemen, Rep.",YEM,4699,5818,7202,8916,10424
Kuwait,KWT,Zimbabwe,ZWE,2,2,2,2,2
Kyrgyz Republic,KGZ,Australia,AUS,92,208,101,438,100
Kyrgyz Republic,KGZ,Austria,AUT,14,2,8,4,66
Kyrgyz Republic,KGZ,Belgium,BEL,9,4,2,1,4
Kyrgyz Republic,KGZ,Bulgaria,BGR,15,16,16,16,75
Kyrgyz Republic,KGZ,Canada,CAN,774,651,538,539,613
Kyrgyz Republic,KGZ,China,CHN,111,36,2,10,247
Kyrgyz Republic,KGZ,"Congo, Dem. Rep.",COD,2,18,11,8,6
Kyrgyz Republic,KGZ,Croatia,HRV,3,3,5,1,15
Kyrgyz Republic,KGZ,Cyprus,CYP,25,85,145,207,13
Kyrgyz Republic,KGZ,Czech Republic,CZE,18,20,22,155,153
Kyrgyz Republic,KGZ,Finland,FIN,3,2,2,2,8
Kyrgyz Republic,KGZ,France,FRA,52,5,11,2,88
Kyrgyz Republic,KGZ,Germany,DEU,18,20,21,317,560
Kyrgyz Republic,KGZ,"Hong Kong SAR, China",HKG,316,310,17,149,2824
Kyrgyz Republic,KGZ,Hungary,HUN,14,29,26,23,21
Kyrgyz Republic,KGZ,Indonesia,IDN,19,12,12,15,13
Kyrgyz Republic,KGZ,Iraq,IRQ,504,311,184,112,2
Kyrgyz Republic,KGZ,Israel,ISR,2718,3230,5468,12527,23524
Kyrgyz Republic,KGZ,Italy,ITA,3,2,4,13,80
Kyrgyz Republic,KGZ,Lebanon,LBN,13,20,19,76,619
Kyrgyz Republic,KGZ,"Macao SAR, China",MAC,12,5,17,19,21
Kyrgyz Republic,KGZ,Myanmar,MMR,235,223,116,5,4
Kyrgyz Republic,KGZ,New Zealand,NZL,2,2,4,4,12
Kyrgyz Republic,KGZ,Niger,NER,3,4,6,5,1
Kyrgyz Republic,KGZ,Nigeria,NGA,10,9,54,16,26
Kyrgyz Republic,KGZ,Philippines,PHL,8,9,35,5,27
Kyrgyz Republic,KGZ,Poland,POL,296,255,187,134,93
Kyrgyz Republic,KGZ,Qatar,QAT,12,109,283,127,925
Kyrgyz Republic,KGZ,Romania,ROU,4,3,2,2,5
Kyrgyz Republic,KGZ,Slovak Republic,SVK,7,8,9,27,10
Kyrgyz Republic,KGZ,South Africa,ZAF,61,52,42,43,17
Kyrgyz Republic,KGZ,Sweden,SWE,63,14,14,13,60
Kyrgyz Republic,KGZ,Switzerland,CHE,2,4,2,14,62
Kyrgyz Republic,KGZ,Tajikistan,TJK,5994,8298,11312,14926,11227
Kyrgyz Republic,KGZ,Thailand,THA,2,49,93,151,475
Kyrgyz Republic,KGZ,Togo,TGO,5,7,7,7,8
Kyrgyz Republic,KGZ,Turkey,TUR,655,552,401,491,1765
Kyrgyz Republic,KGZ,United States,USA,761,632,417,293,325
Kyrgyz Republic,KGZ,West Bank and Gaza,PSE,60,71,84,111,171
Kyrgyz Republic,KGZ,"Yemen, Rep.",YEM,1941,2403,2975,3683,4306
Kyrgyz Republic,KGZ,Zimbabwe,ZWE,7,9,9,8,7
Lao PDR,LAO,Argentina,ARG,36,57,80,538,552
Lao PDR,LAO,Australia,AUS,74,123,5161,9360,9429
Lao PDR,LAO,Austria,AUT,96,324,476,289,42
Lao PDR,LAO,Bangladesh,BGD,48,38,42,46,50
Lao PDR,LAO,Belgium,BEL,33,202,407,501,462
Lao PDR,LAO,Brazil,BRA,48,2,8,293,175
Lao PDR,LAO,Cambodia,KHM,1399,1179,15,141,868
Lao PDR,LAO,Canada,CAN,145,1912,3754,13570,13968
Lao PDR,LAO,Chad,TCD,1,2,2,2,2
Lao PDR,LAO,China,CHN,10,5,148,52,169
Lao PDR,LAO,Colombia,COL,6,5,3,2,8
Lao PDR,LAO,Denmark,DNK,28,26,4,20,26
Lao PDR,LAO,"Egypt, Arab Rep.",EGY,99,258,432,12,25
Lao PDR,LAO,Fiji,FJI,16,13,11,13,15
Lao PDR,LAO,France,FRA,3737,374,39985,44832,6304
Lao PDR,LAO,French Polynesia,PYF,2,3,5,14,17
Lao PDR,LAO,Germany,DEU,413,548,736,1740,34298
Lao PDR,LAO,Ghana,GHA,1,12,4,13,23
Lao PDR,LAO,Greece,GRC,19,53,99,498,3
Lao PDR,LAO,Guam,GUM,3,22,1,11,14
Lao PDR,LAO,"Hong Kong SAR, China",HKG,27,8,3423,4,61
Lao PDR,LAO,Hungary,HUN,4,5,4,4,3
Lao PDR,LAO,India,IND,10,1068,5,2457,4
Lao PDR,LAO,Indonesia,IDN,1931,1215,1239,1501,1342
Lao PDR,LAO,Ireland,IRL,12,15,27,33,30
Lao PDR,LAO,Italy,ITA,367,495,602,3364,180
Lao PDR,LAO,Japan,JPN,3,48,106,1079,1846
Lao PDR,LAO,Kenya,KEN,13,136,109,77,2
Lao PDR,LAO,Libya,LBY,2,15,39,58,69
Lao PDR,LAO,Luxembourg,LUX,2,3,9,53,19
Lao PDR,LAO,"Macao SAR, China",MAC,12,5,17,19,21
Lao PDR,LAO,Madagascar,MDG,9,5,1,1,1
Lao PDR,LAO,Mexico,MEX,68,75,18,3,1
Lao PDR,LAO,Myanmar,MMR,976,929,664,518,427
Lao PDR,LAO,New Caledonia,NCL,35,87,77,90,123
Lao PDR,LAO,New Zealand,NZL,33,129,233,472,1004
Lao PDR,LAO,Nigeria,NGA,3,2,14,4,7
Lao PDR,LAO,Pakistan,PAK,41,95,76,61,49
Lao PDR,LAO,Peru,PER,7,9,10,2,2
Lao PDR,LAO,Philippines,PHL,710,1257,3531,336,1869
Lao PDR,LAO,Serbia and Montenegro,SCG,6,6,10,3,12
Lao PDR,LAO,Singapore,SGP,1,14,14,19,28
Lao PDR,LAO,Sudan,SDN,9,9,12,15,18
Lao PDR,LAO,Sweden,SWE,1,83,369,746,358
Lao PDR,LAO,Switzerland,CHE,327,279,227,138,393
Lao PDR,LAO,Tanzania,TZA,11,10,13,12,15
Lao PDR,LAO,Thailand,THA,8124,14039,13675,16940,46108
Lao PDR,LAO,Togo,TGO,1,2,2,2,2
Lao PDR,LAO,Uganda,UGA,3,3,3,3,1
Lao PDR,LAO,United Kingdom,GBR,466,106,1158,29,12
Lao PDR,LAO,United States,USA,3163,2393,55861,188630,213399
Lao PDR,LAO,Uruguay,URY,4,4,3,3,4
Lao PDR,LAO,"Venezuela, RB",VEN,31,3,69,70,2
Lao PDR,LAO,Vietnam,VNM,16,26,21,8,509
Latvia,LVA,Albania,ALB,2,3,3,3,4
Latvia,LVA,Angola,AGO,18,7,3,3,5
Latvia,LVA,Argentina,ARG,529,379,251,304,41
Latvia,LVA,Australia,AUS,18406,23808,14545,9038,6627
Latvia,LVA,Belgium,BEL,77,35,13,12,151
Latvia,LVA,Bermuda,BMU,7,13,9,11,15
Latvia,LVA,Bolivia,BOL,2,2,2,1,4
Latvia,LVA,Bosnia and Herzegovina,BIH,3,3,6,29,23
Latvia,LVA,Brazil,BRA,381,282,176,110,6
Latvia,LVA,Bulgaria,BGR,22,23,24,24,110
Latvia,LVA,Canada,CAN,9900,8328,6884,6887,7836
Latvia,LVA,Chile,CHL,119,69,39,47,34
Latvia,LVA,Colombia,COL,4,7,9,12,16
Latvia,LVA,Croatia,HRV,71,72,128,21,237
Latvia,LVA,Cyprus,CYP,12,29,46,64,75
Latvia,LVA,Czech Republic,CZE,260,288,318,2246,133
Latvia,LVA,Denmark,DNK,59,363,259,229,992
Latvia,LVA,Ecuador,ECU,1,2,3,3,6
Latvia,LVA,Estonia,EST,5854,6778,8175,6467,4326
Latvia,LVA,Fiji,FJI,52,27,4,1,2
Latvia,LVA,Finland,FIN,433,311,247,303,1125
Latvia,LVA,France,FRA,7820,2850,1180,14,13193
Latvia,LVA,French Polynesia,PYF,1,3,7,20,6
Latvia,LVA,Germany,DEU,16411,17037,16597,54620,56469
Latvia,LVA,Hungary,HUN,390,1027,935,812,772
Latvia,LVA,India,IND,15,14,7,27,6
Latvia,LVA,Ireland,IRL,72,90,160,216,2689
Latvia,LVA,Israel,ISR,99,117,192,380,685
Latvia,LVA,Italy,ITA,59,53,56,109,638
Latvia,LVA,Lithuania,LTU,17838,14507,12553,12247,8361
Latvia,LVA,Luxembourg,LUX,7,14,19,111,15
Latvia,LVA,"Macedonia, FYR",MKD,6,6,10,106,123
Latvia,LVA,Malawi,MWI,1,1,2,2,2
Latvia,LVA,Mexico,MEX,155,162,18,108,19
Latvia,LVA,Monaco,MCO,4,3,26,32,38
Latvia,LVA,Netherlands,NLD,512,133,101,34,308
Latvia,LVA,New Caledonia,NCL,3,5,3,5,8
Latvia,LVA,New Zealand,NZL,724,655,465,446,256
Latvia,LVA,Norway,NOR,66,63,58,53,360
Latvia,LVA,Papua New Guinea,PNG,28,68,6,4,3
Latvia,LVA,Paraguay,PRY,6,19,11,9,1
Latvia,LVA,Poland,POL,11018,9488,6674,4438,2563
Latvia,LVA,Romania,ROU,79,68,48,34,183
Latvia,LVA,Serbia and Montenegro,SCG,32,32,57,40,146
Latvia,LVA,Slovak Republic,SVK,103,114,126,388,14
Latvia,LVA,Slovenia,SVN,9,9,16,8,46
Latvia,LVA,South Africa,ZAF,402,504,603,278,291
Latvia,LVA,Spain,ESP,35,58,100,19,423
Latvia,LVA,Sweden,SWE,3147,744,682,2471,3032
Latvia,LVA,Switzerland,CHE,22,27,22,415,381
Latvia,LVA,Turkey,TUR,19,16,12,15,51
Latvia,LVA,United Kingdom,GBR,2708,2166,1522,1138,67
Latvia,LVA,United States,USA,96715,74270,70923,65850,69779
Latvia,LVA,Uruguay,URY,67,55,40,25,148
Latvia,LVA,West Bank and Gaza,PSE,2,2,3,3,5
Latvia,LVA,"Yemen, Rep.",YEM,1,1,2,2,2
Latvia,LVA,Zambia,ZMB,3,2,21,3,3
Latvia,LVA,Zimbabwe,ZWE,61,79,74,70,64
Lebanon,LBN,Albania,ALB,6,7,8,8,10
Lebanon,LBN,Algeria,DZA,188,73,58,46,36
Lebanon,LBN,Angola,AGO,17,7,3,3,5
Lebanon,LBN,Antigua and Barbuda,ATG,3,4,25,48,6
Lebanon,LBN,Argentina,ARG,13176,9002,5346,3651,1575
Lebanon,LBN,Aruba,ABW,24,22,21,33,56
Lebanon,LBN,Australia,AUS,6926,12301,47852,66906,70359
Lebanon,LBN,Austria,AUT,130,601,785,929,544
Lebanon,LBN,Bahrain,BHR,164,280,1633,2405,3551
Lebanon,LBN,Bangladesh,BGD,86,68,75,82,90
Lebanon,LBN,Belgium,BEL,65,387,1606,1889,1016
Lebanon,LBN,Benin,BEN,166,215,280,368,633
Lebanon,LBN,Bolivia,BOL,400,258,136,485,48
Lebanon,LBN,Brazil,BRA,26356,24488,22371,17867,16068
Lebanon,LBN,Bulgaria,BGR,238,249,255,253,1175
Lebanon,LBN,Burkina Faso,BFA,3,4,8,358,138
Lebanon,LBN,Cameroon,CMR,7,8,7,49,41
Lebanon,LBN,Canada,CAN,696,9160,17988,29043,66923
Lebanon,LBN,Cape Verde,CPV,36,40,44,2,3
Lebanon,LBN,Central African Republic,CAF,119,66,142,293,92
Lebanon,LBN,Chad,TCD,22,25,27,30,34
Lebanon,LBN,Chile,CHL,731,479,277,211,199
Lebanon,LBN,China,CHN,86,28,1,10,196
Lebanon,LBN,Colombia,COL,908,1197,1330,1533,963
Lebanon,LBN,"Congo, Dem. Rep.",COD,196,3006,1882,1301,1065
Lebanon,LBN,"Congo, Rep.",COG,6,9,192,318,59
Lebanon,LBN,Costa Rica,CRI,93,21,50,54,67
Lebanon,LBN,Cote d'Ivoire,CIV,2716,4199,5385,2304,206
Lebanon,LBN,Croatia,HRV,1,2,3,48,8
Lebanon,LBN,Cuba,CUB,308,279,132,57,12
Lebanon,LBN,Cyprus,CYP,13,43,74,106,1252
Lebanon,LBN,Czech Republic,CZE,9,10,11,79,209
Lebanon,LBN,Denmark,DNK,50,46,290,8425,11982
Lebanon,LBN,Dominica,DMA,2,2,1,12,18
Lebanon,LBN,Dominican Republic,DOM,2008,1774,1429,1152,875
Lebanon,LBN,Ecuador,ECU,65,120,187,200,193
Lebanon,LBN,"Egypt, Arab Rep.",EGY,4879,8012,11500,8729,2503
Lebanon,LBN,El Salvador,SLV,25,21,12,6,16
Lebanon,LBN,Equatorial Guinea,GNQ,40,20,4,2,3
Lebanon,LBN,Eritrea,ERI,6,6,23,12,1
Lebanon,LBN,Ethiopia,ETH,54,51,54,57,60
Lebanon,LBN,Fiji,FJI,131,104,85,106,124
Lebanon,LBN,Finland,FIN,2,8,15,132,283
Lebanon,LBN,France,FRA,6540,654,20626,36744,11033
Lebanon,LBN,French Guiana,GUF,36,51,101,235,359
Lebanon,LBN,French Polynesia,PYF,2,3,5,15,18
Lebanon,LBN,Gabon,GAB,13,211,420,791,1204
Lebanon,LBN,"Gambia, The",GMB,2,3,19,27,39
Lebanon,LBN,Germany,DEU,1056,1689,12287,18913,51611
Lebanon,LBN,Ghana,GHA,1418,1500,486,1699,2912
Lebanon,LBN,Greece,GRC,25,72,1682,4582,1228
Lebanon,LBN,Guadeloupe,GLP,108,127,337,780,700
Lebanon,LBN,Guam,GUM,24,177,9,86,111
Lebanon,LBN,Guatemala,GTM,112,10,7,29,15
Lebanon,LBN,Guinea,GIN,361,538,803,338,533
Lebanon,LBN,Guinea-Bissau,GNB,8,9,9,20,20
Lebanon,LBN,Guyana,GUY,92,53,5,5,10
Lebanon,LBN,Haiti,HTI,54,3,4,6,7
Lebanon,LBN,Honduras,HND,14,6,8,18,7
Lebanon,LBN,"Hong Kong SAR, China",HKG,247,242,13,116,2204
Lebanon,LBN,Hungary,HUN,1378,1474,1275,1086,1023
Lebanon,LBN,India,IND,19,1915,9,4404,7
Lebanon,LBN,Indonesia,IDN,31,20,20,24,260
Lebanon,LBN,"Iran, Islamic Rep.",IRN,13,22,84,202,170
Lebanon,LBN,Iraq,IRQ,3145,2360,1884,1985,380
Lebanon,LBN,Ireland,IRL,21,27,48,59,151
Lebanon,LBN,Israel,ISR,400,475,44713,25819,10694
Lebanon,LBN,Italy,ITA,496,1241,1076,8644,4163
Lebanon,LBN,Jordan,JOR,757,1062,3291,1942,1814
Lebanon,LBN,Kenya,KEN,73,767,613,433,14
Lebanon,LBN,Kuwait,KWT,6673,30203,45578,80917,76410
Lebanon,LBN,Lao PDR,LAO,1,1,1,1,1
Lebanon,LBN,Liberia,LBR,1905,2827,2721,2721,2588
Lebanon,LBN,Libya,LBY,223,2977,7568,11149,13348
Lebanon,LBN,Luxembourg,LUX,3,5,16,93,92
Lebanon,LBN,"Macao SAR, China",MAC,9,4,14,15,16
Lebanon,LBN,"Macedonia, FYR",MKD,2,2,3,91,106
Lebanon,LBN,Madagascar,MDG,206,118,39,11,10
Lebanon,LBN,Malawi,MWI,2,2,3,3,3
Lebanon,LBN,Mali,MLI,140,138,135,133,9
Lebanon,LBN,Martinique,MTQ,14,21,26,51,61
Lebanon,LBN,Mauritania,MRT,3,5,9,114,126
Lebanon,LBN,Mexico,MEX,3621,2179,2931,1351,1173
Lebanon,LBN,"Micronesia, Fed. Sts.",FSM,2,2,6,9,9
Lebanon,LBN,Monaco,MCO,3,11,22,27,32
Lebanon,LBN,Morocco,MAR,281,90,51,43,39
Lebanon,LBN,Myanmar,MMR,271,258,134,8,7
Lebanon,LBN,Netherlands,NLD,2,264,729,2102,3060
Lebanon,LBN,Netherlands Antilles,ANT,157,138,122,132,1028
Lebanon,LBN,New Caledonia,NCL,24,28,10,24,44
Lebanon,LBN,New Zealand,NZL,207,201,20,29,404
Lebanon,LBN,Nicaragua,NIC,4,7,8,9,10
Lebanon,LBN,Niger,NER,2011,2714,3664,2758,882
Lebanon,LBN,Nigeria,NGA,1958,3355,27050,9519,15961
Lebanon,LBN,Norway,NOR,6,25,99,598,1214
Lebanon,LBN,Oman,OMN,54,78,181,524,772
Lebanon,LBN,Pakistan,PAK,74,170,136,109,88
Lebanon,LBN,Panama,PAN,110,91,139,286,354
Lebanon,LBN,Papua New Guinea,PNG,3,7,24,19,14
Lebanon,LBN,Paraguay,PRY,2,7,486,498,564
Lebanon,LBN,Peru,PER,123,119,109,79,64
Lebanon,LBN,Philippines,PHL,14,13,57,8,44
Lebanon,LBN,Poland,POL,12,10,111,211,356
Lebanon,LBN,Puerto Rico,PRI,6,18,26,240,245
Lebanon,LBN,Qatar,QAT,145,883,4677,5552,2989
Lebanon,LBN,Saudi Arabia,SAU,533,2999,15294,39846,43106
Lebanon,LBN,Senegal,SEN,476,307,324,603,595
Lebanon,LBN,Serbia and Montenegro,SCG,10,10,18,5,20
Lebanon,LBN,Sierra Leone,SLE,1043,1711,2112,2079,790
Lebanon,LBN,Singapore,SGP,33,15,37,90,666
Lebanon,LBN,Slovak Republic,SVK,4,4,4,14,39
Lebanon,LBN,Solomon Islands,SLB,1,1,3,41,8
Lebanon,LBN,Somalia,SOM,9,9,39,18,2
Lebanon,LBN,South Africa,ZAF,664,604,534,292,394
Lebanon,LBN,Sudan,SDN,366,349,448,166,200
Lebanon,LBN,Sweden,SWE,15,236,2163,14824,19817
Lebanon,LBN,Switzerland,CHE,442,529,1451,592,2342
Lebanon,LBN,Syrian Arab Republic,SYR,2090,786,808,1143,1504
Lebanon,LBN,Tanzania,TZA,60,56,99,95,83
Lebanon,LBN,Thailand,THA,3,57,141,240,776
Lebanon,LBN,Togo,TGO,517,739,778,812,837
Lebanon,LBN,Trinidad and Tobago,TTO,43,35,40,32,18
Lebanon,LBN,Tunisia,TUN,380,60,280,9,9
Lebanon,LBN,Turkey,TUR,352,640,764,1381,1181
Lebanon,LBN,Uganda,UGA,14,14,23,35,11
Lebanon,LBN,United Arab Emirates,ARE,45,1354,14781,27426,47122
Lebanon,LBN,United Kingdom,GBR,838,190,10783,4559,11219
Lebanon,LBN,United States,USA,23394,29825,59509,99437,113215
Lebanon,LBN,Uruguay,URY,371,307,222,228,427
Lebanon,LBN,Vanuatu,VUT,42,49,27,23,6
Lebanon,LBN,"Venezuela, RB",VEN,3351,5527,6772,7572,6724
Lebanon,LBN,West Bank and Gaza,PSE,3981,4746,5619,7394,11429
Lebanon,LBN,"Yemen, Rep.",YEM,5531,6847,8477,10495,12268
Lebanon,LBN,Zambia,ZMB,10,8,160,24,21
Lebanon,LBN,Zimbabwe,ZWE,77,100,94,89,82
Lesotho,LSO,Angola,AGO,1621,646,257,283,445
Lesotho,LSO,Australia,AUS,3,7,20,50,57
Lesotho,LSO,Bangladesh,BGD,2,10,11,12,13
Lesotho,LSO,Botswana,BWA,256,229,84,489,4808
Lesotho,LSO,Brazil,BRA,4,1,2,7,8
Lesotho,LSO,Canada,CAN,10,55,103,63,160
Lesotho,LSO,Cuba,CUB,1,1,2,2,5
Lesotho,LSO,Guadeloupe,GLP,1,7,12,25,22
Lesotho,LSO,India,IND,287,1172,341,532,585
Lesotho,LSO,Malawi,MWI,203,199,31555,30999,30454
Lesotho,LSO,Martinique,MTQ,6,10,12,24,29
Lesotho,LSO,Mauritius,MUS,17,18,81,65,65
Lesotho,LSO,Mozambique,MOZ,2,29,133,4361,19502
Lesotho,LSO,Namibia,NAM,96,154,247,396,379
Lesotho,LSO,New Zealand,NZL,1,6,11,7,24
Lesotho,LSO,Pakistan,PAK,23,71,57,46,37
Lesotho,LSO,Reunion,REU,8,26,1947,2590,3842
Lesotho,LSO,Seychelles,SYC,52,67,29,6,87
Lesotho,LSO,South Africa,ZAF,199144,190023,178089,286656,114095
Lesotho,LSO,Sudan,SDN,7,7,9,13,16
Lesotho,LSO,Swaziland,SWZ,186,369,365,243,213
Lesotho,LSO,United Kingdom,GBR,1049,67,149,73,386
Lesotho,LSO,United States,USA,19,44,305,326,1163
Lesotho,LSO,Zambia,ZMB,174,139,4561,988,894
Lesotho,LSO,Zimbabwe,ZWE,46,59,56,53,48
Liberia,LBR,Australia,AUS,6,16,46,40,129
Liberia,LBR,Austria,AUT,8,5,9,299,243
Liberia,LBR,Belgium,BEL,7,10,19,66,66
Liberia,LBR,Benin,BEN,242,314,409,537,923
Liberia,LBR,Brazil,BRA,9,2,5,17,19
Liberia,LBR,Burkina Faso,BFA,127,180,343,3431,868
Liberia,LBR,Canada,CAN,304,1715,3189,110,695
Liberia,LBR,Cape Verde,CPV,106,117,130,18,20
Liberia,LBR,Cote d'Ivoire,CIV,1989,3074,3942,2604,44023
Liberia,LBR,France,FRA,70,169,1,2,119
Liberia,LBR,Germany,DEU,39,43,39,252,904
Liberia,LBR,Ghana,GHA,6238,4084,710,976,1241
Liberia,LBR,Greece,GRC,2,21,7,17,21
Liberia,LBR,Guinea,GIN,247,369,551,35154,117820
Liberia,LBR,Guinea-Bissau,GNB,2,2,2,5,5
Liberia,LBR,Hungary,HUN,1,5,4,4,4
Liberia,LBR,India,IND,96,392,114,178,196
Liberia,LBR,Indonesia,IDN,6,4,4,5,4
Liberia,LBR,Israel,ISR,467,555,27382,17875,11441
Liberia,LBR,Italy,ITA,32,48,17771,323,213
Liberia,LBR,Lebanon,LBN,2,4,95,37,277
Liberia,LBR,Mali,MLI,866,850,835,820,596
Liberia,LBR,Mauritania,MRT,25,41,69,30,34
Liberia,LBR,Myanmar,MMR,8,7,4,2,1
Liberia,LBR,Niger,NER,86,116,156,379,655
Liberia,LBR,Nigeria,NGA,661,2265,20821,7751,12997
Liberia,LBR,Pakistan,PAK,8,24,19,15,12
Liberia,LBR,Philippines,PHL,3,3,12,4,217
Liberia,LBR,Qatar,QAT,2,19,1407,62,414
Liberia,LBR,Senegal,SEN,274,176,186,347,342
Liberia,LBR,Sierra Leone,SLE,2130,3495,4315,4247,21026
Liberia,LBR,Sudan,SDN,7,6,8,12,14
Liberia,LBR,Switzerland,CHE,28,8,2534,29,196
Liberia,LBR,Togo,TGO,236,337,355,371,382
Liberia,LBR,Turkey,TUR,146,265,317,573,17
Liberia,LBR,United Kingdom,GBR,8,29,59,4,307
Liberia,LBR,United States,USA,577,1506,4379,14188,42949
Liberia,LBR,West Bank and Gaza,PSE,70,83,98,129,200
Liberia,LBR,"Yemen, Rep.",YEM,275,340,421,522,610
Liberia,LBR,Zimbabwe,ZWE,28,36,34,32,29
Libya,LBY,Albania,ALB,1,2,2,2,2
Libya,LBY,Algeria,DZA,180,71,56,44,35
Libya,LBY,Australia,AUS,75,204,597,1235,1436
Libya,LBY,Austria,AUT,8,5,140,15,357
Libya,LBY,Belgium,BEL,7,9,77,60,61
Libya,LBY,Benin,BEN,4,6,7,10,16
Libya,LBY,Bolivia,BOL,17,8,1,2,5
Libya,LBY,Brazil,BRA,109,29,61,193,219
Libya,LBY,Bulgaria,BGR,29,30,31,31,144
Libya,LBY,Burkina Faso,BFA,6,8,15,5,1
Libya,LBY,Burundi,BDI,10,8,6,56,45
Libya,LBY,Cameroon,CMR,2,2,2,131,110
Libya,LBY,Canada,CAN,282,1586,2951,559,2502
Libya,LBY,Central African Republic,CAF,2,1,2,6,2
Libya,LBY,Chad,TCD,812,898,992,1096,1242
Libya,LBY,Colombia,COL,3,4,5,6,3
Libya,LBY,"Congo, Dem. Rep.",COD,1,221,139,96,79
Libya,LBY,Cote d'Ivoire,CIV,10,15,20,5,28
Libya,LBY,Cyprus,CYP,57,199,340,485,110
Libya,LBY,Czech Republic,CZE,5,5,6,42,101
Libya,LBY,Djibouti,DJI,19,34,68,107,137
Libya,LBY,"Egypt, Arab Rep.",EGY,590,3575,6855,6176,3122
Libya,LBY,Ethiopia,ETH,38,36,38,40,42
Libya,LBY,France,FRA,245,586,4,8,413
Libya,LBY,Gabon,GAB,10,3,2,2,3
Libya,LBY,Germany,DEU,36,40,36,1001,831
Libya,LBY,Ghana,GHA,10,6,3,38,74
Libya,LBY,Greece,GRC,1,20,956,890,188
Libya,LBY,Hungary,HUN,327,1333,1229,1072,1021
Libya,LBY,India,IND,59,243,71,110,121
Libya,LBY,Indonesia,IDN,15,10,10,12,172
Libya,LBY,Ireland,IRL,1,1,2,3,737
Libya,LBY,Israel,ISR,25210,29955,1431,9889,21830
Libya,LBY,Italy,ITA,29,44,185,5167,3382
Libya,LBY,Jordan,JOR,12,49,180,220,961
Libya,LBY,Kuwait,KWT,3,16,85,83,78
Libya,LBY,Lebanon,LBN,4,189,7,77,669
Libya,LBY,Malta,MLT,2,20,68,132,350
Libya,LBY,Martinique,MTQ,2,3,3,6,7
Libya,LBY,Mayotte,MYT,2,4,8,21,41
Libya,LBY,Morocco,MAR,268,86,48,41,37
Libya,LBY,Myanmar,MMR,19,18,11,4,3
Libya,LBY,New Zealand,NZL,3,12,31,33,101
Libya,LBY,Nicaragua,NIC,9,15,17,18,22
Libya,LBY,Niger,NER,60,81,110,79,18
Libya,LBY,Oman,OMN,4,6,14,42,62
Libya,LBY,Pakistan,PAK,5,15,12,10,8
Libya,LBY,Papua New Guinea,PNG,1,3,4,3,2
Libya,LBY,Peru,PER,4,5,7,5,4
Libya,LBY,Philippines,PHL,7,231,28,41,22
Libya,LBY,Poland,POL,6,6,100,193,327
Libya,LBY,Qatar,QAT,4,1011,97,128,1000
Libya,LBY,Saudi Arabia,SAU,5,27,138,360,390
Libya,LBY,Slovak Republic,SVK,2,2,2,7,19
Libya,LBY,Sudan,SDN,22615,21576,27677,15689,18928
Libya,LBY,Switzerland,CHE,26,7,33,26,756
Libya,LBY,Syrian Arab Republic,SYR,68,22,27,38,49
Libya,LBY,Tanzania,TZA,3,3,35,102,26
Libya,LBY,Tunisia,TUN,365,6099,1807,2250,2120
Libya,LBY,Turkey,TUR,211,384,459,830,3065
Libya,LBY,Uganda,UGA,64,64,63,70,86
Libya,LBY,United Kingdom,GBR,28,102,6146,6973,136
Libya,LBY,United States,USA,595,1334,11113,8210,35552
Libya,LBY,Uruguay,URY,3,2,2,2,2
Libya,LBY,"Venezuela, RB",VEN,55,24,170,123,129
Libya,LBY,West Bank and Gaza,PSE,1150,1371,1623,2135,3301
Libya,LBY,"Yemen, Rep.",YEM,397,491,608,753,880
Libya,LBY,Zimbabwe,ZWE,13,17,16,15,14
Liechtenstein,LIE,Austria,AUT,9,2071,1108,648,515
Liechtenstein,LIE,Belgium,BEL,12,6,12,5,15
Liechtenstein,LIE,Canada,CAN,38,76,117,115,49
Liechtenstein,LIE,Germany,DEU,33,20,17,143,1756
Liechtenstein,LIE,Greece,GRC,2,5,8,2,4
Liechtenstein,LIE,Hungary,HUN,68,76,66,56,53
Liechtenstein,LIE,Italy,ITA,100,90,96,76,38
Liechtenstein,LIE,Switzerland,CHE,2281,1957,2095,703,1713
Liechtenstein,LIE,United States,USA,974,6,3398,157,11
Lithuania,LTU,Albania,ALB,10,11,12,13,15
Lithuania,LTU,Angola,AGO,150,60,24,26,41
Lithuania,LTU,Argentina,ARG,6487,5325,4465,2399,1262
Lithuania,LTU,Australia,AUS,8725,11625,7142,4447,3655
Lithuania,LTU,Belarus,BLR,19135,18515,16000,17403,12161
Lithuania,LTU,Belgium,BEL,176,80,29,27,222
Lithuania,LTU,Bermuda,BMU,8,14,10,13,17
Lithuania,LTU,Bolivia,BOL,20,22,24,12,45
Lithuania,LTU,Bosnia and Herzegovina,BIH,7,7,13,61,48
Lithuania,LTU,Brazil,BRA,4594,3392,2121,1323,66
Lithuania,LTU,Bulgaria,BGR,20,21,22,22,100
Lithuania,LTU,Canada,CAN,8857,7450,6158,6161,7010
Lithuania,LTU,Chile,CHL,90,52,30,36,18
Lithuania,LTU,Colombia,COL,10,20,27,37,42
Lithuania,LTU,Croatia,HRV,348,354,634,70,1080
Lithuania,LTU,Cyprus,CYP,57,143,229,317,46
Lithuania,LTU,Czech Republic,CZE,1285,1420,1569,11091,168
Lithuania,LTU,Denmark,DNK,126,545,389,332,1487
Lithuania,LTU,Ecuador,ECU,11,21,32,35,13
Lithuania,LTU,Finland,FIN,249,179,142,174,647
Lithuania,LTU,France,FRA,16632,6066,2605,29,28059
Lithuania,LTU,Germany,DEU,39538,41045,39988,122059,126069
Lithuania,LTU,Greece,GRC,3,2,11,55,116
Lithuania,LTU,Hungary,HUN,681,3975,3691,3224,3077
Lithuania,LTU,Iceland,ISL,1,2,5,12,74
Lithuania,LTU,India,IND,21,19,10,37,8
Lithuania,LTU,Ireland,IRL,64,80,142,192,2393
Lithuania,LTU,Israel,ISR,506,601,983,1947,3504
Lithuania,LTU,Italy,ITA,124,113,120,101,582
Lithuania,LTU,Latvia,LVA,34783,43598,40621,37197,28666
Lithuania,LTU,Lebanon,LBN,1,4,3,4,92
Lithuania,LTU,Luxembourg,LUX,15,30,40,235,25
Lithuania,LTU,"Macedonia, FYR",MKD,12,12,22,225,261
Lithuania,LTU,Malawi,MWI,9,9,20,19,19
Lithuania,LTU,Mexico,MEX,178,186,21,126,70
Lithuania,LTU,Monaco,MCO,8,7,55,69,81
Lithuania,LTU,Netherlands,NLD,1090,280,206,49,441
Lithuania,LTU,New Caledonia,NCL,1,3,2,3,4
Lithuania,LTU,New Zealand,NZL,301,270,225,216,114
Lithuania,LTU,Nigeria,NGA,2,2,8,2,3
Lithuania,LTU,Norway,NOR,55,46,40,40,303
Lithuania,LTU,Panama,PAN,1,1,2,9,31
Lithuania,LTU,Papua New Guinea,PNG,12,30,3,2,2
Lithuania,LTU,Paraguay,PRY,77,231,130,110,14
Lithuania,LTU,Poland,POL,304562,262253,188812,131294,85576
Lithuania,LTU,Portugal,PRT,1,3,7,28,189
Lithuania,LTU,Qatar,QAT,1,20,51,7,138
Lithuania,LTU,Romania,ROU,389,334,235,168,903
Lithuania,LTU,Serbia and Montenegro,SCG,67,68,122,84,311
Lithuania,LTU,Slovak Republic,SVK,509,562,621,1917,27
Lithuania,LTU,Slovenia,SVN,43,44,79,37,228
Lithuania,LTU,South Africa,ZAF,3406,5168,6908,2356,1129
Lithuania,LTU,Spain,ESP,74,124,213,150,3459
Lithuania,LTU,Swaziland,SWZ,5,10,1,9,6
Lithuania,LTU,Sweden,SWE,1072,253,232,230,1032
Lithuania,LTU,Switzerland,CHE,47,20,46,879,275
Lithuania,LTU,Togo,TGO,1,2,2,2,2
Lithuania,LTU,Turkey,TUR,98,83,61,75,261
Lithuania,LTU,United Kingdom,GBR,5982,4785,3362,2514,148
Lithuania,LTU,United States,USA,112270,86216,89977,75070,77169
Lithuania,LTU,Uruguay,URY,801,664,479,304,484
Lithuania,LTU,"Venezuela, RB",VEN,1,229,157,3,126
Lithuania,LTU,West Bank and Gaza,PSE,9,11,13,17,26
Lithuania,LTU,"Yemen, Rep.",YEM,5,6,8,10,12
Lithuania,LTU,Zambia,ZMB,22,17,174,28,25
Lithuania,LTU,Zimbabwe,ZWE,206,265,250,236,217
Luxembourg,LUX,Angola,AGO,7,3,1,1,2
Luxembourg,LUX,Austria,AUT,313,126,695,519,537
Luxembourg,LUX,Belgium,BEL,6681,7159,6169,4652,4448
Luxembourg,LUX,Bosnia and Herzegovina,BIH,7,7,13,65,52
Luxembourg,LUX,Canada,CAN,174,394,626,732,544
Luxembourg,LUX,"Congo, Dem. Rep.",COD,4905,1020,416,288,236
Luxembourg,LUX,Costa Rica,CRI,1,1,3,6,11
Luxembourg,LUX,Cote d'Ivoire,CIV,2,3,3,1,1
Luxembourg,LUX,Croatia,HRV,72,73,130,2,20
Luxembourg,LUX,Czech Republic,CZE,7,8,9,61,15
Luxembourg,LUX,Denmark,DNK,14,6,27,69,236
Luxembourg,LUX,Ethiopia,ETH,12,11,12,13,13
Luxembourg,LUX,France,FRA,1883,678,10346,10270,3177
Luxembourg,LUX,Gabon,GAB,3,2,2,3,5
Luxembourg,LUX,Germany,DEU,2056,4016,4689,4513,6075
Luxembourg,LUX,Greece,GRC,10,29,43,120,38
Luxembourg,LUX,Hungary,HUN,15,15,13,11,10
Luxembourg,LUX,India,IND,6,5,1,41,6
Luxembourg,LUX,Ireland,IRL,4,5,19,31,90
Luxembourg,LUX,Italy,ITA,675,653,2427,914,630
Luxembourg,LUX,"Macedonia, FYR",MKD,13,13,23,44,51
Luxembourg,LUX,Malawi,MWI,3,3,7,7,6
Luxembourg,LUX,New Zealand,NZL,1,4,9,13,30
Luxembourg,LUX,Nigeria,NGA,3,2,11,2,4
Luxembourg,LUX,Norway,NOR,23,15,24,59,91
Luxembourg,LUX,Poland,POL,78,67,83,101,138
Luxembourg,LUX,Portugal,PRT,83,217,566,1389,3477
Luxembourg,LUX,Romania,ROU,6153,5278,3725,2655,2
Luxembourg,LUX,Rwanda,RWA,177,10,5,10,11
Luxembourg,LUX,Serbia and Montenegro,SCG,71,72,129,132,488
Luxembourg,LUX,South Africa,ZAF,4788,2608,333,2,13
Luxembourg,LUX,Spain,ESP,8,14,24,760,830
Luxembourg,LUX,Sweden,SWE,12,8,176,2,119
Luxembourg,LUX,Switzerland,CHE,226,783,230,787,903
Luxembourg,LUX,Togo,TGO,2,2,2,2,3
Luxembourg,LUX,United States,USA,4554,4182,3658,2898,26
"Macao SAR, China",MAC,Australia,AUS,11,19,197,1643,1917
"Macao SAR, China",MAC,Bangladesh,BGD,147,116,128,141,154
"Macao SAR, China",MAC,Canada,CAN,69,914,1796,2721,6680
"Macao SAR, China",MAC,Chad,TCD,4,5,5,6,7
"Macao SAR, China",MAC,China,CHN,4677,189478,375,8299,6005
"Macao SAR, China",MAC,Fiji,FJI,2,2,2,2,2
"Macao SAR, China",MAC,France,FRA,243,24,15,7,410
"Macao SAR, China",MAC,Ghana,GHA,4,36,12,41,70
"Macao SAR, China",MAC,"Hong Kong SAR, China",HKG,13355,1625889,8553,144908,69229
"Macao SAR, China",MAC,India,IND,32,3269,16,7520,12
"Macao SAR, China",MAC,Israel,ISR,11,13,13,127,286
"Macao SAR, China",MAC,Kenya,KEN,40,417,333,236,5
"Macao SAR, China",MAC,"Korea, Dem. Rep.",PRK,151,19834,100,1494,533
"Macao SAR, China",MAC,"Korea, Rep.",KOR,18,54,390,640,13
"Macao SAR, China",MAC,Malaysia,MYS,1,43,128,411,650
"Macao SAR, China",MAC,New Zealand,NZL,5,19,35,71,245
"Macao SAR, China",MAC,Pakistan,PAK,126,290,233,187,150
"Macao SAR, China",MAC,Senegal,SEN,2,1,1,2,2
"Macao SAR, China",MAC,Singapore,SGP,14,24,62,154,1137
"Macao SAR, China",MAC,Sudan,SDN,29,28,35,45,55
"Macao SAR, China",MAC,Tanzania,TZA,32,30,38,37,45
"Macao SAR, China",MAC,Uganda,UGA,8,8,8,8,4
"Macao SAR, China",MAC,United Kingdom,GBR,30,7,75,2,779
"Macao SAR, China",MAC,"Yemen, Rep.",YEM,32,40,49,61,71
"Macao SAR, China",MAC,Zimbabwe,ZWE,22,28,27,25,23
"Macedonia, FYR",MKD,Albania,ALB,3544,3916,4328,4784,5396
"Macedonia, FYR",MKD,Angola,AGO,8,3,1,1,2
"Macedonia, FYR",MKD,Australia,AUS,11520,19849,34567,37475,43122
"Macedonia, FYR",MKD,Austria,AUT,2278,11720,315684,13036,19326
"Macedonia, FYR",MKD,Bahrain,BHR,18,8,27,17,17
"Macedonia, FYR",MKD,Belgium,BEL,629,645,919,871,1907
"Macedonia, FYR",MKD,Benin,BEN,1,2,2,3,5
"Macedonia, FYR",MKD,Bermuda,BMU,2,3,2,2,3
"Macedonia, FYR",MKD,Bolivia,BOL,30,17,5,1,2
"Macedonia, FYR",MKD,Brazil,BRA,692,513,423,277,176
"Macedonia, FYR",MKD,Bulgaria,BGR,763,797,816,809,3760
"Macedonia, FYR",MKD,Cameroon,CMR,6,7,5,8,7
"Macedonia, FYR",MKD,Canada,CAN,2448,2546,2695,5012,7123
"Macedonia, FYR",MKD,Cape Verde,CPV,3,4,4,5,6
"Macedonia, FYR",MKD,Chile,CHL,174,113,75,51,398
"Macedonia, FYR",MKD,Colombia,COL,4,4,4,4,4
"Macedonia, FYR",MKD,"Congo, Dem. Rep.",COD,14,4,2,1,1
"Macedonia, FYR",MKD,Cote d'Ivoire,CIV,12,18,24,9,8
"Macedonia, FYR",MKD,Croatia,HRV,27,27,49,13175,10447
"Macedonia, FYR",MKD,Cyprus,CYP,4,11,18,24,9
"Macedonia, FYR",MKD,Czech Republic,CZE,99,109,121,854,538
"Macedonia, FYR",MKD,Denmark,DNK,14,6,416,568,2273
"Macedonia, FYR",MKD,Ecuador,ECU,3,5,7,8,3
"Macedonia, FYR",MKD,Fiji,FJI,105,55,9,3,3
"Macedonia, FYR",MKD,France,FRA,1864,672,2123,2064,3145
"Macedonia, FYR",MKD,Germany,DEU,4689,22794,32954,28788,54994
"Macedonia, FYR",MKD,Ghana,GHA,4,10,3,11,18
"Macedonia, FYR",MKD,Greece,GRC,197,123,313,502,720
"Macedonia, FYR",MKD,Guinea,GIN,5,8,12,4,5
"Macedonia, FYR",MKD,Hungary,HUN,3748,5799,5155,4435,4200
"Macedonia, FYR",MKD,India,IND,46,37,10,294,46
"Macedonia, FYR",MKD,"Iran, Islamic Rep.",IRN,2,4,15,36,30
"Macedonia, FYR",MKD,Ireland,IRL,1,2,3,3,33
"Macedonia, FYR",MKD,Israel,ISR,417,495,584,2939,6309
"Macedonia, FYR",MKD,Italy,ITA,4320,7417,6904,16850,44657
"Macedonia, FYR",MKD,Jordan,JOR,2,71,281,3,8
"Macedonia, FYR",MKD,Kuwait,KWT,17,88,123,211,199
"Macedonia, FYR",MKD,Lebanon,LBN,616,4,4,2143,1040
"Macedonia, FYR",MKD,Luxembourg,LUX,7,3,37,53,251
"Macedonia, FYR",MKD,Mexico,MEX,32,34,3,2,2
"Macedonia, FYR",MKD,Namibia,NAM,2,2,4,6,6
"Macedonia, FYR",MKD,Netherlands,NLD,120,31,24,10,35
"Macedonia, FYR",MKD,New Caledonia,NCL,8,10,7,10,16
"Macedonia, FYR",MKD,New Zealand,NZL,337,363,308,289,589
"Macedonia, FYR",MKD,Niger,NER,8,11,14,11,3
"Macedonia, FYR",MKD,Nigeria,NGA,25,17,76,17,29
"Macedonia, FYR",MKD,Oman,OMN,4,5,12,34,50
"Macedonia, FYR",MKD,Pakistan,PAK,3,11,9,7,5
"Macedonia, FYR",MKD,Poland,POL,1490,1283,886,568,292
"Macedonia, FYR",MKD,Qatar,QAT,591,24,66,3578,1555
"Macedonia, FYR",MKD,Romania,ROU,959,823,581,414,538
"Macedonia, FYR",MKD,Saudi Arabia,SAU,5,30,152,396,428
"Macedonia, FYR",MKD,Senegal,SEN,3,2,2,4,4
"Macedonia, FYR",MKD,Serbia and Montenegro,SCG,7,8,14,9,34
"Macedonia, FYR",MKD,Slovak Republic,SVK,39,43,48,148,155
"Macedonia, FYR",MKD,Slovenia,SVN,55,56,100,6700,6593
"Macedonia, FYR",MKD,South Africa,ZAF,101,142,182,107,211
"Macedonia, FYR",MKD,Spain,ESP,8,14,23,22,214
"Macedonia, FYR",MKD,Sweden,SWE,27,602,175,874,2336
"Macedonia, FYR",MKD,Switzerland,CHE,1455,3920,11355,23592,58224
"Macedonia, FYR",MKD,Syrian Arab Republic,SYR,15,139,101,143,188
"Macedonia, FYR",MKD,Tanzania,TZA,8,7,2,2,5
"Macedonia, FYR",MKD,Togo,TGO,11,16,17,18,18
"Macedonia, FYR",MKD,Turkey,TUR,53656,44831,32256,39015,31597
"Macedonia, FYR",MKD,United Kingdom,GBR,406,644,419,417,10
"Macedonia, FYR",MKD,United States,USA,11164,11729,10846,9637,26139
"Macedonia, FYR",MKD,Uruguay,URY,118,98,71,45,14
"Macedonia, FYR",MKD,Vanuatu,VUT,4,4,3,2,2
"Macedonia, FYR",MKD,"Venezuela, RB",VEN,4,13,10,9,6
"Macedonia, FYR",MKD,West Bank and Gaza,PSE,246,293,347,456,705
"Macedonia, FYR",MKD,"Yemen, Rep.",YEM,151,186,231,286,334
"Macedonia, FYR",MKD,Zambia,ZMB,155,124,9,1,1
"Macedonia, FYR",MKD,Zimbabwe,ZWE,10,13,13,12,11
Madagascar,MDG,Angola,AGO,18,7,3,3,5
Madagascar,MDG,Australia,AUS,8,23,66,132,163
Madagascar,MDG,Austria,AUT,25,17,29,52,25
Madagascar,MDG,Belgium,BEL,22,31,125,205,206
Madagascar,MDG,Brazil,BRA,25,7,14,45,51
Madagascar,MDG,Burundi,BDI,6,5,4,36,29
Madagascar,MDG,Cameroon,CMR,2,2,2,92,78
Madagascar,MDG,Canada,CAN,41,233,434,1182,1895
Madagascar,MDG,Chad,TCD,11,12,13,14,16
Madagascar,MDG,Comoros,COM,1392,3338,13536,11643,11403
Madagascar,MDG,Cuba,CUB,22,20,24,28,69
Madagascar,MDG,Cyprus,CYP,2,8,14,20,5
Madagascar,MDG,Djibouti,DJI,10,18,37,57,74
Madagascar,MDG,Dominican Republic,DOM,13,15,17,19,22
Madagascar,MDG,Ethiopia,ETH,30,29,30,32,33
Madagascar,MDG,France,FRA,1763,4224,52251,64216,2974
Madagascar,MDG,French Guiana,GUF,20,64,128,299,455
Madagascar,MDG,Germany,DEU,119,134,118,272,2820
Madagascar,MDG,Ghana,GHA,465,3,1,18,35
Madagascar,MDG,Greece,GRC,5,66,21,54,40
Madagascar,MDG,Guadeloupe,GLP,74,117,275,623,560
Madagascar,MDG,Hungary,HUN,4,14,13,11,11
Madagascar,MDG,India,IND,71,291,85,132,145
Madagascar,MDG,Ireland,IRL,8,10,18,22,12
Madagascar,MDG,Italy,ITA,95,146,626,1008,1101
Madagascar,MDG,Luxembourg,LUX,3,5,16,92,39
Madagascar,MDG,"Macedonia, FYR",MKD,2,2,3,80,93
Madagascar,MDG,Malawi,MWI,6,6,862,847,832
Madagascar,MDG,Martinique,MTQ,90,124,158,308,370
Madagascar,MDG,Mauritius,MUS,180,185,315,135,1406
Madagascar,MDG,Monaco,MCO,3,14,22,27,32
Madagascar,MDG,Namibia,NAM,1,2,3,5,5
Madagascar,MDG,Norway,NOR,5,206,282,344,381
Madagascar,MDG,Pakistan,PAK,6,18,14,11,9
Madagascar,MDG,Reunion,REU,1940,3241,21,28,41
Madagascar,MDG,Serbia and Montenegro,SCG,9,9,17,5,19
Madagascar,MDG,South Africa,ZAF,108,207,305,800,183
Madagascar,MDG,Sudan,SDN,1006,960,1231,1734,2091
Madagascar,MDG,Swaziland,SWZ,2,5,5,10,15
Madagascar,MDG,Switzerland,CHE,85,23,109,86,451
Madagascar,MDG,Tanzania,TZA,3,3,55,72,18
Madagascar,MDG,Trinidad and Tobago,TTO,7,6,7,5,3
Madagascar,MDG,Uganda,UGA,45,45,40,41,61
Madagascar,MDG,United Kingdom,GBR,202,738,1484,111,31476
Madagascar,MDG,United States,USA,59,132,968,943,3522
Madagascar,MDG,"Venezuela, RB",VEN,2,1,8,5,7
Madagascar,MDG,Zambia,ZMB,2,2,180,13,11
Madagascar,MDG,Zimbabwe,ZWE,1367,1763,1662,1568,1442
Malawi,MWI,Angola,AGO,873,348,139,152,240
Malawi,MWI,Australia,AUS,31,83,243,348,480
Malawi,MWI,Bangladesh,BGD,1,7,8,9,10
Malawi,MWI,Benin,BEN,17,22,29,38,64
Malawi,MWI,Botswana,BWA,376,336,43,690,6380
Malawi,MWI,Burundi,BDI,11,9,7,62,50
Malawi,MWI,Cameroon,CMR,4,4,3,161,135
Malawi,MWI,Canada,CAN,26,149,278,190,418
Malawi,MWI,Chad,TCD,18,20,22,25,28
Malawi,MWI,Cote d'Ivoire,CIV,39,61,78,20,600
Malawi,MWI,Djibouti,DJI,17,32,63,100,128
Malawi,MWI,Eritrea,ERI,11,98,42,60,65
Malawi,MWI,Ethiopia,ETH,1,1,1,1,1
Malawi,MWI,France,FRA,313,750,6,10,528
Malawi,MWI,Germany,DEU,1,1,1,66,29
Malawi,MWI,Ghana,GHA,7,5,3,33,63
Malawi,MWI,Hungary,HUN,1,5,4,4,4
Malawi,MWI,India,IND,218,893,260,405,446
Malawi,MWI,Ireland,IRL,1,2,3,4,84
Malawi,MWI,Italy,ITA,1,2,6,10,49
Malawi,MWI,Lesotho,LSO,359,211,78,110,38
Malawi,MWI,Mauritius,MUS,28,29,97,78,78
Malawi,MWI,Mayotte,MYT,2,4,7,19,38
Malawi,MWI,Mozambique,MOZ,3,1184,5405,10332,11612
Malawi,MWI,Namibia,NAM,116,186,298,478,457
Malawi,MWI,New Zealand,NZL,35,66,78,81,143
Malawi,MWI,Pakistan,PAK,17,54,44,35,28
Malawi,MWI,Reunion,REU,5,17,998,1327,1969
Malawi,MWI,Seychelles,SYC,63,80,35,7,103
Malawi,MWI,Somalia,SOM,16,143,72,92,124
Malawi,MWI,South Africa,ZAF,63294,51431,38547,62694,26143
Malawi,MWI,Sudan,SDN,1748,1668,2139,3006,3627
Malawi,MWI,Swaziland,SWZ,123,244,281,498,756
Malawi,MWI,Tanzania,TZA,18749,17377,8678,6967,7396
Malawi,MWI,Togo,TGO,1,2,2,2,2
Malawi,MWI,Uganda,UGA,78,78,172,289,105
Malawi,MWI,United Kingdom,GBR,36,131,9630,11278,5588
Malawi,MWI,United States,USA,53,118,757,947,3144
Malawi,MWI,Zambia,ZMB,73977,59279,28239,17186,15551
Malawi,MWI,Zimbabwe,ZWE,134866,173843,163962,154642,142229
Malaysia,MYS,Afghanistan,AFG,105,117,161,88,166
Malaysia,MYS,Algeria,DZA,25,10,8,6,5
Malaysia,MYS,Angola,AGO,9,4,1,2,2
Malaysia,MYS,Aruba,ABW,1,1,1,1,2
Malaysia,MYS,Australia,AUS,5532,10584,30470,69734,77737
Malaysia,MYS,Austria,AUT,9,28,41,51,319
Malaysia,MYS,Bangladesh,BGD,179,141,156,171,187
Malaysia,MYS,Belgium,BEL,3,17,260,43,40
Malaysia,MYS,Bhutan,BTN,2,3,4,5,7
Malaysia,MYS,Bosnia and Herzegovina,BIH,1,1,2,11,8
Malaysia,MYS,Brunei Darussalam,BRN,13440,21231,35713,40846,58104
Malaysia,MYS,Cambodia,KHM,924,779,10,93,574
Malaysia,MYS,Canada,CAN,219,2889,5673,10625,21105
Malaysia,MYS,China,CHN,60,937,514,548,7278
Malaysia,MYS,Cuba,CUB,11,10,5,2,1
Malaysia,MYS,Denmark,DNK,60,55,257,325,392
Malaysia,MYS,Dominican Republic,DOM,7,16,24,33,44
Malaysia,MYS,"Egypt, Arab Rep.",EGY,876,1025,1198,107,2512
Malaysia,MYS,Ethiopia,ETH,1,1,1,1,1
Malaysia,MYS,Faeroe Islands,FRO,7,9,13,14,9
Malaysia,MYS,Fiji,FJI,137,109,89,112,130
Malaysia,MYS,Finland,FIN,2,9,18,132,215
Malaysia,MYS,France,FRA,7916,792,488,228,13356
Malaysia,MYS,French Polynesia,PYF,3,3,5,23,26
Malaysia,MYS,Germany,DEU,38,49,91,1724,2945
Malaysia,MYS,Greece,GRC,2,5,9,43,25
Malaysia,MYS,Guam,GUM,26,186,9,90,117
Malaysia,MYS,"Hong Kong SAR, China",HKG,150,7758,11156,3732,70681
Malaysia,MYS,Hungary,HUN,4,5,4,4,3
Malaysia,MYS,India,IND,38166,35763,26325,11944,14903
Malaysia,MYS,Indonesia,IDN,4464,2809,2863,3471,3101
Malaysia,MYS,Ireland,IRL,26,32,57,70,2059
Malaysia,MYS,Italy,ITA,34,42,53,289,340
Malaysia,MYS,Japan,JPN,21,340,752,6230,7555
Malaysia,MYS,"Korea, Dem. Rep.",PRK,2,98,137,99,646
Malaysia,MYS,Lao PDR,LAO,15,16,16,17,16
Malaysia,MYS,Libya,LBY,22,136,346,510,610
Malaysia,MYS,Luxembourg,LUX,4,6,19,112,36
Malaysia,MYS,"Macao SAR, China",MAC,312,125,454,498,539
Malaysia,MYS,"Macedonia, FYR",MKD,2,2,4,110,128
Malaysia,MYS,Madagascar,MDG,11,6,2,1,1
Malaysia,MYS,Malawi,MWI,1,1,2,2,2
Malaysia,MYS,Maldives,MDV,4,4,6,4,7
Malaysia,MYS,Mexico,MEX,18,20,8,20,42
Malaysia,MYS,"Micronesia, Fed. Sts.",FSM,2,2,6,10,9
Malaysia,MYS,Monaco,MCO,3,1,26,33,38
Malaysia,MYS,Morocco,MAR,38,12,7,6,5
Malaysia,MYS,Myanmar,MMR,2302,2190,1556,1197,986
Malaysia,MYS,Namibia,NAM,1,2,3,5,5
Malaysia,MYS,Nepal,NPL,1531,21,28,2,88
Malaysia,MYS,Netherlands,NLD,2,277,767,2208,2741
Malaysia,MYS,Netherlands Antilles,ANT,7,6,5,12,3
Malaysia,MYS,New Caledonia,NCL,2,22,10,25,47
Malaysia,MYS,New Zealand,NZL,464,2866,3443,3776,11320
Malaysia,MYS,Nigeria,NGA,3,2,15,4,7
Malaysia,MYS,Northern Mariana Islands,MNP,1,1,2,109,131
Malaysia,MYS,Norway,NOR,7,16,101,185,311
Malaysia,MYS,Pakistan,PAK,40,3128,2511,2015,1618
Malaysia,MYS,Papua New Guinea,PNG,35,87,236,183,137
Malaysia,MYS,Philippines,PHL,1632,1438,8161,1042,4556
Malaysia,MYS,Serbia and Montenegro,SCG,12,12,21,7,25
Malaysia,MYS,Singapore,SGP,129858,187189,213364,343171,725607
Malaysia,MYS,Solomon Islands,SLB,29,32,10,46,190
Malaysia,MYS,South Africa,ZAF,135,110,83,307,386
Malaysia,MYS,Sri Lanka,LKA,506,712,396,275,236
Malaysia,MYS,Sweden,SWE,3,178,790,1598,951
Malaysia,MYS,Switzerland,CHE,31,24,21,202,957
Malaysia,MYS,Thailand,THA,360,2231,1407,1153,2041
Malaysia,MYS,Timor-Leste,TLS,78,90,84,97,101
Malaysia,MYS,Togo,TGO,1,2,2,2,2
Malaysia,MYS,Tonga,TON,1,4,26,53,30
Malaysia,MYS,Trinidad and Tobago,TTO,4,3,4,3,2
Malaysia,MYS,Tunisia,TUN,50,6,37,72,67
Malaysia,MYS,Turkey,TUR,1,2,2,4,265
Malaysia,MYS,United Kingdom,GBR,11992,26661,46512,45502,50446
Malaysia,MYS,United States,USA,662,507,11824,34825,52623
Malaysia,MYS,Vanuatu,VUT,44,51,28,22,6
Malaysia,MYS,Vietnam,VNM,262,299,270,821,4813
Malaysia,MYS,"Yemen, Rep.",YEM,17,22,27,33,39
Malaysia,MYS,Zambia,ZMB,5,4,84,12,11
Malaysia,MYS,Zimbabwe,ZWE,41,53,50,47,43
Maldives,MDV,Bangladesh,BGD,3,2,3,3,3
Maldives,MDV,"Egypt, Arab Rep.",EGY,13,32,53,2,5
Maldives,MDV,India,IND,5,13,203,1758,240
Maldives,MDV,New Zealand,NZL,1,8,9,10,38
Mali,MLI,Afghanistan,AFG,2,8,5,9,14
Mali,MLI,Australia,AUS,1,3,8,8,25
Mali,MLI,Austria,AUT,92,62,107,194,50
Mali,MLI,Bangladesh,BGD,4,21,23,26,28
Mali,MLI,Belgium,BEL,81,116,247,761,768
Mali,MLI,Benin,BEN,2036,2645,3437,4521,7764
Mali,MLI,Brazil,BRA,20,5,11,36,41
Mali,MLI,Burkina Faso,BFA,13096,18584,35472,37614,64438
Mali,MLI,Burundi,BDI,308,247,198,27,22
Mali,MLI,Cameroon,CMR,371,418,333,71,60
Mali,MLI,Canada,CAN,15,87,162,52,840
Mali,MLI,Cape Verde,CPV,882,975,1078,146,170
Mali,MLI,Central African Republic,CAF,345,190,411,346,108
Mali,MLI,Chad,TCD,8,9,10,11,12
Mali,MLI,"Congo, Dem. Rep.",COD,1,5927,3729,2577,2110
Mali,MLI,"Congo, Rep.",COG,53,89,2501,4151,766
Mali,MLI,Cote d'Ivoire,CIV,183795,284150,364393,393886,444425
Mali,MLI,Djibouti,DJI,8,14,28,43,56
Mali,MLI,"Egypt, Arab Rep.",EGY,6,51,100,4,248
Mali,MLI,Eritrea,ERI,60,30,73,160,2
Mali,MLI,Ethiopia,ETH,1023,973,1023,1076,1131
Mali,MLI,France,FRA,945,2265,23162,32647,1594
Mali,MLI,Gabon,GAB,274,4635,9222,17378,26445
Mali,MLI,"Gambia, The",GMB,1696,5032,5325,5371,7755
Mali,MLI,Germany,DEU,444,498,439,418,10493
Mali,MLI,Ghana,GHA,14628,9499,1652,2270,2887
Mali,MLI,Greece,GRC,18,246,80,202,10
Mali,MLI,Guinea,GIN,2902,4329,6459,4402,9945
Mali,MLI,Guinea-Bissau,GNB,21,22,23,52,50
Mali,MLI,Hungary,HUN,6,23,21,19,18
Mali,MLI,India,IND,634,2591,754,1176,1294
Mali,MLI,Ireland,IRL,4,5,10,12,8
Mali,MLI,Italy,ITA,354,542,2329,3753,503
Mali,MLI,Liberia,LBR,522,1338,1377,1377,1310
Mali,MLI,Libya,LBY,2,2,4,6,7
Mali,MLI,Luxembourg,LUX,1,2,7,40,7
Mali,MLI,Madagascar,MDG,39,22,53,11,10
Mali,MLI,Mauritania,MRT,1482,2477,4143,7278,8043
Mali,MLI,Monaco,MCO,1,1,9,12,14
Mali,MLI,Niger,NER,16281,21978,29667,43935,58083
Mali,MLI,Nigeria,NGA,391,13610,138977,53753,90128
Mali,MLI,Pakistan,PAK,50,158,127,102,82
Mali,MLI,Senegal,SEN,13741,8848,9333,17407,17163
Mali,MLI,Serbia and Montenegro,SCG,4,4,7,2,8
Mali,MLI,Sierra Leone,SLE,927,1521,1878,1848,720
Mali,MLI,Somalia,SOM,89,44,126,246,3
Mali,MLI,South Africa,ZAF,2,12,23,25,46
Mali,MLI,Sudan,SDN,759,724,928,1306,1576
Mali,MLI,Switzerland,CHE,316,86,407,322,204
Mali,MLI,Tanzania,TZA,2,2,19,54,14
Mali,MLI,Togo,TGO,1721,2461,2589,2704,2786
Mali,MLI,Uganda,UGA,34,34,31,31,46
Mali,MLI,United Kingdom,GBR,108,395,795,59,4126
Mali,MLI,United States,USA,24,55,379,412,1459
Mali,MLI,Zimbabwe,ZWE,54,69,65,62,57
Malta,MLT,Algeria,DZA,6,3,2,2,1
Malta,MLT,Angola,AGO,11,4,2,2,3
Malta,MLT,Australia,AUS,37710,63699,54967,52261,46557
Malta,MLT,Bosnia and Herzegovina,BIH,2,2,4,21,16
Malta,MLT,Bulgaria,BGR,1,1,1,1,7
Malta,MLT,Cameroon,CMR,6,7,5,8,7
Malta,MLT,Canada,CAN,455,913,1399,12446,9255
Malta,MLT,"Congo, Dem. Rep.",COD,1,4,3,2,2
Malta,MLT,Denmark,DNK,43,17,51,52,53
Malta,MLT,Dominican Republic,DOM,2,11,20,29,41
Malta,MLT,Faeroe Islands,FRO,4,5,6,7,2
Malta,MLT,Fiji,FJI,178,94,15,5,6
Malta,MLT,Finland,FIN,3,12,23,10,23
Malta,MLT,France,FRA,5647,2053,2,10,9528
Malta,MLT,French Polynesia,PYF,4,10,24,4,21
Malta,MLT,Germany,DEU,6,4,3,233,337
Malta,MLT,Ghana,GHA,4,9,3,10,18
Malta,MLT,Guam,GUM,42,69,1,31,35
Malta,MLT,Hungary,HUN,11,7,6,5,4
Malta,MLT,India,IND,45,36,10,286,45
Malta,MLT,Ireland,IRL,9,11,20,18,221
Malta,MLT,Luxembourg,LUX,3,10,13,80,17
Malta,MLT,"Macedonia, FYR",MKD,4,4,7,76,89
Malta,MLT,Mexico,MEX,17,18,2,23,4
Malta,MLT,"Micronesia, Fed. Sts.",FSM,81,74,39,1,2
Malta,MLT,Monaco,MCO,2,2,19,23,27
Malta,MLT,New Caledonia,NCL,10,18,12,18,28
Malta,MLT,New Zealand,NZL,189,322,382,384,369
Malta,MLT,Northern Mariana Islands,MNP,1,2,2,3,8
Malta,MLT,Norway,NOR,5,11,29,38,47
Malta,MLT,Pakistan,PAK,3,10,8,7,5
Malta,MLT,Senegal,SEN,3,2,2,4,4
Malta,MLT,Serbia and Montenegro,SCG,23,23,41,28,105
Malta,MLT,South Africa,ZAF,223,306,387,218,145
Malta,MLT,Sweden,SWE,32,25,536,5,86
Malta,MLT,Switzerland,CHE,7,49,7,85,90
Malta,MLT,Tanzania,TZA,8,7,2,2,5
Malta,MLT,Tonga,TON,1,5,15,22,11
Malta,MLT,United Kingdom,GBR,29645,35916,34828,31704,733
Malta,MLT,United States,USA,6229,38,11523,11044,68
Malta,MLT,Vanuatu,VUT,6,7,5,3,3
Malta,MLT,Zambia,ZMB,2,1,12,2,2
Malta,MLT,Zimbabwe,ZWE,11,14,13,13,12
Marshall Islands,MHL,Indonesia,IDN,2,1,1,2,1
Marshall Islands,MHL,United States,USA,194,177,1773,3171,5161
Martinique,MTQ,Anguilla,AIA,1,2,3,5,9
Martinique,MTQ,Antigua and Barbuda,ATG,1,2,3,5,2
Martinique,MTQ,Aruba,ABW,13,12,12,23,9
Martinique,MTQ,"Bahamas, The",BHS,35,4,6,4,4
Martinique,MTQ,Barbados,BRB,40,21,5,6,7
Martinique,MTQ,Bosnia and Herzegovina,BIH,3,3,6,28,22
Martinique,MTQ,Cameroon,CMR,14,16,12,41,35
Martinique,MTQ,Chad,TCD,5,5,6,6,7
Martinique,MTQ,Colombia,COL,41,35,21,7,5
Martinique,MTQ,Cuba,CUB,41,38,32,32,70
Martinique,MTQ,Dominica,DMA,13,11,9,55,82
Martinique,MTQ,Dominican Republic,DOM,460,375,265,167,63
Martinique,MTQ,Ecuador,ECU,7,13,19,21,5
Martinique,MTQ,Fiji,FJI,2,2,2,4,4
Martinique,MTQ,Finland,FIN,19,94,185,18,23
Martinique,MTQ,France,FRA,10971,1097,94001,702,132228
Martinique,MTQ,French Guiana,GUF,2490,2818,2450,4257,6890
Martinique,MTQ,French Polynesia,PYF,14,43,101,137,73
Martinique,MTQ,Grenada,GRD,14,8,2,17,31
Martinique,MTQ,Guadeloupe,GLP,2796,2,2212,5874,8450
Martinique,MTQ,Guyana,GUY,10,28,28,8,1
Martinique,MTQ,Haiti,HTI,43,19,24,32,44
Martinique,MTQ,Ireland,IRL,17,22,39,28,8
Martinique,MTQ,Kenya,KEN,6,26,121,225,5
Martinique,MTQ,Luxembourg,LUX,10,14,26,155,17
Martinique,MTQ,"Macedonia, FYR",MKD,4,4,8,141,164
Martinique,MTQ,Malawi,MWI,12,12,3,3,3
Martinique,MTQ,Mayotte,MYT,6,13,28,72,272
Martinique,MTQ,Monaco,MCO,5,4,36,45,53
Martinique,MTQ,Netherlands Antilles,ANT,36,31,28,39,401
Martinique,MTQ,New Caledonia,NCL,12,2311,34,215,456
Martinique,MTQ,Puerto Rico,PRI,36,106,153,29,1428
Martinique,MTQ,Serbia and Montenegro,SCG,30,30,54,26,98
Martinique,MTQ,St. Kitts and Nevis,KNA,5,4,3,18,1
Martinique,MTQ,St. Lucia,LCA,13,38,64,26,278
Martinique,MTQ,St. Vincent and the Grenadines,VCT,4,4,4,4,6
Martinique,MTQ,Sudan,SDN,14,13,17,56,67
Martinique,MTQ,Tanzania,TZA,90,83,32,31,76
Martinique,MTQ,Trinidad and Tobago,TTO,252,118,24,15,104
Martinique,MTQ,United Kingdom,GBR,9687,12343,11903,10774,16264
Martinique,MTQ,United States,USA,167,4,1148,920,471
Martinique,MTQ,Uruguay,URY,39,32,23,24,37
Martinique,MTQ,Virgin Islands (U.S.),VIR,6,86,15,27,54
Martinique,MTQ,"Yemen, Rep.",YEM,8,10,12,15,17
Mauritania,MRT,Algeria,DZA,6,2,2,1,1
Mauritania,MRT,Austria,AUT,22,15,25,2,28
Mauritania,MRT,Belgium,BEL,19,27,111,181,182
Mauritania,MRT,Benin,BEN,82,106,138,182,312
Mauritania,MRT,Bulgaria,BGR,1,1,1,1,7
Mauritania,MRT,Burkina Faso,BFA,68,97,185,1851,468
Mauritania,MRT,Cameroon,CMR,166,187,149,5,4
Mauritania,MRT,Canada,CAN,11,60,112,58,151
Mauritania,MRT,Cape Verde,CPV,38,42,46,6,7
Mauritania,MRT,Central African Republic,CAF,10,6,12,42,13
Mauritania,MRT,"Congo, Dem. Rep.",COD,6,1080,680,470,384
Mauritania,MRT,"Congo, Rep.",COG,199,334,516,857,158
Mauritania,MRT,Cote d'Ivoire,CIV,2525,3903,5005,9204,10337
Mauritania,MRT,"Egypt, Arab Rep.",EGY,18,216,433,357,159
Mauritania,MRT,Ethiopia,ETH,187,178,187,197,207
Mauritania,MRT,France,FRA,246,591,4853,6380,416
Mauritania,MRT,Gabon,GAB,50,67,117,211,322
Mauritania,MRT,"Gambia, The",GMB,519,1730,2266,1879,2712
Mauritania,MRT,Germany,DEU,105,118,104,520,2491
Mauritania,MRT,Ghana,GHA,2,152,26,14086,28145
Mauritania,MRT,Greece,GRC,4,59,19,48,2
Mauritania,MRT,Guinea,GIN,176,262,391,163,254
Mauritania,MRT,Guinea-Bissau,GNB,80,84,88,200,192
Mauritania,MRT,Hungary,HUN,1,5,4,4,4
Mauritania,MRT,India,IND,38,155,45,70,77
Mauritania,MRT,Indonesia,IDN,3,2,2,2,85
Mauritania,MRT,Ireland,IRL,1,1,2,3,5
Mauritania,MRT,Italy,ITA,84,129,553,891,387
Mauritania,MRT,Madagascar,MDG,4,3,10,2,2
Mauritania,MRT,Mali,MLI,20039,19672,19311,18957,6697
Mauritania,MRT,Morocco,MAR,8,3,1,1,1
Mauritania,MRT,Nicaragua,NIC,3,6,6,7,8
Mauritania,MRT,Niger,NER,110,149,201,226,224
Mauritania,MRT,Nigeria,NGA,17,1785,18363,7120,11938
Mauritania,MRT,Pakistan,PAK,3,9,8,6,5
Mauritania,MRT,Senegal,SEN,18238,11744,12388,23104,22780
Mauritania,MRT,Sierra Leone,SLE,68,111,137,135,7
Mauritania,MRT,Sudan,SDN,47,45,58,82,98
Mauritania,MRT,Switzerland,CHE,75,21,97,76,126
Mauritania,MRT,Togo,TGO,85,121,127,133,137
Mauritania,MRT,Tunisia,TUN,11,8,8,1,1
Mauritania,MRT,Uganda,UGA,2,2,18,37,3
Mauritania,MRT,United Kingdom,GBR,28,103,207,15,1076
Mauritania,MRT,United States,USA,22,48,615,91,1290
Mauritania,MRT,Zimbabwe,ZWE,5,6,6,5,5
Mauritius,MUS,Afghanistan,AFG,2,2,11,18,14
Mauritius,MUS,Angola,AGO,51,20,8,9,14
Mauritius,MUS,Australia,AUS,1165,3173,10102,16338,16958
Mauritius,MUS,Austria,AUT,46,31,54,98,65
Mauritius,MUS,Bangladesh,BGD,4,21,23,25,27
Mauritius,MUS,Belgium,BEL,40,59,569,729,790
Mauritius,MUS,Benin,BEN,1,1,2,2,4
Mauritius,MUS,Canada,CAN,85,491,914,4030,6530
Mauritius,MUS,"Congo, Dem. Rep.",COD,9,49,31,21,17
Mauritius,MUS,Cote d'Ivoire,CIV,2,4,5,1,38
Mauritius,MUS,Cuba,CUB,2,2,2,2,6
Mauritius,MUS,Dominican Republic,DOM,2,4,5,6,7
Mauritius,MUS,Ethiopia,ETH,8,8,8,9,9
Mauritius,MUS,France,FRA,1339,3210,16691,26638,2260
Mauritius,MUS,French Polynesia,PYF,32,101,243,39,149
Mauritius,MUS,Germany,DEU,221,250,218,192,5304
Mauritius,MUS,Ghana,GHA,506,3,2,20,38
Mauritius,MUS,Greece,GRC,9,125,39,102,28
Mauritius,MUS,Guadeloupe,GLP,5,4,13,32,29
Mauritius,MUS,Hungary,HUN,3,12,11,10,10
Mauritius,MUS,India,IND,642,300,1807,2475,1277
Mauritius,MUS,Ireland,IRL,6,8,14,16,143
Mauritius,MUS,Italy,ITA,176,269,1176,9086,10572
Mauritius,MUS,Lesotho,LSO,8,5,2,3,16
Mauritius,MUS,Luxembourg,LUX,2,3,12,70,86
Mauritius,MUS,"Macedonia, FYR",MKD,1,1,2,61,71
Mauritius,MUS,Malawi,MWI,162,159,2054,2017,1982
Mauritius,MUS,Martinique,MTQ,4,11,11,21,26
Mauritius,MUS,Monaco,MCO,2,2,16,20,24
Mauritius,MUS,Namibia,NAM,3,4,7,11,10
Mauritius,MUS,New Caledonia,NCL,229,115,514,279,83
Mauritius,MUS,New Zealand,NZL,34,105,119,130,162
Mauritius,MUS,Norway,NOR,4,17,102,148,142
Mauritius,MUS,Pakistan,PAK,49,155,124,100,80
Mauritius,MUS,Papua New Guinea,PNG,18,43,58,45,33
Mauritius,MUS,Reunion,REU,871,811,62,82,121
Mauritius,MUS,Serbia and Montenegro,SCG,7,7,13,4,15
Mauritius,MUS,South Africa,ZAF,2372,3279,4167,7605,3590
Mauritius,MUS,Sudan,SDN,7,7,9,12,15
Mauritius,MUS,Swaziland,SWZ,6,11,13,23,35
Mauritius,MUS,Switzerland,CHE,157,43,204,159,901
Mauritius,MUS,United Kingdom,GBR,154,561,21561,24760,23919
Mauritius,MUS,United States,USA,80,180,937,1656,4795
Mauritius,MUS,Zambia,ZMB,5,4,442,30,27
Mauritius,MUS,Zimbabwe,ZWE,3246,4185,3947,3722,3424
Mayotte,MYT,Sudan,SDN,41,39,50,70,84
Mayotte,MYT,Uganda,UGA,2,2,2,2,2
Mexico,MEX,Antigua and Barbuda,ATG,4,6,4,3,27
Mexico,MEX,Argentina,ARG,307,152,7,2332,3610
Mexico,MEX,Australia,AUS,15,5,101,751,1141
Mexico,MEX,Austria,AUT,28,1583,280,376,571
Mexico,MEX,"Bahamas, The",BHS,9,20,20,22,25
Mexico,MEX,Bangladesh,BGD,1,6,7,7,8
Mexico,MEX,Barbados,BRB,11,5,1,17,20
Mexico,MEX,Belgium,BEL,22,159,238,114,153
Mexico,MEX,Bermuda,BMU,541,141,415,118,47
Mexico,MEX,Bolivia,BOL,143,2921,5168,6442,9557
Mexico,MEX,Brazil,BRA,545,515,848,787,1258
Mexico,MEX,Bulgaria,BGR,5,5,5,5,23
Mexico,MEX,Cambodia,KHM,161,136,2,16,100
Mexico,MEX,Cameroon,CMR,120,135,108,359,302
Mexico,MEX,Canada,CAN,6068,64961,126413,15966,42939
Mexico,MEX,Chad,TCD,21,23,26,29,32
Mexico,MEX,Chile,CHL,215,313,98,743,1698
Mexico,MEX,China,CHN,7,5,4,37,111
Mexico,MEX,Colombia,COL,597,929,1157,1454,2285
Mexico,MEX,Costa Rica,CRI,528,518,781,1311,2329
Mexico,MEX,Cuba,CUB,1346,1218,659,383,433
Mexico,MEX,Cyprus,CYP,2,6,9,13,29
Mexico,MEX,Denmark,DNK,18,20,127,267,470
Mexico,MEX,Djibouti,DJI,2,3,6,9,11
Mexico,MEX,Dominica,DMA,3,2,2,4,6
Mexico,MEX,Dominican Republic,DOM,123,582,1020,1523,2118
Mexico,MEX,Ecuador,ECU,24,45,70,653,837
Mexico,MEX,"Egypt, Arab Rep.",EGY,2,13,24,12,74
Mexico,MEX,El Salvador,SLV,1175,883,1190,1404,1292
Mexico,MEX,Eritrea,ERI,2,5,2,15,3
Mexico,MEX,Fiji,FJI,2,2,2,3,3
Mexico,MEX,Finland,FIN,4,21,41,65,150
Mexico,MEX,France,FRA,2325,232,2921,4403,3923
Mexico,MEX,Germany,DEU,392,242,205,2400,1778
Mexico,MEX,Greece,GRC,6,16,28,303,166
Mexico,MEX,Greenland,GRL,16,43,53,51,43
Mexico,MEX,Guatemala,GTM,1838,3487,3050,5208,10901
Mexico,MEX,Guyana,GUY,34,100,100,27,4
Mexico,MEX,Haiti,HTI,2,5,6,9,12
Mexico,MEX,Honduras,HND,490,239,322,722,1139
Mexico,MEX,Hungary,HUN,38,176,163,142,135
Mexico,MEX,India,IND,257,374,23,634,581
Mexico,MEX,Indonesia,IDN,6,3,4,4,4
Mexico,MEX,Ireland,IRL,10,13,23,17,516
Mexico,MEX,Israel,ISR,6,7,7,87,198
Mexico,MEX,Italy,ITA,108,1989,297,4101,4036
Mexico,MEX,Japan,JPN,2,31,69,722,1572
Mexico,MEX,Jordan,JOR,18,7,3,11,11
Mexico,MEX,Kenya,KEN,49,226,1050,1952,24
Mexico,MEX,Luxembourg,LUX,2,3,6,33,60
Mexico,MEX,"Macedonia, FYR",MKD,1,1,3,30,35
Mexico,MEX,Malaysia,MYS,3,124,371,1193,4064
Mexico,MEX,Martinique,MTQ,3,6,6,12,14
Mexico,MEX,Monaco,MCO,1,1,8,10,11
Mexico,MEX,Myanmar,MMR,7,6,4,1,1
Mexico,MEX,Netherlands Antilles,ANT,36,32,28,8,33
Mexico,MEX,Nicaragua,NIC,349,589,662,710,849
Mexico,MEX,Nigeria,NGA,4,5,41,14,23
Mexico,MEX,Norway,NOR,14,50,115,211,388
Mexico,MEX,Pakistan,PAK,15,46,37,30,24
Mexico,MEX,Panama,PAN,860,768,1019,1467,2382
Mexico,MEX,Paraguay,PRY,190,569,2479,2864,1814
Mexico,MEX,Peru,PER,420,560,665,761,622
Mexico,MEX,Philippines,PHL,2,27,10,37,105
Mexico,MEX,Puerto Rico,PRI,113,332,478,1934,381
Mexico,MEX,Serbia and Montenegro,SCG,6,6,12,6,21
Mexico,MEX,Singapore,SGP,108,69,229,600,2183
Mexico,MEX,Slovenia,SVN,6,6,10,12,5
Mexico,MEX,Somalia,SOM,3,8,3,23,6
Mexico,MEX,South Africa,ZAF,31,56,81,37,122
Mexico,MEX,Spain,ESP,3420,5768,9881,11549,16905
Mexico,MEX,St. Lucia,LCA,3,2,2,7,8
Mexico,MEX,Sudan,SDN,110,105,135,333,402
Mexico,MEX,Suriname,SUR,49,32,21,28,37
Mexico,MEX,Sweden,SWE,61,130,126,160,1067
Mexico,MEX,Switzerland,CHE,238,3,1159,416,1402
Mexico,MEX,Tanzania,TZA,773,716,150,145,356
Mexico,MEX,Togo,TGO,2,3,3,3,3
Mexico,MEX,Trinidad and Tobago,TTO,67,55,62,50,28
Mexico,MEX,Turkey,TUR,1,2,3,5,153
Mexico,MEX,United States,USA,610787,936424,2408502,4662233,9367910
Mexico,MEX,Uruguay,URY,139,115,83,85,347
Mexico,MEX,"Venezuela, RB",VEN,1278,1525,2472,2888,3118
Mexico,MEX,Virgin Islands (U.S.),VIR,11,35,27,55,94
Mexico,MEX,"Yemen, Rep.",YEM,3,4,5,6,8
"Micronesia, Fed. Sts.",FSM,American Samoa,ASM,2,5,8,18,24
"Micronesia, Fed. Sts.",FSM,Belgium,BEL,9,40,5,69,84
"Micronesia, Fed. Sts.",FSM,"Congo, Dem. Rep.",COD,6,34,21,15,12
"Micronesia, Fed. Sts.",FSM,Fiji,FJI,13,186,382,478,557
"Micronesia, Fed. Sts.",FSM,Germany,DEU,68,48,73,22,1242
"Micronesia, Fed. Sts.",FSM,Guam,GUM,3,23,1744,2969,6994
"Micronesia, Fed. Sts.",FSM,Indonesia,IDN,52,33,33,40,36
"Micronesia, Fed. Sts.",FSM,Italy,ITA,29,995,11,507,13
"Micronesia, Fed. Sts.",FSM,Marshall Islands,MHL,216,265,323,396,1
"Micronesia, Fed. Sts.",FSM,Myanmar,MMR,63,59,35,14,11
"Micronesia, Fed. Sts.",FSM,Northern Mariana Islands,MNP,266,359,485,1844,2218
"Micronesia, Fed. Sts.",FSM,Palau,PLW,105,142,191,314,325
"Micronesia, Fed. Sts.",FSM,Papua New Guinea,PNG,4,9,9,7,5
"Micronesia, Fed. Sts.",FSM,Philippines,PHL,23,16,95,14,1768
"Micronesia, Fed. Sts.",FSM,Solomon Islands,SLB,13,14,29,3,8
"Micronesia, Fed. Sts.",FSM,Tuvalu,TUV,3,3,3,3,2
"Micronesia, Fed. Sts.",FSM,Vanuatu,VUT,6,7,20,6,17
"Micronesia, Fed. Sts.",FSM,"Yemen, Rep.",YEM,1,1,2,2,2
Moldova,MDA,Albania,ALB,5,6,6,7,8
Moldova,MDA,Algeria,DZA,7,3,2,2,1
Moldova,MDA,Argentina,ARG,35,25,17,10,3
Moldova,MDA,Australia,AUS,443,998,481,2095,478
Moldova,MDA,Belgium,BEL,286,131,47,44,135
Moldova,MDA,Bermuda,BMU,2,3,2,3,4
Moldova,MDA,Bulgaria,BGR,492,513,526,521,2423
Moldova,MDA,Canada,CAN,3053,2568,2122,2123,2416
Moldova,MDA,Chile,CHL,8,4,3,3,9
Moldova,MDA,"Congo, Dem. Rep.",COD,2,9,6,4,3
Moldova,MDA,Croatia,HRV,76,77,138,24,231
Moldova,MDA,Cyprus,CYP,12,31,50,69,428
Moldova,MDA,Czech Republic,CZE,280,309,341,2413,826
Moldova,MDA,Denmark,DNK,12,40,29,23,109
Moldova,MDA,"Egypt, Arab Rep.",EGY,2,8,14,15,50
Moldova,MDA,Finland,FIN,25,18,14,17,65
Moldova,MDA,France,FRA,1546,563,240,3,2608
Moldova,MDA,Germany,DEU,564,633,1791,10261,13736
Moldova,MDA,Greece,GRC,44,91,114,2553,5492
Moldova,MDA,Hungary,HUN,1392,3796,3462,3007,2860
Moldova,MDA,India,IND,33,31,16,58,13
Moldova,MDA,Iraq,IRQ,41,28,19,17,2
Moldova,MDA,Ireland,IRL,25,32,57,77,958
Moldova,MDA,Israel,ISR,4519,5369,8788,17400,31325
Moldova,MDA,Italy,ITA,209,189,201,2569,6680
Moldova,MDA,Kazakhstan,KAZ,11462,20456,23362,27499,21682
Moldova,MDA,Lebanon,LBN,10,34,31,38,823
Moldova,MDA,Luxembourg,LUX,1,3,4,22,15
Moldova,MDA,"Macedonia, FYR",MKD,1,1,2,21,24
Moldova,MDA,Mexico,MEX,40,42,5,28,8
Moldova,MDA,Netherlands,NLD,101,26,18,2,22
Moldova,MDA,New Zealand,NZL,10,10,20,20,42
Moldova,MDA,Nigeria,NGA,7,5,22,5,9
Moldova,MDA,Norway,NOR,5,4,3,6,25
Moldova,MDA,Pakistan,PAK,1,4,3,2,2
Moldova,MDA,Poland,POL,4309,3711,2480,1477,559
Moldova,MDA,Qatar,QAT,10,181,454,64,1230
Moldova,MDA,Romania,ROU,138323,118658,83737,59685,39157
Moldova,MDA,Russian Federation,RUS,79527,111747,130384,228795,277527
Moldova,MDA,Serbia and Montenegro,SCG,6,6,11,8,29
Moldova,MDA,Slovak Republic,SVK,111,122,135,417,23
Moldova,MDA,Slovenia,SVN,9,10,17,8,50
Moldova,MDA,South Africa,ZAF,89,75,61,61,25
Moldova,MDA,Spain,ESP,7,12,20,79,1833
Moldova,MDA,Sweden,SWE,101,24,22,22,97
Moldova,MDA,Switzerland,CHE,79,16,77,1475,208
Moldova,MDA,Syrian Arab Republic,SYR,1,9,7,10,13
Moldova,MDA,Togo,TGO,3,4,5,5,5
Moldova,MDA,Turkey,TUR,872,740,542,669,2331
Moldova,MDA,Ukraine,UKR,139233,153206,169151,186983,165126
Moldova,MDA,United Kingdom,GBR,552,442,310,232,180
Moldova,MDA,United States,USA,24689,18956,9121,9486,32759
Moldova,MDA,Uruguay,URY,4,4,3,2,5
Moldova,MDA,West Bank and Gaza,PSE,81,97,115,151,233
Moldova,MDA,"Yemen, Rep.",YEM,46,57,71,88,103
Moldova,MDA,Zimbabwe,ZWE,3,4,3,3,3
Monaco,MCO,Algeria,DZA,9,4,3,2,2
Monaco,MCO,Angola,AGO,7,3,1,1,2
Monaco,MCO,Canada,CAN,16,32,50,46,107
Monaco,MCO,Denmark,DNK,5,2,4,5,7
Monaco,MCO,"Egypt, Arab Rep.",EGY,3,25,50,55,64
Monaco,MCO,France,FRA,650,233,13683,1,1097
Monaco,MCO,Germany,DEU,4,3,2,14,222
Monaco,MCO,Indonesia,IDN,13,8,8,10,9
Monaco,MCO,Malawi,MWI,3,3,6,6,6
Monaco,MCO,Myanmar,MMR,3,3,3,4,3
Monaco,MCO,Philippines,PHL,6,21,24,171,130
Monaco,MCO,Serbia and Montenegro,SCG,3,3,5,3,12
Monaco,MCO,South Africa,ZAF,4420,2408,307,2,12
Monaco,MCO,Switzerland,CHE,5,19,5,89,13
Monaco,MCO,Thailand,THA,10,20,57,100,325
Monaco,MCO,United States,USA,388,2,1077,334,4
Mongolia,MNG,Albania,ALB,1,2,2,2,2
Mongolia,MNG,Bulgaria,BGR,17,18,18,18,84
Mongolia,MNG,Czech Republic,CZE,3,3,3,24,572
Mongolia,MNG,Germany,DEU,4,5,6,16,287
Mongolia,MNG,Hungary,HUN,301,1828,1698,1484,1416
Mongolia,MNG,Italy,ITA,3,4,5,28,57
Mongolia,MNG,Poland,POL,4,3,54,104,177
Mongolia,MNG,Slovak Republic,SVK,1,1,1,4,31
Mongolia,MNG,Switzerland,CHE,3,2,2,68,329
Mongolia,MNG,"Yemen, Rep.",YEM,13,16,19,24,28
Montserrat,MSR,Anguilla,AIA,3,5,8,15,26
Montserrat,MSR,Antigua and Barbuda,ATG,284,403,617,878,642
Montserrat,MSR,Aruba,ABW,17,16,16,8,10
Montserrat,MSR,"Bahamas, The",BHS,12,3,4,2,3
Montserrat,MSR,Barbados,BRB,78,40,8,8,9
Montserrat,MSR,Canada,CAN,3,30,59,438,593
Montserrat,MSR,Cuba,CUB,55,50,28,18,24
Montserrat,MSR,Dominica,DMA,16,52,90,63,92
Montserrat,MSR,Dominican Republic,DOM,28,25,21,18,15
Montserrat,MSR,Grenada,GRD,39,23,8,6,11
Montserrat,MSR,Guadeloupe,GLP,8,14,31,70,63
Montserrat,MSR,Haiti,HTI,3,7,8,11,15
Montserrat,MSR,Jamaica,JAM,36,24,18,17,52
Montserrat,MSR,Netherlands Antilles,ANT,48,42,37,52,69
Montserrat,MSR,Puerto Rico,PRI,13,37,53,22,497
Montserrat,MSR,St. Kitts and Nevis,KNA,410,317,302,188,167
Montserrat,MSR,St. Lucia,LCA,17,25,34,20,30
Montserrat,MSR,Trinidad and Tobago,TTO,802,358,32,21,36
Montserrat,MSR,United States,USA,669,16,1200,3714,1899
Montserrat,MSR,Virgin Islands (U.S.),VIR,127,115,710,1013,73
Montserrat,MSR,"Virgin Islands, British",VGB,15,76,93,123,136
Morocco,MAR,Afghanistan,AFG,4,19,11,21,34
Morocco,MAR,Algeria,DZA,217523,85251,67208,52984,41770
Morocco,MAR,Andorra,AND,10,53,124,243,316
Morocco,MAR,Australia,AUS,111,303,885,958,1173
Morocco,MAR,Austria,AUT,2394,1724,798,420,827
Morocco,MAR,Bahrain,BHR,4,14,16,3,117
Morocco,MAR,Bangladesh,BGD,10,50,55,60,66
Morocco,MAR,Belgium,BEL,2109,40107,108759,141833,110962
Morocco,MAR,Benin,BEN,11,15,19,25,43
Morocco,MAR,Bolivia,BOL,6,9,12,6,2
Morocco,MAR,Bosnia and Herzegovina,BIH,15,16,28,137,108
Morocco,MAR,Brazil,BRA,1206,319,675,2144,2432
Morocco,MAR,Bulgaria,BGR,19,20,20,20,94
Morocco,MAR,Burkina Faso,BFA,122,173,331,105,27
Morocco,MAR,Burundi,BDI,3,3,2,19,16
Morocco,MAR,Cameroon,CMR,194,218,173,46,39
Morocco,MAR,Canada,CAN,584,3302,6145,15288,25307
Morocco,MAR,Chad,TCD,5,6,6,7,8
Morocco,MAR,Chile,CHL,14,46,12,62,85
Morocco,MAR,Colombia,COL,28,42,51,63,61
Morocco,MAR,Cote d'Ivoire,CIV,26,41,52,13,73
Morocco,MAR,Cuba,CUB,35,32,39,45,111
Morocco,MAR,Cyprus,CYP,14,50,86,122,31
Morocco,MAR,Czech Republic,CZE,1,1,1,10,120
Morocco,MAR,Denmark,DNK,797,13,1830,3288,4776
Morocco,MAR,Djibouti,DJI,6,12,24,37,47
Morocco,MAR,Dominican Republic,DOM,21,22,22,24,26
Morocco,MAR,Ecuador,ECU,6,11,17,18,20
Morocco,MAR,"Egypt, Arab Rep.",EGY,2787,1748,638,2419,1149
Morocco,MAR,El Salvador,SLV,2,5,6,6,4
Morocco,MAR,Ethiopia,ETH,8,7,8,8,8
Morocco,MAR,Finland,FIN,15,63,122,390,998
Morocco,MAR,France,FRA,155574,294994,540819,654248,262462
Morocco,MAR,French Guiana,GUF,81,101,202,471,718
Morocco,MAR,French Polynesia,PYF,31,152,390,412,14
Morocco,MAR,Germany,DEU,9431,11846,54042,50126,84619
Morocco,MAR,Ghana,GHA,8,121,64,829,1594
Morocco,MAR,Gibraltar,GIB,271,2376,2372,2258,1117
Morocco,MAR,Greece,GRC,471,7525,2078,783,521
Morocco,MAR,Guadeloupe,GLP,66,206,393,854,767
Morocco,MAR,Hungary,HUN,50,167,153,133,127
Morocco,MAR,India,IND,1495,6108,1777,2772,3051
Morocco,MAR,Indonesia,IDN,6,4,4,5,73
Morocco,MAR,"Iran, Islamic Rep.",IRN,1,3,10,23,19
Morocco,MAR,Iraq,IRQ,576,465,403,465,99
Morocco,MAR,Ireland,IRL,169,213,379,463,302
Morocco,MAR,Israel,ISR,191014,226971,217033,182652,187826
Morocco,MAR,Italy,ITA,9169,14158,8767,160780,286498
Morocco,MAR,Jordan,JOR,103,66,133,255,591
Morocco,MAR,Kuwait,KWT,11,63,109,175,165
Morocco,MAR,Lebanon,LBN,39,1433,759,650,5270
Morocco,MAR,Libya,LBY,38,736,1870,2755,3298
Morocco,MAR,Liechtenstein,LIE,4,3,1,2,8
Morocco,MAR,Luxembourg,LUX,48,74,251,1489,557
Morocco,MAR,"Macedonia, FYR",MKD,27,27,49,1291,1500
Morocco,MAR,Mali,MLI,26,26,26,25,3
Morocco,MAR,Martinique,MTQ,181,180,272,530,635
Morocco,MAR,Mauritania,MRT,117,195,327,329,364
Morocco,MAR,Monaco,MCO,46,165,348,434,512
Morocco,MAR,Myanmar,MMR,8,7,4,2,1
Morocco,MAR,Netherlands,NLD,27,15355,42489,122444,151254
Morocco,MAR,New Caledonia,NCL,174,11,429,507,696
Morocco,MAR,New Zealand,NZL,4,15,41,42,115
Morocco,MAR,Nicaragua,NIC,3,5,5,6,7
Morocco,MAR,Norway,NOR,111,450,1155,2437,3808
Morocco,MAR,Oman,OMN,20,29,67,193,285
Morocco,MAR,Pakistan,PAK,118,373,299,240,193
Morocco,MAR,Papua New Guinea,PNG,2,4,5,4,3
Morocco,MAR,Peru,PER,44,61,74,32,26
Morocco,MAR,Philippines,PHL,3,2,12,7,132
Morocco,MAR,Poland,POL,2,1,51,100,171
Morocco,MAR,Portugal,PRT,63,165,431,533,1094
Morocco,MAR,Qatar,QAT,37,7656,11220,1086,7876
Morocco,MAR,Reunion,REU,131,219,3,4,5
Morocco,MAR,Saudi Arabia,SAU,188,1060,5404,14078,15230
Morocco,MAR,Senegal,SEN,4711,3033,3200,5968,5884
Morocco,MAR,Serbia and Montenegro,SCG,148,151,270,85,313
Morocco,MAR,Singapore,SGP,36,2,7,18,66
Morocco,MAR,South Africa,ZAF,5,35,66,72,459
Morocco,MAR,Spain,ESP,24997,42164,72226,105884,253173
Morocco,MAR,Sudan,SDN,7917,7553,9689,5486,6619
Morocco,MAR,Sweden,SWE,22,761,1579,2560,4443
Morocco,MAR,Switzerland,CHE,8176,2255,11409,8403,5950
Morocco,MAR,Syrian Arab Republic,SYR,315,89,123,174,229
Morocco,MAR,Tanzania,TZA,1,1,12,35,9
Morocco,MAR,Trinidad and Tobago,TTO,11,9,11,9,5
Morocco,MAR,Tunisia,TUN,1729,1964,2916,7604,7165
Morocco,MAR,Turkey,TUR,2399,4364,5211,9424,524
Morocco,MAR,Uganda,UGA,22,22,20,20,30
Morocco,MAR,United Arab Emirates,ARE,3,80,876,1626,2794
Morocco,MAR,United Kingdom,GBR,4317,15743,5958,10364,20878
Morocco,MAR,United States,USA,1257,1943,16363,24311,40177
Morocco,MAR,Uruguay,URY,33,27,20,20,51
Morocco,MAR,"Venezuela, RB",VEN,684,1573,1678,1545,1188
Morocco,MAR,West Bank and Gaza,PSE,13114,15635,18511,24359,37653
Morocco,MAR,"Yemen, Rep.",YEM,4526,5604,6938,8589,10041
Morocco,MAR,Zimbabwe,ZWE,156,202,190,179,165
Mozambique,MOZ,Afghanistan,AFG,2,1,2,11,7
Mozambique,MOZ,Angola,AGO,2343,934,372,409,643
Mozambique,MOZ,Australia,AUS,26,70,204,373,549
Mozambique,MOZ,Austria,AUT,13,9,15,27,13
Mozambique,MOZ,Bangladesh,BGD,2,11,12,13,14
Mozambique,MOZ,Belgium,BEL,12,16,11,104,105
Mozambique,MOZ,Benin,BEN,10,12,16,21,36
Mozambique,MOZ,Bosnia and Herzegovina,BIH,2,2,3,17,13
Mozambique,MOZ,Botswana,BWA,547,488,47,178,11355
Mozambique,MOZ,Brazil,BRA,610,162,1607,980,1332
Mozambique,MOZ,Burundi,BDI,90,72,58,499,400
Mozambique,MOZ,Cameroon,CMR,28,32,25,1296,1092
Mozambique,MOZ,Canada,CAN,37,212,394,807,884
Mozambique,MOZ,Chad,TCD,148,163,180,199,226
Mozambique,MOZ,Colombia,COL,10,11,9,8,9
Mozambique,MOZ,Cote d'Ivoire,CIV,22,34,44,11,343
Mozambique,MOZ,Cyprus,CYP,1,4,6,9,6
Mozambique,MOZ,Denmark,DNK,98,2,45,74,121
Mozambique,MOZ,Djibouti,DJI,140,255,513,804,1033
Mozambique,MOZ,Ecuador,ECU,2,4,6,7,1
Mozambique,MOZ,Eritrea,ERI,12,723,387,582,396
Mozambique,MOZ,Ethiopia,ETH,39,37,39,41,43
Mozambique,MOZ,Finland,FIN,2,8,15,7,22
Mozambique,MOZ,France,FRA,3475,8328,64,111,5862
Mozambique,MOZ,French Guiana,GUF,4,10,21,48,74
Mozambique,MOZ,Germany,DEU,63,69,63,85,1435
Mozambique,MOZ,Greece,GRC,3,34,11,28,24
Mozambique,MOZ,Hungary,HUN,3,12,11,10,9
Mozambique,MOZ,India,IND,617,241,344,1532,591
Mozambique,MOZ,Ireland,IRL,16,20,35,43,37
Mozambique,MOZ,Italy,ITA,50,77,319,513,315
Mozambique,MOZ,Lesotho,LSO,637,376,138,195,24
Mozambique,MOZ,Luxembourg,LUX,6,9,31,182,148
Mozambique,MOZ,"Macedonia, FYR",MKD,3,3,6,158,183
Mozambique,MOZ,Malawi,MWI,209525,205837,114444,112430,110451
Mozambique,MOZ,Mauritius,MUS,37,38,172,138,139
Mozambique,MOZ,Mayotte,MYT,13,28,60,156,310
Mozambique,MOZ,Monaco,MCO,6,4,43,53,63
Mozambique,MOZ,Namibia,NAM,206,331,530,850,814
Mozambique,MOZ,New Zealand,NZL,2,14,21,17,47
Mozambique,MOZ,Norway,NOR,10,7,6,22,61
Mozambique,MOZ,Pakistan,PAK,25,80,64,52,41
Mozambique,MOZ,Peru,PER,23,32,40,7,6
Mozambique,MOZ,Portugal,PRT,7871,20564,53728,73705,74227
Mozambique,MOZ,Reunion,REU,14,44,2436,3241,4807
Mozambique,MOZ,Sao Tome and Principe,STP,325,309,294,159,152
Mozambique,MOZ,Senegal,SEN,2,1,1,3,3
Mozambique,MOZ,Serbia and Montenegro,SCG,18,18,33,10,38
Mozambique,MOZ,Seychelles,SYC,111,142,63,13,183
Mozambique,MOZ,Somalia,SOM,17,1060,662,892,760
Mozambique,MOZ,South Africa,ZAF,161807,119683,74784,129409,264572
Mozambique,MOZ,Sudan,SDN,14105,13458,17263,24275,29287
Mozambique,MOZ,Swaziland,SWZ,2441,4855,3527,12820,14943
Mozambique,MOZ,Switzerland,CHE,45,12,57,46,45
Mozambique,MOZ,Tanzania,TZA,138828,128668,82253,75864,44345
Mozambique,MOZ,Uganda,UGA,628,627,389,186,850
Mozambique,MOZ,United Kingdom,GBR,399,1454,2925,218,62051
Mozambique,MOZ,United States,USA,66,147,732,1391,3927
Mozambique,MOZ,"Venezuela, RB",VEN,57,29,215,129,58
Mozambique,MOZ,Zambia,ZMB,13478,10800,5924,18071,16351
Mozambique,MOZ,Zimbabwe,ZWE,90116,116161,109558,103331,95036
Myanmar,MMR,Afghanistan,AFG,194,465,908,614,673
Myanmar,MMR,Australia,AUS,1425,2527,7034,7991,10821
Myanmar,MMR,Austria,AUT,1,4,6,7,25
Myanmar,MMR,Bangladesh,BGD,709,560,620,679,744
Myanmar,MMR,Bhutan,BTN,7,9,13,17,23
Myanmar,MMR,Cambodia,KHM,279,235,3,28,173
Myanmar,MMR,Canada,CAN,38,499,981,2894,3649
Myanmar,MMR,Chad,TCD,2,2,2,2,2
Myanmar,MMR,China,CHN,12,10,170,51,399
Myanmar,MMR,Denmark,DNK,15,14,41,47,81
Myanmar,MMR,Ethiopia,ETH,2,2,2,2,2
Myanmar,MMR,Fiji,FJI,20,16,13,17,19
Myanmar,MMR,France,FRA,1993,199,122,57,3362
Myanmar,MMR,Germany,DEU,5,7,12,210,419
Myanmar,MMR,Ghana,GHA,8,4,1,5,8
Myanmar,MMR,Guam,GUM,4,27,1,13,17
Myanmar,MMR,"Hong Kong SAR, China",HKG,30,8,3856,5,69
Myanmar,MMR,Hungary,HUN,7,8,7,6,5
Myanmar,MMR,India,IND,65312,139410,150508,83260,60627
Myanmar,MMR,Indonesia,IDN,5359,3373,3437,4166,3723
Myanmar,MMR,Ireland,IRL,6,8,14,18,64
Myanmar,MMR,Israel,ISR,4,5,5,46,104
Myanmar,MMR,Italy,ITA,5,6,8,41,165
Myanmar,MMR,Japan,JPN,6,94,207,1050,4730
Myanmar,MMR,Kenya,KEN,14,153,122,86,2
Myanmar,MMR,Lao PDR,LAO,354,372,391,412,391
Myanmar,MMR,"Macao SAR, China",MAC,13,5,20,22,23
Myanmar,MMR,Madagascar,MDG,17,10,3,2,2
Myanmar,MMR,Malaysia,MYS,9,348,1044,3353,10790
Myanmar,MMR,Maldives,MDV,7,17,34,28,27
Myanmar,MMR,Nepal,NPL,1054,6353,110,79,350
Myanmar,MMR,New Zealand,NZL,360,395,385,423,700
Myanmar,MMR,Nigeria,NGA,5,4,26,7,12
Myanmar,MMR,Norway,NOR,2,7,14,30,57
Myanmar,MMR,Pakistan,PAK,7689,12418,9968,8002,6423
Myanmar,MMR,Papua New Guinea,PNG,21,51,17,13,10
Myanmar,MMR,Philippines,PHL,1958,1217,9797,982,5425
Myanmar,MMR,Serbia and Montenegro,SCG,3,3,5,2,6
Myanmar,MMR,Singapore,SGP,470,195,202,293,431
Myanmar,MMR,South Africa,ZAF,152,190,227,119,93
Myanmar,MMR,Sri Lanka,LKA,20,31,196,136,117
Myanmar,MMR,Sudan,SDN,11,10,13,17,20
Myanmar,MMR,Switzerland,CHE,4,3,3,25,116
Myanmar,MMR,Tanzania,TZA,12,11,14,14,17
Myanmar,MMR,Thailand,THA,30263,10728,30234,52701,171759
Myanmar,MMR,Togo,TGO,2,3,3,4,4
Myanmar,MMR,Uganda,UGA,3,3,3,3,1
Myanmar,MMR,United Kingdom,GBR,11934,13705,12090,11378,295
Myanmar,MMR,United States,USA,711,562,13120,21588,35623
Myanmar,MMR,Vietnam,VNM,58,23,64,29,1925
Myanmar,MMR,"Yemen, Rep.",YEM,12,15,18,22,26
Myanmar,MMR,Zambia,ZMB,3,3,52,8,7
Myanmar,MMR,Zimbabwe,ZWE,25,32,30,29,26
Namibia,NAM,Angola,AGO,795,317,126,139,218
Namibia,NAM,Australia,AUS,24,66,193,257,433
Namibia,NAM,Botswana,BWA,28,25,92,277,494
Namibia,NAM,Brazil,BRA,4,1,2,7,8
Namibia,NAM,Canada,CAN,12,69,129,144,296
Namibia,NAM,"Egypt, Arab Rep.",EGY,7,16,27,5,389
Namibia,NAM,France,FRA,58,140,1,2,98
Namibia,NAM,Germany,DEU,2,2,2,240,31
Namibia,NAM,Hungary,HUN,2,6,6,5,5
Namibia,NAM,India,IND,80,325,95,147,162
Namibia,NAM,Italy,ITA,2,3,7,11,35
Namibia,NAM,Lesotho,LSO,33,19,7,10,4
Namibia,NAM,Libya,LBY,2,2,5,7,8
Namibia,NAM,Malawi,MWI,54,53,8450,8301,8155
Namibia,NAM,Martinique,MTQ,2,3,3,7,8
Namibia,NAM,Mauritius,MUS,2,2,9,7,7
Namibia,NAM,New Zealand,NZL,2,13,20,16,227
Namibia,NAM,Pakistan,PAK,6,20,16,13,10
Namibia,NAM,Reunion,REU,2,7,540,719,1066
Namibia,NAM,South Africa,ZAF,14963,34090,53286,92787,44473
Namibia,NAM,Sudan,SDN,40,38,49,69,83
Namibia,NAM,Swaziland,SWZ,50,99,114,202,306
Namibia,NAM,Tanzania,TZA,19,18,411,3,570
Namibia,NAM,Tunisia,TUN,4,1,3,6,6
Namibia,NAM,Uganda,UGA,2,2,2,2,2
Namibia,NAM,United Kingdom,GBR,3033,194,432,212,1116
Namibia,NAM,United States,USA,23,51,228,503,1355
Namibia,NAM,Zambia,ZMB,1504,1206,1758,2236,2023
Namibia,NAM,Zimbabwe,ZWE,211,272,257,242,223
Naura,NRU,Australia,AUS,100,264,425,447,460
Naura,NRU,Fiji,FJI,2,26,54,67,78
Naura,NRU,Samoa,WSM,2,3,5,5,10
Naura,NRU,South Africa,ZAF,6,26,47,1,11
Naura,NRU,United States,USA,5,13,7,85,548
Naura,NRU,Zimbabwe,ZWE,1,1,1,1,1
Nepal,NPL,Afghanistan,AFG,1346,1767,3375,3707,7169
Nepal,NPL,Aruba,ABW,3,3,3,6,9
Nepal,NPL,Australia,AUS,10,17,185,392,2587
Nepal,NPL,Austria,AUT,2,6,9,11,164
Nepal,NPL,Bangladesh,BGD,3816,3013,3335,3654,4004
Nepal,NPL,Bhutan,BTN,147,198,268,361,488
Nepal,NPL,Brunei Darussalam,BRN,7,9,2277,3683,5239
Nepal,NPL,Cambodia,KHM,245,207,3,25,152
Nepal,NPL,Canada,CAN,12,153,300,225,1117
Nepal,NPL,Chad,TCD,6,7,8,9,10
Nepal,NPL,China,CHN,9,26,20,26,350
Nepal,NPL,Fiji,FJI,2,2,1,2,2
Nepal,NPL,France,FRA,71,7,4,2,121
Nepal,NPL,Germany,DEU,9,11,17,186,664
Nepal,NPL,Guadeloupe,GLP,1,1,4,8,8
Nepal,NPL,Guinea,GIN,2,2,3,1,2
Nepal,NPL,"Hong Kong SAR, China",HKG,11,3,7,1,25
Nepal,NPL,Hungary,HUN,10,11,10,8,8
Nepal,NPL,India,IND,515785,523992,560061,503422,649166
Nepal,NPL,Indonesia,IDN,516,325,331,401,358
Nepal,NPL,"Iran, Islamic Rep.",IRN,1,2,8,18,15
Nepal,NPL,Italy,ITA,8,10,12,65,196
Nepal,NPL,Japan,JPN,16,264,585,541,3261
Nepal,NPL,Kenya,KEN,59,620,495,350,9
Nepal,NPL,Kuwait,KWT,8,14,14,983,929
Nepal,NPL,Lao PDR,LAO,2,2,2,2,2
Nepal,NPL,Liberia,LBR,5,9,1,1,1
Nepal,NPL,"Macao SAR, China",MAC,5,2,7,8,8
Nepal,NPL,Malaysia,MYS,8,334,1000,3213,1188
Nepal,NPL,Maldives,MDV,49,64,127,170,285
Nepal,NPL,Myanmar,MMR,259,246,176,138,114
Nepal,NPL,Netherlands Antilles,ANT,18,16,14,7,5
Nepal,NPL,New Zealand,NZL,5,18,33,67,336
Nepal,NPL,Niger,NER,3,4,5,4,1
Nepal,NPL,Nigeria,NGA,9,8,49,14,24
Nepal,NPL,Pakistan,PAK,850,66726,53563,42997,34515
Nepal,NPL,Philippines,PHL,190,119,943,174,1066
Nepal,NPL,Saudi Arabia,SAU,167,941,4799,12504,13526
Nepal,NPL,Senegal,SEN,2,2,2,3,3
Nepal,NPL,Singapore,SGP,484,186,186,257,1065
Nepal,NPL,Sri Lanka,LKA,83,145,802,556,479
Nepal,NPL,Sudan,SDN,43,41,53,75,91
Nepal,NPL,Switzerland,CHE,7,5,5,60,285
Nepal,NPL,Syrian Arab Republic,SYR,7,71,52,73,96
Nepal,NPL,Tanzania,TZA,214,199,65,62,67
Nepal,NPL,Thailand,THA,50,101,3144,6243,21350
Nepal,NPL,Togo,TGO,4,6,6,7,7
Nepal,NPL,Uganda,UGA,12,12,11,12,6
Nepal,NPL,United States,USA,75,59,1374,2521,12321
Nepal,NPL,Vietnam,VNM,2,2,26,27,250
Nepal,NPL,Zimbabwe,ZWE,2,3,3,2,2
Netherlands,NLD,Albania,ALB,1,2,2,2,2
Netherlands,NLD,Algeria,DZA,177,69,55,43,34
Netherlands,NLD,Andorra,AND,1,5,42,82,107
Netherlands,NLD,Angola,AGO,954,380,152,166,262
Netherlands,NLD,Antigua and Barbuda,ATG,25,36,26,18,5
Netherlands,NLD,Argentina,ARG,275,1801,3422,948,1012
Netherlands,NLD,Aruba,ABW,1544,1460,1381,2085,3678
Netherlands,NLD,Australia,AUS,97734,115065,92616,92016,82545
Netherlands,NLD,Austria,AUT,8422,6248,4627,4072,5547
Netherlands,NLD,"Bahamas, The",BHS,44,98,64,40,44
Netherlands,NLD,Bahrain,BHR,15,6,22,14,14
Netherlands,NLD,Barbados,BRB,63,32,6,103,118
Netherlands,NLD,Belgium,BEL,49027,62496,68095,65336,92240
Netherlands,NLD,Benin,BEN,9,11,15,19,33
Netherlands,NLD,Bermuda,BMU,21,35,25,32,41
Netherlands,NLD,Bhutan,BTN,4,6,8,10,14
Netherlands,NLD,Bolivia,BOL,108,67,32,5,16
Netherlands,NLD,Bosnia and Herzegovina,BIH,61,62,111,541,426
Netherlands,NLD,Botswana,BWA,11,10,25,182,257
Netherlands,NLD,Brazil,BRA,6241,5055,4738,3511,3495
Netherlands,NLD,Brunei Darussalam,BRN,3,4,271,249,355
Netherlands,NLD,Bulgaria,BGR,12,12,12,12,57
Netherlands,NLD,Burkina Faso,BFA,45,64,121,56,108
Netherlands,NLD,Cambodia,KHM,164,139,2,17,102
Netherlands,NLD,Cameroon,CMR,26,30,24,35,30
Netherlands,NLD,Canada,CAN,131332,132782,136859,154743,115944
Netherlands,NLD,Cape Verde,CPV,7,8,9,10,12
Netherlands,NLD,Cayman Islands,CYM,2,3,11,17,112
Netherlands,NLD,Chad,TCD,2,3,3,3,4
Netherlands,NLD,Chile,CHL,510,503,407,460,641
Netherlands,NLD,China,CHN,7,7,1,35,19
Netherlands,NLD,Colombia,COL,434,454,398,358,287
Netherlands,NLD,"Congo, Dem. Rep.",COD,12737,2991,1296,896,733
Netherlands,NLD,"Congo, Rep.",COG,8,14,5,8,2
Netherlands,NLD,Cook Islands,COK,14,21,25,25,24
Netherlands,NLD,Costa Rica,CRI,3,64,134,240,441
Netherlands,NLD,Cote d'Ivoire,CIV,76,118,151,242,64
Netherlands,NLD,Croatia,HRV,584,594,1063,236,268
Netherlands,NLD,Cuba,CUB,228,206,119,78,110
Netherlands,NLD,Czech Republic,CZE,11,12,13,92,554
Netherlands,NLD,Denmark,DNK,122,1396,1904,2593,4838
Netherlands,NLD,Dominica,DMA,20,11,2,4,6
Netherlands,NLD,Dominican Republic,DOM,777,770,718,704,705
Netherlands,NLD,Ecuador,ECU,15,28,44,47,289
Netherlands,NLD,"Egypt, Arab Rep.",EGY,51,119,194,943,1101
Netherlands,NLD,El Salvador,SLV,56,57,47,40,44
Netherlands,NLD,Ethiopia,ETH,37,35,37,39,41
Netherlands,NLD,Faeroe Islands,FRO,18,24,31,34,7
Netherlands,NLD,Fiji,FJI,409,216,35,11,13
Netherlands,NLD,Finland,FIN,7,33,65,386,702
Netherlands,NLD,France,FRA,16041,5778,17517,21531,27062
Netherlands,NLD,French Guiana,GUF,18,12,23,54,83
Netherlands,NLD,French Polynesia,PYF,13,44,108,104,49
Netherlands,NLD,Gabon,GAB,9,5,6,10,16
Netherlands,NLD,Germany,DEU,68276,99802,110516,96774,112253
Netherlands,NLD,Ghana,GHA,458,212,69,240,411
Netherlands,NLD,Gibraltar,GIB,2,1,4,9,10
Netherlands,NLD,Greece,GRC,159,452,1354,4421,2425
Netherlands,NLD,Grenada,GRD,23,12,2,26,49
Netherlands,NLD,Guadeloupe,GLP,26,5,45,114,103
Netherlands,NLD,Guam,GUM,95,159,2,72,81
Netherlands,NLD,Guatemala,GTM,54,109,82,80,87
Netherlands,NLD,Guinea,GIN,20,30,45,15,17
Netherlands,NLD,Guinea-Bissau,GNB,4,4,5,11,10
Netherlands,NLD,Guyana,GUY,22,13,1,1,2
Netherlands,NLD,Haiti,HTI,14,30,37,51,69
Netherlands,NLD,Honduras,HND,17,8,10,22,66
Netherlands,NLD,Hungary,HUN,1511,1021,836,698,650
Netherlands,NLD,Iceland,ISL,36,50,4,117,153
Netherlands,NLD,India,IND,100,7,21,718,101
Netherlands,NLD,Indonesia,IDN,42,26,27,32,29
Netherlands,NLD,"Iran, Islamic Rep.",IRN,2,3,12,29,25
Netherlands,NLD,Ireland,IRL,579,676,1643,1921,4004
Netherlands,NLD,Israel,ISR,108,128,151,759,1630
Netherlands,NLD,Italy,ITA,10389,16565,17598,16529,9863
Netherlands,NLD,Jamaica,JAM,60,20,76,1,226
Netherlands,NLD,Jordan,JOR,38,69,230,95,197
Netherlands,NLD,Kuwait,KWT,14,72,241,290,274
Netherlands,NLD,Lao PDR,LAO,2,2,2,2,2
Netherlands,NLD,Lebanon,LBN,8,2,3,613,658
Netherlands,NLD,Lesotho,LSO,8,21,34,30,14
Netherlands,NLD,Liberia,LBR,438,256,95,95,90
Netherlands,NLD,Libya,LBY,13,12,30,44,52
Netherlands,NLD,Liechtenstein,LIE,14,25,27,42,48
Netherlands,NLD,Luxembourg,LUX,1425,1706,2279,2907,3271
Netherlands,NLD,"Macedonia, FYR",MKD,107,108,194,444,516
Netherlands,NLD,Malawi,MWI,57,56,125,123,121
Netherlands,NLD,Malaysia,MYS,3,138,414,1329,2752
Netherlands,NLD,Mali,MLI,22,22,21,21,1
Netherlands,NLD,Martinique,MTQ,9,9,13,26,31
Netherlands,NLD,Mauritius,MUS,51,52,49,102,193
Netherlands,NLD,Mexico,MEX,434,453,62,559,784
Netherlands,NLD,"Micronesia, Fed. Sts.",FSM,187,169,89,3,4
Netherlands,NLD,Monaco,MCO,85,88,53,66,78
Netherlands,NLD,Morocco,MAR,23,8,4,4,3
Netherlands,NLD,Mozambique,MOZ,141,146,575,1077,1127
Netherlands,NLD,Myanmar,MMR,9,8,8,11,9
Netherlands,NLD,Namibia,NAM,209,334,536,859,823
Netherlands,NLD,Netherlands Antilles,ANT,6475,5687,4996,5985,7176
Netherlands,NLD,New Caledonia,NCL,75,41,105,78,64
Netherlands,NLD,New Zealand,NZL,17602,20351,22123,26565,22460
Netherlands,NLD,Nicaragua,NIC,44,75,84,90,108
Netherlands,NLD,Niger,NER,212,286,386,291,94
Netherlands,NLD,Nigeria,NGA,1668,961,3458,506,849
Netherlands,NLD,Northern Mariana Islands,MNP,3,4,5,7,18
Netherlands,NLD,Norway,NOR,1115,1688,2587,3313,4195
Netherlands,NLD,Oman,OMN,88,126,293,850,1251
Netherlands,NLD,Pakistan,PAK,7,23,19,15,12
Netherlands,NLD,Panama,PAN,96,94,74,91,112
Netherlands,NLD,Papua New Guinea,PNG,338,832,741,574,431
Netherlands,NLD,Paraguay,PRY,1,4,11,16,45
Netherlands,NLD,Peru,PER,295,433,543,234,191
Netherlands,NLD,Philippines,PHL,15,216,76,100,250
Netherlands,NLD,Poland,POL,118,102,367,634,1030
Netherlands,NLD,Portugal,PRT,97,253,660,1199,3086
Netherlands,NLD,Puerto Rico,PRI,57,168,241,174,2250
Netherlands,NLD,Qatar,QAT,7,10,41,1023,983
Netherlands,NLD,Reunion,REU,18,8,198,264,391
Netherlands,NLD,Romania,ROU,158,136,96,68,284
Netherlands,NLD,Rwanda,RWA,508,30,14,31,33
Netherlands,NLD,Samoa,WSM,1,5,6,5,10
Netherlands,NLD,Saudi Arabia,SAU,4,24,124,323,350
Netherlands,NLD,Senegal,SEN,69,44,47,87,86
Netherlands,NLD,Serbia and Montenegro,SCG,586,596,1067,1099,4067
Netherlands,NLD,Seychelles,SYC,2,36,64,16,23
Netherlands,NLD,Sierra Leone,SLE,10,16,20,19,13
Netherlands,NLD,Singapore,SGP,492,77,255,669,846
Netherlands,NLD,Slovak Republic,SVK,4,5,5,16,33
Netherlands,NLD,Slovenia,SVN,170,172,308,260,2
Netherlands,NLD,Solomon Islands,SLB,6,6,6,11,14
Netherlands,NLD,South Africa,ZAF,29783,29841,29499,17765,8488
Netherlands,NLD,Spain,ESP,3943,6651,11393,14664,18683
Netherlands,NLD,St. Kitts and Nevis,KNA,5,4,4,28,4
Netherlands,NLD,St. Lucia,LCA,20,11,3,40,33
Netherlands,NLD,St. Vincent and the Grenadines,VCT,9,8,7,10,17
Netherlands,NLD,Sudan,SDN,10,10,13,36,43
Netherlands,NLD,Suriname,SUR,9166,6090,4006,5472,7360
Netherlands,NLD,Swaziland,SWZ,31,62,7,58,40
Netherlands,NLD,Sweden,SWE,2075,3003,3067,3712,4483
Netherlands,NLD,Switzerland,CHE,8947,10980,13310,13169,15285
Netherlands,NLD,Syrian Arab Republic,SYR,12,114,83,117,154
Netherlands,NLD,Tanzania,TZA,19,18,19,18,12
Netherlands,NLD,Thailand,THA,31,65,125,203,642
Netherlands,NLD,Togo,TGO,300,430,452,472,486
Netherlands,NLD,Tonga,TON,2,10,32,51,25
Netherlands,NLD,Trinidad and Tobago,TTO,397,324,366,297,165
Netherlands,NLD,Tunisia,TUN,31,111,23,44,41
Netherlands,NLD,Turkey,TUR,556,3352,4945,9800,21772
Netherlands,NLD,United Kingdom,GBR,18968,6412,24334,29850,48037
Netherlands,NLD,United States,USA,123774,130939,115731,107769,106397
Netherlands,NLD,Uruguay,URY,88,73,52,54,109
Netherlands,NLD,Vanuatu,VUT,14,17,12,7,6
Netherlands,NLD,"Venezuela, RB",VEN,304,1151,2411,688,604
Netherlands,NLD,Virgin Islands (U.S.),VIR,18,263,8,227,159
Netherlands,NLD,"Virgin Islands, British",VGB,2,12,15,11,13
Netherlands,NLD,West Bank and Gaza,PSE,63,76,90,118,182
Netherlands,NLD,"Yemen, Rep.",YEM,39,48,60,74,86
Netherlands,NLD,Zambia,ZMB,915,733,1105,178,161
Netherlands,NLD,Zimbabwe,ZWE,1023,1318,1243,1173,1079
Netherlands Antilles,ANT,Angola,AGO,14,6,2,2,4
Netherlands Antilles,ANT,Anguilla,AIA,3,5,8,12,21
Netherlands Antilles,ANT,Antigua and Barbuda,ATG,14,20,31,45,30
Netherlands Antilles,ANT,Aruba,ABW,61,57,54,2985,3477
Netherlands Antilles,ANT,"Bahamas, The",BHS,21,4,10,8,9
Netherlands Antilles,ANT,Barbados,BRB,23,15,10,14,16
Netherlands Antilles,ANT,Bosnia and Herzegovina,BIH,3,3,5,25,20
Netherlands Antilles,ANT,Cameroon,CMR,2,2,2,5,4
Netherlands Antilles,ANT,Canada,CAN,3,31,61,1113,539
Netherlands Antilles,ANT,Colombia,COL,9,21,31,43,173
Netherlands Antilles,ANT,Costa Rica,CRI,121,1,45,43,45
Netherlands Antilles,ANT,Cuba,CUB,96,87,49,30,39
Netherlands Antilles,ANT,Dominica,DMA,7,8,10,82,122
Netherlands Antilles,ANT,Dominican Republic,DOM,648,523,363,220,66
Netherlands Antilles,ANT,Ecuador,ECU,1,3,4,4,15
Netherlands Antilles,ANT,Finland,FIN,17,82,161,16,21
Netherlands Antilles,ANT,France,FRA,9891,989,732,633,16687
Netherlands Antilles,ANT,Grenada,GRD,8,5,1,9,17
Netherlands Antilles,ANT,Guadeloupe,GLP,292,485,1117,2521,2264
Netherlands Antilles,ANT,Haiti,HTI,4,11,13,18,25
Netherlands Antilles,ANT,Honduras,HND,6,3,3,7,4
Netherlands Antilles,ANT,Hungary,HUN,2,11,10,9,8
Netherlands Antilles,ANT,Ireland,IRL,27,34,60,44,8
Netherlands Antilles,ANT,Luxembourg,LUX,9,12,24,140,8
Netherlands Antilles,ANT,"Macedonia, FYR",MKD,5,5,9,128,149
Netherlands Antilles,ANT,Malawi,MWI,56,55,13,13,13
Netherlands Antilles,ANT,Martinique,MTQ,10,3,31,20,24
Netherlands Antilles,ANT,Monaco,MCO,4,3,33,41,48
Netherlands Antilles,ANT,Montserrat,MSR,165,141,93,51,5
Netherlands Antilles,ANT,Namibia,NAM,23,37,59,95,91
Netherlands Antilles,ANT,Netherlands,NLD,2,7451,20623,59438,83538
Netherlands Antilles,ANT,Norway,NOR,11,19,21,26,38
Netherlands Antilles,ANT,Panama,PAN,116,4,19,64,155
Netherlands Antilles,ANT,Puerto Rico,PRI,20,60,86,38,806
Netherlands Antilles,ANT,Reunion,REU,4,3,20,27,40
Netherlands Antilles,ANT,Serbia and Montenegro,SCG,27,27,49,24,88
Netherlands Antilles,ANT,St. Kitts and Nevis,KNA,192,148,141,10,202
Netherlands Antilles,ANT,St. Lucia,LCA,7,4,1,14,8
Netherlands Antilles,ANT,St. Vincent and the Grenadines,VCT,10,9,8,9,15
Netherlands Antilles,ANT,Sudan,SDN,2,2,2,5,6
Netherlands Antilles,ANT,Suriname,SUR,17,11,7,10,13
Netherlands Antilles,ANT,Swaziland,SWZ,13,26,3,3,19
Netherlands Antilles,ANT,Tanzania,TZA,11,10,2,2,5
Netherlands Antilles,ANT,Trinidad and Tobago,TTO,142,84,55,36,59
Netherlands Antilles,ANT,Turks and Caicos Islands,TCA,2,4,11,6,6
Netherlands Antilles,ANT,United Kingdom,GBR,14880,19244,18572,16809,25365
Netherlands Antilles,ANT,United States,USA,740,17,45,4117,2106
Netherlands Antilles,ANT,Uruguay,URY,8,6,5,5,7
Netherlands Antilles,ANT,Virgin Islands (U.S.),VIR,52,201,820,361,127
Netherlands Antilles,ANT,Zambia,ZMB,2,1,784,62,56
Netherlands Antilles,ANT,Zimbabwe,ZWE,12,16,15,14,13
New Caledonia,NCL,American Samoa,ASM,2,2,2,13,18
New Caledonia,NCL,Angola,AGO,10,4,2,2,3
New Caledonia,NCL,Australia,AUS,732,940,876,1151,1061
New Caledonia,NCL,Fiji,FJI,10,44,82,103,120
New Caledonia,NCL,France,FRA,658,66,6806,77,9450
New Caledonia,NCL,French Polynesia,PYF,277,182,99,2465,2934
New Caledonia,NCL,India,IND,3,6,1,84,28
New Caledonia,NCL,Ireland,IRL,25,31,55,68,4
New Caledonia,NCL,"Micronesia, Fed. Sts.",FSM,4,4,3,2,2
New Caledonia,NCL,New Zealand,NZL,52,32,79,13,172
New Caledonia,NCL,Papua New Guinea,PNG,5,13,8,6,5
New Caledonia,NCL,Serbia and Montenegro,SCG,2,2,4,3,10
New Caledonia,NCL,Solomon Islands,SLB,53,58,21,5,184
New Caledonia,NCL,Swaziland,SWZ,9,18,2,2,13
New Caledonia,NCL,United States,USA,12,30,156,188,1213
New Caledonia,NCL,Vanuatu,VUT,51,59,118,179,77
New Caledonia,NCL,Wallis and Futuna,WLF,19,64,215,799,1106
New Zealand,NZL,American Samoa,ASM,115,103,114,239,231
New Zealand,NZL,Angola,AGO,26,10,4,4,7
New Zealand,NZL,Australia,AUS,45855,60518,174094,256718,350498
New Zealand,NZL,Austria,AUT,7,3,140,167,212
New Zealand,NZL,Bangladesh,BGD,8,38,42,46,50
New Zealand,NZL,Belgium,BEL,8,50,54,61,75
New Zealand,NZL,Bhutan,BTN,5,7,9,12,16
New Zealand,NZL,Bosnia and Herzegovina,BIH,5,5,9,44,35
New Zealand,NZL,Brazil,BRA,222,2,22,73,55
New Zealand,NZL,Brunei Darussalam,BRN,1,2,11,119,170
New Zealand,NZL,Bulgaria,BGR,1,1,1,1,7
New Zealand,NZL,Cayman Islands,CYM,1,2,6,25,2
New Zealand,NZL,Chile,CHL,10,3,1,104,140
New Zealand,NZL,China,CHN,133,44,20,70,448
New Zealand,NZL,Colombia,COL,3,8,13,18,42
New Zealand,NZL,"Congo, Dem. Rep.",COD,118,629,390,270,221
New Zealand,NZL,"Congo, Rep.",COG,1,2,5,8,2
New Zealand,NZL,Cook Islands,COK,374,677,1490,1899,2100
New Zealand,NZL,Costa Rica,CRI,3,1,7,9,13
New Zealand,NZL,Croatia,HRV,32,32,58,83,59
New Zealand,NZL,Cyprus,CYP,6,20,34,49,42
New Zealand,NZL,Czech Republic,CZE,1,1,1,9,35
New Zealand,NZL,Dominican Republic,DOM,11,10,9,8,7
New Zealand,NZL,"Egypt, Arab Rep.",EGY,3,9,15,45,117
New Zealand,NZL,El Salvador,SLV,4,2,3,4,2
New Zealand,NZL,Ethiopia,ETH,11,11,11,12,12
New Zealand,NZL,Faeroe Islands,FRO,7,9,13,14,5
New Zealand,NZL,Fiji,FJI,644,993,1440,1226,1428
New Zealand,NZL,Finland,FIN,12,52,101,43,95
New Zealand,NZL,France,FRA,7524,752,352,1978,12694
New Zealand,NZL,French Polynesia,PYF,32,21,10,113,345
New Zealand,NZL,Gabon,GAB,3,4,8,14,21
New Zealand,NZL,Germany,DEU,61,58,95,639,1106
New Zealand,NZL,Greece,GRC,1,4,286,449,210
New Zealand,NZL,Guadeloupe,GLP,1,1,4,9,8
New Zealand,NZL,Guam,GUM,150,1151,12,114,128
New Zealand,NZL,Guatemala,GTM,2,15,2,10,5
New Zealand,NZL,"Hong Kong SAR, China",HKG,376,301,303,145,2745
New Zealand,NZL,Iceland,ISL,3,1,35,91,37
New Zealand,NZL,India,IND,484,146,102,8306,2636
New Zealand,NZL,Indonesia,IDN,98,62,63,77,68
New Zealand,NZL,Ireland,IRL,208,263,467,451,2332
New Zealand,NZL,Israel,ISR,11,13,13,163,373
New Zealand,NZL,Italy,ITA,26,886,10,451,430
New Zealand,NZL,Japan,JPN,4,71,158,1253,3091
New Zealand,NZL,Jordan,JOR,2,1,4,19,63
New Zealand,NZL,Kiribati,KIR,27,44,19,64,35
New Zealand,NZL,"Korea, Dem. Rep.",PRK,4,5,5,13,40
New Zealand,NZL,"Korea, Rep.",KOR,1,14,31,47,1
New Zealand,NZL,Luxembourg,LUX,3,5,18,106,33
New Zealand,NZL,"Macao SAR, China",MAC,12,5,17,19,21
New Zealand,NZL,"Macedonia, FYR",MKD,3,3,5,123,143
New Zealand,NZL,Malaysia,MYS,2,63,190,609,1763
New Zealand,NZL,Marshall Islands,MHL,14,17,21,26,170
New Zealand,NZL,"Micronesia, Fed. Sts.",FSM,294,266,155,36,32
New Zealand,NZL,Monaco,MCO,3,1,25,31,37
New Zealand,NZL,Myanmar,MMR,119,113,67,26,22
New Zealand,NZL,Naura,NRU,3,12,27,38,52
New Zealand,NZL,Netherlands,NLD,2,375,1036,2984,3551
New Zealand,NZL,New Caledonia,NCL,38,202,119,224,384
New Zealand,NZL,Nicaragua,NIC,3,5,5,6,7
New Zealand,NZL,Niger,NER,1,2,2,2,1
New Zealand,NZL,Niue,NIU,49,102,201,224,200
New Zealand,NZL,Northern Mariana Islands,MNP,4,6,8,11,28
New Zealand,NZL,Norway,NOR,57,141,229,270,323
New Zealand,NZL,Pakistan,PAK,89,282,227,182,146
New Zealand,NZL,Papua New Guinea,PNG,590,1455,3260,2526,1897
New Zealand,NZL,Peru,PER,26,58,86,44,36
New Zealand,NZL,Philippines,PHL,37,22,180,149,196
New Zealand,NZL,Poland,POL,1,1,17,32,54
New Zealand,NZL,Samoa,WSM,720,765,1067,888,1803
New Zealand,NZL,Serbia and Montenegro,SCG,48,48,87,60,223
New Zealand,NZL,Singapore,SGP,156,35,117,307,1115
New Zealand,NZL,Solomon Islands,SLB,194,213,172,157,202
New Zealand,NZL,South Africa,ZAF,969,1361,1745,1267,1320
New Zealand,NZL,Swaziland,SWZ,9,18,2,1,4
New Zealand,NZL,Sweden,SWE,32,158,277,506,629
New Zealand,NZL,Switzerland,CHE,23,93,16,160,709
New Zealand,NZL,Thailand,THA,10,191,646,1155,3803
New Zealand,NZL,Timor-Leste,TLS,12,13,13,15,15
New Zealand,NZL,Togo,TGO,2,2,2,3,3
New Zealand,NZL,Tokelau,TKL,22,3,68,99,110
New Zealand,NZL,Tonga,TON,5,18,53,81,40
New Zealand,NZL,Trinidad and Tobago,TTO,6,5,6,5,3
New Zealand,NZL,Turkey,TUR,2,4,5,10,289
New Zealand,NZL,Tuvalu,TUV,17,25,23,22,15
New Zealand,NZL,United Kingdom,GBR,16621,22342,29470,41516,60530
New Zealand,NZL,United States,USA,6127,10650,15132,18826,26771
New Zealand,NZL,Uruguay,URY,3,2,2,2,11
New Zealand,NZL,Vanuatu,VUT,119,139,150,146,90
New Zealand,NZL,Wallis and Futuna,WLF,1,4,15,4,12
New Zealand,NZL,West Bank and Gaza,PSE,1,1,2,2,3
New Zealand,NZL,"Yemen, Rep.",YEM,9,11,13,16,19
New Zealand,NZL,Zimbabwe,ZWE,261,336,317,299,275
Nicaragua,NIC,Antigua and Barbuda,ATG,1,2,3,4,5
Nicaragua,NIC,Australia,AUS,9,31,61,701,690
Nicaragua,NIC,Austria,AUT,3,31,2,7,62
Nicaragua,NIC,"Bahamas, The",BHS,3,11,4,10,11
Nicaragua,NIC,Belgium,BEL,2,14,37,11,14
Nicaragua,NIC,Bermuda,BMU,15,4,12,3,1
Nicaragua,NIC,Bolivia,BOL,2,7,10,49,79
Nicaragua,NIC,Brazil,BRA,660,582,602,327,500
Nicaragua,NIC,Bulgaria,BGR,15,16,16,16,75
Nicaragua,NIC,Cameroon,CMR,6,7,6,18,15
Nicaragua,NIC,Canada,CAN,172,1851,3603,1470,9279
Nicaragua,NIC,Cayman Islands,CYM,22,36,132,324,7
Nicaragua,NIC,Chad,TCD,1,1,1,1,2
Nicaragua,NIC,Chile,CHL,50,57,116,168,234
Nicaragua,NIC,Colombia,COL,247,290,290,305,459
Nicaragua,NIC,Costa Rica,CRI,17823,12633,28054,99006,226582
Nicaragua,NIC,Croatia,HRV,6,6,12,12,2
Nicaragua,NIC,Cuba,CUB,20,18,71,105,290
Nicaragua,NIC,Denmark,DNK,4,5,12,39,121
Nicaragua,NIC,Dominican Republic,DOM,42,149,250,367,506
Nicaragua,NIC,Ecuador,ECU,5,9,14,15,135
Nicaragua,NIC,El Salvador,SLV,2065,1170,1874,2376,5896
Nicaragua,NIC,Fiji,FJI,1,1,1,2,2
Nicaragua,NIC,France,FRA,534,53,40,34,902
Nicaragua,NIC,Germany,DEU,29,22,21,278,163
Nicaragua,NIC,Guatemala,GTM,2,1199,2167,3592,5321
Nicaragua,NIC,Guinea,GIN,3,4,6,2,4
Nicaragua,NIC,Honduras,HND,4165,3355,5700,14661,5713
Nicaragua,NIC,Hungary,HUN,17,79,73,64,61
Nicaragua,NIC,Ireland,IRL,2,3,5,4,20
Nicaragua,NIC,Italy,ITA,10,57,11,15,437
Nicaragua,NIC,Jamaica,JAM,9,140,78,60,13
Nicaragua,NIC,Kenya,KEN,3,12,54,100,1
Nicaragua,NIC,Liberia,LBR,4,2,23,23,22
Nicaragua,NIC,Mexico,MEX,2067,3762,2367,2721,2558
Nicaragua,NIC,Netherlands Antilles,ANT,13,11,10,3,15
Nicaragua,NIC,Nigeria,NGA,6,8,63,21,36
Nicaragua,NIC,Panama,PAN,4501,3279,3013,4985,5008
Nicaragua,NIC,Peru,PER,94,52,10,142,116
Nicaragua,NIC,Puerto Rico,PRI,3,10,14,467,131
Nicaragua,NIC,Serbia and Montenegro,SCG,1,1,3,1,5
Nicaragua,NIC,Slovenia,SVN,2,2,3,4,2
Nicaragua,NIC,Spain,ESP,48,81,138,972,1645
Nicaragua,NIC,Sudan,SDN,6,5,7,17,21
Nicaragua,NIC,Tanzania,TZA,39,37,8,7,18
Nicaragua,NIC,Togo,TGO,3,4,4,4,5
Nicaragua,NIC,Trinidad and Tobago,TTO,23,19,21,17,10
Nicaragua,NIC,United States,USA,10215,19029,49468,181863,229386
Nicaragua,NIC,Uruguay,URY,28,23,17,17,34
Nicaragua,NIC,"Venezuela, RB",VEN,1048,788,1968,2369,1932
Nicaragua,NIC,Virgin Islands (U.S.),VIR,3,1,7,26,24
Niger,NER,Austria,AUT,4,3,5,8,16
Niger,NER,Belgium,BEL,4,5,106,33,33
Niger,NER,Benin,BEN,11834,15376,19978,26283,45137
Niger,NER,Bulgaria,BGR,5,5,5,5,25
Niger,NER,Burkina Faso,BFA,2476,3513,6706,6856,14191
Niger,NER,Cameroon,CMR,1440,1620,1290,23,20
Niger,NER,Canada,CAN,47,265,493,17,209
Niger,NER,Cape Verde,CPV,155,172,190,26,30
Niger,NER,Central African Republic,CAF,9,5,10,302,94
Niger,NER,Chad,TCD,1937,2140,2366,2614,2962
Niger,NER,Cote d'Ivoire,CIV,17447,26974,34591,46894,57705
Niger,NER,Cuba,CUB,1,1,1,2,4
Niger,NER,Djibouti,DJI,2,3,7,11,14
Niger,NER,"Egypt, Arab Rep.",EGY,2,22,44,2,99
Niger,NER,Ethiopia,ETH,161,153,161,170,178
Niger,NER,France,FRA,99,238,2750,2986,167
Niger,NER,Gabon,GAB,43,57,101,182,277
Niger,NER,Germany,DEU,38,22,19,80,458
Niger,NER,Ghana,GHA,19648,19772,3438,4724,6010
Niger,NER,Guadeloupe,GLP,3,3,8,19,17
Niger,NER,Guinea,GIN,66,98,147,309,930
Niger,NER,Guinea-Bissau,GNB,4,4,4,9,9
Niger,NER,Hungary,HUN,9,34,31,27,26
Niger,NER,India,IND,115,471,137,214,235
Niger,NER,Italy,ITA,15,24,102,164,169
Niger,NER,Madagascar,MDG,4,2,8,2,2
Niger,NER,Mali,MLI,4224,4147,4071,3996,5583
Niger,NER,Martinique,MTQ,2,4,5,9,11
Niger,NER,Mauritania,MRT,36,60,101,146,161
Niger,NER,Nigeria,NGA,8171,12738,99837,34660,58115
Niger,NER,Pakistan,PAK,9,29,23,18,15
Niger,NER,Senegal,SEN,543,350,369,688,679
Niger,NER,Sierra Leone,SLE,77,126,156,153,23
Niger,NER,Sudan,SDN,189,181,232,326,394
Niger,NER,Switzerland,CHE,14,4,18,14,47
Niger,NER,Togo,TGO,11518,16468,17324,18095,18643
Niger,NER,Uganda,UGA,8,8,8,8,11
Niger,NER,United Kingdom,GBR,11,41,83,6,433
Niger,NER,United States,USA,103,230,3055,305,6133
Niger,NER,Zimbabwe,ZWE,2,3,2,2,2
Nigeria,NGA,Afghanistan,AFG,7,43,26,10,68
Nigeria,NGA,Angola,AGO,22,9,3,4,6
Nigeria,NGA,Australia,AUS,89,243,710,927,1735
Nigeria,NGA,Austria,AUT,56,39,839,1149,3193
Nigeria,NGA,Bahrain,BHR,2,9,2,2,20
Nigeria,NGA,Bangladesh,BGD,19,93,103,112,123
Nigeria,NGA,Belgium,BEL,49,79,413,515,1001
Nigeria,NGA,Benin,BEN,6966,9051,11760,15471,26569
Nigeria,NGA,Bosnia and Herzegovina,BIH,2,2,3,15,12
Nigeria,NGA,Botswana,BWA,7,6,18,105,442
Nigeria,NGA,Brazil,BRA,53,14,30,94,107
Nigeria,NGA,Bulgaria,BGR,22,23,24,24,110
Nigeria,NGA,Burkina Faso,BFA,1186,1683,3211,8821,4358
Nigeria,NGA,Burundi,BDI,68,54,44,376,302
Nigeria,NGA,Cameroon,CMR,101964,114719,91346,85742,72187
Nigeria,NGA,Canada,CAN,1240,6964,12950,1909,10348
Nigeria,NGA,Cape Verde,CPV,187,207,229,31,36
Nigeria,NGA,Central African Republic,CAF,383,211,456,1071,335
Nigeria,NGA,Chad,TCD,10982,12137,13414,14825,16799
Nigeria,NGA,China,CHN,2,5,2,10,101
Nigeria,NGA,Colombia,COL,1,2,3,4,37
Nigeria,NGA,"Congo, Dem. Rep.",COD,9,40863,25712,17768,14547
Nigeria,NGA,"Congo, Rep.",COG,365,614,95,158,29
Nigeria,NGA,Cote d'Ivoire,CIV,22056,34099,43728,29230,40975
Nigeria,NGA,Cuba,CUB,17,16,19,22,54
Nigeria,NGA,Cyprus,CYP,19,65,111,158,141
Nigeria,NGA,Czech Republic,CZE,2,2,2,14,70
Nigeria,NGA,Denmark,DNK,87,1,193,241,561
Nigeria,NGA,Djibouti,DJI,105,191,385,604,776
Nigeria,NGA,Dominican Republic,DOM,23,30,35,42,52
Nigeria,NGA,"Egypt, Arab Rep.",EGY,15,135,267,10,601
Nigeria,NGA,Equatorial Guinea,GNQ,4,116,709,370,609
Nigeria,NGA,Eritrea,ERI,37,10,812,827,23
Nigeria,NGA,Ethiopia,ETH,7054,6710,7054,7416,7796
Nigeria,NGA,Faeroe Islands,FRO,4,5,6,7,2
Nigeria,NGA,Finland,FIN,2,7,13,88,278
Nigeria,NGA,France,FRA,3892,9329,2152,1919,6567
Nigeria,NGA,Gabon,GAB,1888,2403,4204,7553,11494
Nigeria,NGA,"Gambia, The",GMB,27,219,143,2088,3014
Nigeria,NGA,Germany,DEU,358,1825,3865,2911,15492
Nigeria,NGA,Ghana,GHA,114443,31568,5489,7542,9596
Nigeria,NGA,Greece,GRC,11,168,413,1243,1936
Nigeria,NGA,Guadeloupe,GLP,6,39,65,137,123
Nigeria,NGA,Guinea,GIN,79,118,177,233,651
Nigeria,NGA,Guinea-Bissau,GNB,5,5,5,12,12
Nigeria,NGA,Hungary,HUN,75,274,252,220,209
Nigeria,NGA,India,IND,2608,14050,4185,1249,6095
Nigeria,NGA,Indonesia,IDN,15,10,10,12,11
Nigeria,NGA,Ireland,IRL,236,297,528,645,8200
Nigeria,NGA,Israel,ISR,5,6,8,57,127
Nigeria,NGA,Italy,ITA,214,328,1576,11231,26868
Nigeria,NGA,Japan,JPN,1,22,49,215,1404
Nigeria,NGA,Jordan,JOR,3,29,114,15,26
Nigeria,NGA,Kuwait,KWT,8,107,150,22,21
Nigeria,NGA,Lesotho,LSO,8,5,2,2,16
Nigeria,NGA,Liberia,LBR,504,1620,1698,1698,1615
Nigeria,NGA,Libya,LBY,4,4,10,15,17
Nigeria,NGA,Luxembourg,LUX,5,8,27,162,23
Nigeria,NGA,"Macedonia, FYR",MKD,3,3,5,141,164
Nigeria,NGA,Madagascar,MDG,270,155,366,79,71
Nigeria,NGA,Malawi,MWI,3,3,435,427,420
Nigeria,NGA,Mali,MLI,2228,2187,2147,2107,1618
Nigeria,NGA,Martinique,MTQ,35,59,69,134,161
Nigeria,NGA,Mauritania,MRT,44,73,122,54,60
Nigeria,NGA,Mayotte,MYT,10,21,45,117,233
Nigeria,NGA,Monaco,MCO,5,5,38,47,56
Nigeria,NGA,Myanmar,MMR,18,17,10,4,3
Nigeria,NGA,Namibia,NAM,3,4,7,11,10
Nigeria,NGA,Netherlands,NLD,3,256,706,2034,4097
Nigeria,NGA,Netherlands Antilles,ANT,4,3,3,38,1
Nigeria,NGA,New Zealand,NZL,21,83,147,150,356
Nigeria,NGA,Nicaragua,NIC,4,7,8,9,10
Nigeria,NGA,Niger,NER,9029,12188,16452,21205,24758
Nigeria,NGA,Norway,NOR,11,28,133,311,424
Nigeria,NGA,Oman,OMN,8,12,28,82,121
Nigeria,NGA,Pakistan,PAK,220,694,557,447,359
Nigeria,NGA,Papua New Guinea,PNG,1,3,4,3,3
Nigeria,NGA,Peru,PER,2,3,3,9,7
Nigeria,NGA,Philippines,PHL,7,129,28,55,317
Nigeria,NGA,Poland,POL,2,2,63,124,211
Nigeria,NGA,Sao Tome and Principe,STP,4,4,4,5,4
Nigeria,NGA,Saudi Arabia,SAU,137,771,3931,10243,11081
Nigeria,NGA,Senegal,SEN,701,451,476,887,875
Nigeria,NGA,Serbia and Montenegro,SCG,16,17,30,9,34
Nigeria,NGA,Sierra Leone,SLE,1004,1648,2035,2003,2000
Nigeria,NGA,Somalia,SOM,55,15,1389,1268,44
Nigeria,NGA,South Africa,ZAF,97,358,621,685,6959
Nigeria,NGA,Sudan,SDN,10660,10171,13047,18281,22055
Nigeria,NGA,Swaziland,SWZ,3,5,6,10,16
Nigeria,NGA,Switzerland,CHE,191,52,260,194,1389
Nigeria,NGA,Syrian Arab Republic,SYR,6,56,41,58,76
Nigeria,NGA,Tanzania,TZA,25,23,261,761,192
Nigeria,NGA,Togo,TGO,11732,16772,17645,18431,18989
Nigeria,NGA,Trinidad and Tobago,TTO,13,10,12,9,5
Nigeria,NGA,Tunisia,TUN,9,2,7,13,12
Nigeria,NGA,Turkey,TUR,2,3,4,6,292
Nigeria,NGA,Uganda,UGA,475,474,300,153,643
Nigeria,NGA,United Kingdom,GBR,15725,29796,32060,51154,106221
Nigeria,NGA,United States,USA,3141,5885,31976,69384,141571
Nigeria,NGA,"Venezuela, RB",VEN,5,2,17,10,87
Nigeria,NGA,"Yemen, Rep.",YEM,3,4,5,6,7
Nigeria,NGA,Zambia,ZMB,3,2,1386,161,146
Nigeria,NGA,Zimbabwe,ZWE,1480,1908,1800,1697,1561
Niue,NIU,American Samoa,ASM,3,3,3,35,30
Niue,NIU,Australia,AUS,1,8,5,236,491
Niue,NIU,Fiji,FJI,15,44,77,94,109
Niue,NIU,India,IND,3,6,1,89,30
Niue,NIU,Kiribati,KIR,6,4,3,22,1
Niue,NIU,"Micronesia, Fed. Sts.",FSM,7,6,5,3,4
Niue,NIU,New Zealand,NZL,1395,2895,5355,6332,5341
Niue,NIU,Papua New Guinea,PNG,5,11,11,8,6
Niue,NIU,Samoa,WSM,15,33,31,7,9
Niue,NIU,Solomon Islands,SLB,16,18,36,4,10
Niue,NIU,Tonga,TON,7,23,51,62,25
Niue,NIU,Vanuatu,VUT,7,8,25,7,21
Niue,NIU,"Yemen, Rep.",YEM,1,2,2,2,3
Norfolk Island,NFK,New Zealand,NZL,186,158,50,2,118
Norfolk Island,NFK,United States,USA,2,4,280,24,152
Northern Mariana Islands,MNP,Fiji,FJI,4,61,126,157,183
Northern Mariana Islands,MNP,Guam,GUM,1,8,1169,2023,2186
Northern Mariana Islands,MNP,India,IND,3,6,1,87,29
Northern Mariana Islands,MNP,"Micronesia, Fed. Sts.",FSM,2,2,77,155,167
Northern Mariana Islands,MNP,Palau,PLW,16,22,30,120,214
Northern Mariana Islands,MNP,Papua New Guinea,PNG,1,3,3,2,2
Northern Mariana Islands,MNP,Solomon Islands,SLB,5,5,10,1,3
Northern Mariana Islands,MNP,United States,USA,295,266,2655,4811,7711
Northern Mariana Islands,MNP,Vanuatu,VUT,2,2,7,2,6
Northern Mariana Islands,MNP,Zimbabwe,ZWE,4,6,5,5,5
Norway,NOR,Algeria,DZA,17,7,5,4,3
Norway,NOR,Angola,AGO,29,11,5,5,8
Norway,NOR,Australia,AUS,3083,3661,2830,2534,4284
Norway,NOR,Austria,AUT,2754,423,583,492,794
Norway,NOR,Belgium,BEL,290,928,928,868,1262
Norway,NOR,Benin,BEN,2,2,3,4,6
Norway,NOR,Bermuda,BMU,8,14,11,13,17
Norway,NOR,Bolivia,BOL,6,5,4,67,70
Norway,NOR,Bosnia and Herzegovina,BIH,6,6,11,53,41
Norway,NOR,Brazil,BRA,668,416,613,228,143
Norway,NOR,Bulgaria,BGR,8,8,8,8,39
Norway,NOR,Burkina Faso,BFA,1,2,3,2,3
Norway,NOR,Cameroon,CMR,15,17,13,20,17
Norway,NOR,Canada,CAN,21657,18070,14758,10693,6323
Norway,NOR,Cape Verde,CPV,1,1,2,2,2
Norway,NOR,Chad,TCD,1,1,2,2,2
Norway,NOR,"Congo, Dem. Rep.",COD,486,111,47,33,27
Norway,NOR,Costa Rica,CRI,10,10,9,26,57
Norway,NOR,Cote d'Ivoire,CIV,14,22,28,52,13
Norway,NOR,Czech Republic,CZE,2,2,2,17,98
Norway,NOR,Denmark,DNK,9437,13291,13693,13697,16202
Norway,NOR,Dominican Republic,DOM,2,20,38,58,81
Norway,NOR,Ecuador,ECU,2,3,5,5,81
Norway,NOR,Ethiopia,ETH,1,1,1,1,2
Norway,NOR,Faeroe Islands,FRO,234,311,413,453,216
Norway,NOR,Finland,FIN,525,524,618,943,1048
Norway,NOR,France,FRA,14420,5183,1615,2655,24328
Norway,NOR,Germany,DEU,2912,3252,378,4703,41266
Norway,NOR,Ghana,GHA,5,5,2,5,9
Norway,NOR,Greece,GRC,40,112,469,774,423
Norway,NOR,Greenland,GRL,8,24,29,28,24
Norway,NOR,Guatemala,GTM,3,9,7,6,3
Norway,NOR,Guinea,GIN,4,6,9,3,3
Norway,NOR,Hungary,HUN,927,995,860,733,690
Norway,NOR,Iceland,ISL,307,524,550,712,838
Norway,NOR,Indonesia,IDN,91,57,58,71,63
Norway,NOR,Ireland,IRL,21,26,46,42,520
Norway,NOR,Israel,ISR,12,14,17,84,179
Norway,NOR,Italy,ITA,2296,2116,2232,1725,978
Norway,NOR,Jordan,JOR,11,11,29,6,43
Norway,NOR,Kuwait,KWT,2,9,39,44,41
Norway,NOR,Lao PDR,LAO,3,3,4,4,4
Norway,NOR,Liberia,LBR,25,3,3,3,3
Norway,NOR,Luxembourg,LUX,8,26,137,161,151
Norway,NOR,"Macedonia, FYR",MKD,10,10,19,274,318
Norway,NOR,Malawi,MWI,2,2,4,4,4
Norway,NOR,Mexico,MEX,177,185,18,51,136
Norway,NOR,Monaco,MCO,6,5,48,59,70
Norway,NOR,Mozambique,MOZ,6,3,12,22,23
Norway,NOR,Myanmar,MMR,19,18,18,24,20
Norway,NOR,Namibia,NAM,6,10,17,27,26
Norway,NOR,Netherlands,NLD,927,465,804,1853,2486
Norway,NOR,New Zealand,NZL,444,411,294,391,468
Norway,NOR,Nicaragua,NIC,17,28,32,34,40
Norway,NOR,Niger,NER,45,61,82,62,20
Norway,NOR,Nigeria,NGA,406,230,803,108,182
Norway,NOR,Peru,PER,106,91,73,75,61
Norway,NOR,Philippines,PHL,33,108,167,129,1167
Norway,NOR,Poland,POL,22,19,110,202,336
Norway,NOR,Romania,ROU,318,273,192,137,1
Norway,NOR,Senegal,SEN,2,1,1,2,2
Norway,NOR,Serbia and Montenegro,SCG,57,58,104,72,265
Norway,NOR,Somalia,SOM,3,2,1,2,2
Norway,NOR,South Africa,ZAF,1032,894,740,388,472
Norway,NOR,Spain,ESP,63,106,181,3298,4779
Norway,NOR,Sudan,SDN,12,12,15,48,58
Norway,NOR,Sweden,SWE,36724,45824,42724,53441,42012
Norway,NOR,Switzerland,CHE,850,1433,831,1342,1602
Norway,NOR,Syrian Arab Republic,SYR,2,15,11,15,20
Norway,NOR,Tanzania,TZA,202,188,28,27,131
Norway,NOR,Thailand,THA,68,142,255,407,1274
Norway,NOR,Togo,TGO,64,92,96,101,104
Norway,NOR,Tunisia,TUN,3,29,2,4,4
Norway,NOR,Turkey,TUR,15,27,32,57,3542
Norway,NOR,United Kingdom,GBR,6053,5132,7005,8807,150
Norway,NOR,United States,USA,159303,115124,70899,48649,38323
Norway,NOR,Uruguay,URY,10,8,6,6,12
Norway,NOR,West Bank and Gaza,PSE,7,8,10,13,20
Norway,NOR,"Yemen, Rep.",YEM,4,5,7,8,9
Norway,NOR,Zambia,ZMB,4,3,33,5,5
Norway,NOR,Zimbabwe,ZWE,52,67,63,59,55
Oman,OMN,Algeria,DZA,11,4,3,3,2
Oman,OMN,Australia,AUS,2,3,36,241,360
Oman,OMN,Bahrain,BHR,8018,10802,3514,11126,5500
Oman,OMN,Bangladesh,BGD,4,3,3,4,4
Oman,OMN,Burundi,BDI,66,53,42,2,2
Oman,OMN,Cameroon,CMR,13,14,12,37,31
Oman,OMN,Canada,CAN,6,76,150,17,559
Oman,OMN,Chad,TCD,38,42,47,52,58
Oman,OMN,Djibouti,DJI,1,3,5,8,11
Oman,OMN,"Egypt, Arab Rep.",EGY,244,396,566,645,453
Oman,OMN,Eritrea,ERI,5,8,5,7,2
Oman,OMN,Ethiopia,ETH,2,2,2,2,2
Oman,OMN,Germany,DEU,1,1,2,29,88
Oman,OMN,Hungary,HUN,2,2,2,2,1
Oman,OMN,Indonesia,IDN,8,5,5,6,65
Oman,OMN,"Iran, Islamic Rep.",IRN,9,16,61,146,123
Oman,OMN,Israel,ISR,34,40,40,403,909
Oman,OMN,Italy,ITA,1,1,2,9,40
Oman,OMN,Jordan,JOR,1,42,167,352,628
Oman,OMN,Kenya,KEN,126,1326,1059,749,24
Oman,OMN,Kuwait,KWT,6233,17473,13453,41626,39307
Oman,OMN,Lebanon,LBN,181,160,176,2211,903
Oman,OMN,Libya,LBY,3,37,95,140,167
Oman,OMN,Morocco,MAR,17,5,3,3,2
Oman,OMN,Myanmar,MMR,68,64,33,2,2
Oman,OMN,Pakistan,PAK,3,7,6,5,4
Oman,OMN,Philippines,PHL,3,3,14,2,11
Oman,OMN,Qatar,QAT,174,853,2599,3692,1349
Oman,OMN,Saudi Arabia,SAU,97,547,2791,7272,7867
Oman,OMN,Somalia,SOM,7,11,9,11,3
Oman,OMN,Sudan,SDN,666,636,815,291,352
Oman,OMN,Syrian Arab Republic,SYR,1394,569,537,760,999
Oman,OMN,Tanzania,TZA,104,96,170,164,144
Oman,OMN,Turkey,TUR,173,314,375,678,52
Oman,OMN,Uganda,UGA,25,25,24,27,12
Oman,OMN,United Arab Emirates,ARE,112,3354,36608,67927,116710
Oman,OMN,West Bank and Gaza,PSE,31526,37587,44501,58559,90518
Oman,OMN,"Yemen, Rep.",YEM,2720,3367,4169,5161,6033
Pakistan,PAK,Afghanistan,AFG,22451,23061,18490,13748,14877
Pakistan,PAK,Algeria,DZA,6,2,2,2,1
Pakistan,PAK,Angola,AGO,40,16,6,7,11
Pakistan,PAK,Aruba,ABW,3,3,2,3,5
Pakistan,PAK,Australia,AUS,1137,1240,2437,5748,11745
Pakistan,PAK,Austria,AUT,169,793,945,1417,2338
Pakistan,PAK,Bahrain,BHR,2541,5386,9390,19249,24149
Pakistan,PAK,Bangladesh,BGD,16088,14930,16522,18104,19837
Pakistan,PAK,Belgium,BEL,81,129,1420,1899,1997
Pakistan,PAK,Benin,BEN,7,10,12,16,28
Pakistan,PAK,Bhutan,BTN,4,6,8,11,15
Pakistan,PAK,Bosnia and Herzegovina,BIH,7,7,12,60,47
Pakistan,PAK,Botswana,BWA,2,2,9,140,287
Pakistan,PAK,Brazil,BRA,58,421,115,126,172
Pakistan,PAK,Brunei Darussalam,BRN,76,156,195,381,542
Pakistan,PAK,Bulgaria,BGR,22,23,23,23,107
Pakistan,PAK,Burundi,BDI,38,31,25,5,4
Pakistan,PAK,Cambodia,KHM,224,189,2,23,139
Pakistan,PAK,Canada,CAN,845,11119,21835,19370,81236
Pakistan,PAK,Chad,TCD,50,55,61,67,76
Pakistan,PAK,China,CHN,33,287,235,291,2460
Pakistan,PAK,Colombia,COL,7,11,13,16,34
Pakistan,PAK,"Congo, Dem. Rep.",COD,128,6490,4078,2818,2307
Pakistan,PAK,"Congo, Rep.",COG,12,20,52,86,16
Pakistan,PAK,Cote d'Ivoire,CIV,31,48,61,102,9
Pakistan,PAK,Cuba,CUB,26,23,11,5,3
Pakistan,PAK,Cyprus,CYP,2,7,11,16,236
Pakistan,PAK,Czech Republic,CZE,1,2,2,12,94
Pakistan,PAK,Denmark,DNK,333,308,5922,7545,9917
Pakistan,PAK,Djibouti,DJI,4,6,13,20,26
Pakistan,PAK,Dominican Republic,DOM,18,60,101,148,203
Pakistan,PAK,"Egypt, Arab Rep.",EGY,223,385,564,27,399
Pakistan,PAK,Eritrea,ERI,12,34,51,23,7
Pakistan,PAK,Ethiopia,ETH,117,111,117,123,129
Pakistan,PAK,Fiji,FJI,16,181,368,320,373
Pakistan,PAK,Finland,FIN,12,51,99,138,390
Pakistan,PAK,France,FRA,43945,4394,6210,10825,74137
Pakistan,PAK,Gabon,GAB,28,10,11,15,22
Pakistan,PAK,"Gambia, The",GMB,4,6,41,59,85
Pakistan,PAK,Germany,DEU,925,1477,25532,15717,37323
Pakistan,PAK,Ghana,GHA,52,89,29,100,172
Pakistan,PAK,Gibraltar,GIB,69,3,74,5,57
Pakistan,PAK,Greece,GRC,33,94,614,4720,10694
Pakistan,PAK,Guadeloupe,GLP,1,1,3,8,7
Pakistan,PAK,Guam,GUM,3,22,1,11,14
Pakistan,PAK,Guinea,GIN,13,20,30,8,3
Pakistan,PAK,"Hong Kong SAR, China",HKG,80,2224,4926,1070,20257
Pakistan,PAK,Hungary,HUN,103,121,105,90,85
Pakistan,PAK,India,IND,8662538,8141307,3063529,1866445,1331659
Pakistan,PAK,Indonesia,IDN,5506,3465,1893,752,672
Pakistan,PAK,"Iran, Islamic Rep.",IRN,747,1328,5024,12034,8372
Pakistan,PAK,Iraq,IRQ,464,433,427,555,131
Pakistan,PAK,Ireland,IRL,144,181,323,394,3046
Pakistan,PAK,Israel,ISR,203,241,241,2401,5420
Pakistan,PAK,Italy,ITA,647,978,1419,6447,24846
Pakistan,PAK,Japan,JPN,18,285,631,4767,6029
Pakistan,PAK,Jordan,JOR,157,945,3586,3370,3212
Pakistan,PAK,Kenya,KEN,310,3263,2606,1843,57
Pakistan,PAK,"Korea, Dem. Rep.",PRK,1,30,62,52,218
Pakistan,PAK,Kuwait,KWT,2604,18261,42340,65643,61987
Pakistan,PAK,Lao PDR,LAO,3,3,4,4,4
Pakistan,PAK,Lebanon,LBN,71,158,796,7798,22542
Pakistan,PAK,Lesotho,LSO,12,10,8,83,29
Pakistan,PAK,Liberia,LBR,30,45,8,8,8
Pakistan,PAK,Libya,LBY,6,35,88,130,155
Pakistan,PAK,Luxembourg,LUX,20,31,105,622,76
Pakistan,PAK,"Macao SAR, China",MAC,106,42,153,169,182
Pakistan,PAK,"Macedonia, FYR",MKD,12,12,21,613,712
Pakistan,PAK,Madagascar,MDG,560,322,1796,3327,3007
Pakistan,PAK,Malawi,MWI,112,110,7,7,7
Pakistan,PAK,Malaysia,MYS,1880,23236,15220,5077,10437
Pakistan,PAK,Maldives,MDV,821,831,697,631,592
Pakistan,PAK,Mauritius,MUS,81,83,126,171,922
Pakistan,PAK,Mexico,MEX,67,74,20,20,60
Pakistan,PAK,Monaco,MCO,19,7,145,181,214
Pakistan,PAK,Mongolia,MNG,7,9,11,14,17
Pakistan,PAK,Morocco,MAR,10,3,2,1,1
Pakistan,PAK,Mozambique,MOZ,1851,626,1656,3426,4780
Pakistan,PAK,Myanmar,MMR,9196,8748,6471,5468,3501
Pakistan,PAK,Namibia,NAM,21,33,53,85,82
Pakistan,PAK,Nepal,NPL,2310,3841,5005,554,15925
Pakistan,PAK,Netherlands,NLD,11,930,2568,7394,10421
Pakistan,PAK,Netherlands Antilles,ANT,15,13,12,29,6
Pakistan,PAK,New Zealand,NZL,293,279,401,312,1304
Pakistan,PAK,Nicaragua,NIC,9,14,16,17,21
Pakistan,PAK,Niger,NER,89,121,163,123,39
Pakistan,PAK,Nigeria,NGA,592,402,1854,423,709
Pakistan,PAK,Norway,NOR,40,192,5458,10619,13570
Pakistan,PAK,Oman,OMN,5110,7352,17096,49584,73001
Pakistan,PAK,Papua New Guinea,PNG,11,27,20,16,12
Pakistan,PAK,Peru,PER,8,10,12,29,23
Pakistan,PAK,Philippines,PHL,351,510,1768,458,2037
Pakistan,PAK,Poland,POL,2,2,20,38,65
Pakistan,PAK,Portugal,PRT,29,76,199,323,723
Pakistan,PAK,Puerto Rico,PRI,1,4,6,20,55
Pakistan,PAK,Qatar,QAT,68,842,11777,13021,33685
Pakistan,PAK,Rwanda,RWA,16,87,109,80,281
Pakistan,PAK,Saudi Arabia,SAU,7889,44432,226578,590319,638606
Pakistan,PAK,Senegal,SEN,12,8,8,15,15
Pakistan,PAK,Serbia and Montenegro,SCG,65,66,118,37,136
Pakistan,PAK,Seychelles,SYC,1,13,23,47,61
Pakistan,PAK,Sierra Leone,SLE,27,44,54,53,127
Pakistan,PAK,Singapore,SGP,1463,2038,1909,2432,13233
Pakistan,PAK,Somalia,SOM,18,49,87,35,14
Pakistan,PAK,South Africa,ZAF,167,187,204,131,4197
Pakistan,PAK,Sri Lanka,LKA,1732,475,3871,2684,2310
Pakistan,PAK,Sudan,SDN,107,102,131,446,538
Pakistan,PAK,Swaziland,SWZ,7,15,2,11,15
Pakistan,PAK,Sweden,SWE,11,1001,4450,2129,3066
Pakistan,PAK,Switzerland,CHE,577,698,401,640,2405
Pakistan,PAK,Syrian Arab Republic,SYR,490,4740,3449,4878,6415
Pakistan,PAK,Tanzania,TZA,1867,1730,407,392,587
Pakistan,PAK,Thailand,THA,910,293,816,1419,4622
Pakistan,PAK,Timor-Leste,TLS,7,9,8,9,10
Pakistan,PAK,Togo,TGO,127,181,191,199,205
Pakistan,PAK,Trinidad and Tobago,TTO,10,8,9,7,4
Pakistan,PAK,Tunisia,TUN,13,9,9,18,17
Pakistan,PAK,Turkey,TUR,114,207,247,447,1151
Pakistan,PAK,Uganda,UGA,510,509,329,179,162
Pakistan,PAK,United Arab Emirates,ARE,547,16366,178653,331493,569556
Pakistan,PAK,United Kingdom,GBR,36635,143669,192672,243379,350867
Pakistan,PAK,United States,USA,1970,8798,35058,92839,234081
Pakistan,PAK,Uruguay,URY,4,3,2,2,3
Pakistan,PAK,"Venezuela, RB",VEN,37,3,83,83,11
Pakistan,PAK,Vietnam,VNM,64,52,101,44,332
Pakistan,PAK,West Bank and Gaza,PSE,54,65,77,101,156
Pakistan,PAK,"Yemen, Rep.",YEM,1788,2213,2740,3392,3966
Pakistan,PAK,Zambia,ZMB,24,19,381,57,51
Pakistan,PAK,Zimbabwe,ZWE,99,127,120,113,104
Palau,PLW,American Samoa,ASM,1,3,4,9,13
Palau,PLW,"Congo, Dem. Rep.",COD,2,11,7,5,4
Palau,PLW,Fiji,FJI,7,97,200,250,291
Palau,PLW,Guam,GUM,2,12,713,1235,1336
Palau,PLW,India,IND,4,7,1,108,36
Palau,PLW,Indonesia,IDN,92,58,59,71,64
Palau,PLW,"Micronesia, Fed. Sts.",FSM,3,3,114,230,167
Palau,PLW,Myanmar,MMR,111,106,63,25,20
Palau,PLW,Northern Mariana Islands,MNP,536,724,978,1428,1324
Palau,PLW,Pakistan,PAK,1,4,3,2,2
Palau,PLW,Papua New Guinea,PNG,2,5,4,3,3
Palau,PLW,Philippines,PHL,41,29,168,28,3135
Palau,PLW,Solomon Islands,SLB,7,7,15,2,4
Palau,PLW,Tuvalu,TUV,2,2,2,2,1
Palau,PLW,United States,USA,3807,921,1493,2664,9066
Palau,PLW,Vanuatu,VUT,3,3,10,3,9
Palau,PLW,"Yemen, Rep.",YEM,1,2,2,3,3
Panama,PAN,Antigua and Barbuda,ATG,4,6,9,12,14
Panama,PAN,Argentina,ARG,87,43,2,377,286
Panama,PAN,Australia,AUS,2,6,12,115,136
Panama,PAN,Austria,AUT,2,28,2,6,17
Panama,PAN,"Bahamas, The",BHS,9,43,22,18,20
Panama,PAN,Barbados,BRB,11,5,1,17,20
Panama,PAN,Belgium,BEL,2,12,16,10,13
Panama,PAN,Bermuda,BMU,12,3,10,3,1
Panama,PAN,Bolivia,BOL,3,9,15,68,89
Panama,PAN,Brazil,BRA,1095,371,640,968,559
Panama,PAN,Bulgaria,BGR,2,2,2,2,9
Panama,PAN,Cameroon,CMR,3,4,3,9,8
Panama,PAN,Canada,CAN,139,1487,2895,571,2483
Panama,PAN,Cayman Islands,CYM,3,6,20,59,19
Panama,PAN,Chile,CHL,179,222,28,349,504
Panama,PAN,Colombia,COL,1794,1927,1749,1648,1650
Panama,PAN,Costa Rica,CRI,3032,2425,2929,5477,10279
Panama,PAN,Croatia,HRV,4,4,7,7,1
Panama,PAN,Cuba,CUB,48,43,24,15,18
Panama,PAN,Denmark,DNK,4,4,23,27,35
Panama,PAN,Dominica,DMA,3,4,5,1,2
Panama,PAN,Dominican Republic,DOM,121,291,448,632,852
Panama,PAN,Ecuador,ECU,7,13,20,21,329
Panama,PAN,El Salvador,SLV,310,13,193,325,341
Panama,PAN,France,FRA,513,51,38,33,866
Panama,PAN,Germany,DEU,21,20,14,132,148
Panama,PAN,Grenada,GRD,4,7,11,4,8
Panama,PAN,Guatemala,GTM,1691,237,240,494,187
Panama,PAN,Guyana,GUY,10,29,29,8,1
Panama,PAN,Haiti,HTI,2,5,6,8,11
Panama,PAN,Honduras,HND,245,112,143,311,291
Panama,PAN,Hungary,HUN,13,61,57,49,47
Panama,PAN,Ireland,IRL,2,3,5,4,15
Panama,PAN,Italy,ITA,9,52,10,14,582
Panama,PAN,Jamaica,JAM,27,462,1111,406,38
Panama,PAN,Martinique,MTQ,3,6,6,12,14
Panama,PAN,Mexico,MEX,1150,1229,1738,2151,1663
Panama,PAN,Netherlands Antilles,ANT,36,32,28,8,44
Panama,PAN,Nicaragua,NIC,167,282,316,339,406
Panama,PAN,Peru,PER,289,313,321,296,242
Panama,PAN,Puerto Rico,PRI,106,313,449,1899,377
Panama,PAN,Serbia and Montenegro,SCG,1,1,3,1,5
Panama,PAN,Slovenia,SVN,1,1,2,3,1
Panama,PAN,Spain,ESP,46,78,133,1074,1817
Panama,PAN,St. Lucia,LCA,3,29,56,7,19
Panama,PAN,Sudan,SDN,3,3,4,9,10
Panama,PAN,Tanzania,TZA,20,19,4,4,9
Panama,PAN,Trinidad and Tobago,TTO,67,54,61,50,28
Panama,PAN,United States,USA,13957,23657,92341,129412,146882
Panama,PAN,Uruguay,URY,40,33,24,24,72
Panama,PAN,"Venezuela, RB",VEN,650,972,1236,1468,977
Panama,PAN,Virgin Islands (U.S.),VIR,6,42,16,62,56
Papua New Guinea,PNG,American Samoa,ASM,10,9,10,2,2
Papua New Guinea,PNG,Australia,AUS,3273,6780,18273,22798,23266
Papua New Guinea,PNG,Fiji,FJI,57,267,508,634,739
Papua New Guinea,PNG,French Polynesia,PYF,3,3,3,5,30
Papua New Guinea,PNG,Guam,GUM,13,102,1,10,11
Papua New Guinea,PNG,India,IND,12,24,4,343,115
Papua New Guinea,PNG,Indonesia,IDN,11,7,7,8,8
Papua New Guinea,PNG,Myanmar,MMR,13,12,7,3,2
Papua New Guinea,PNG,New Caledonia,NCL,3,18,15,22,34
Papua New Guinea,PNG,New Zealand,NZL,87,244,288,21,1132
Papua New Guinea,PNG,Pakistan,PAK,4,12,10,8,6
Papua New Guinea,PNG,Philippines,PHL,5,3,20,13,358
Papua New Guinea,PNG,Samoa,WSM,58,123,118,34,57
Papua New Guinea,PNG,Singapore,SGP,69,2,5,14,50
Papua New Guinea,PNG,Solomon Islands,SLB,240,264,80,756,1573
Papua New Guinea,PNG,South Africa,ZAF,14,65,116,3,26
Papua New Guinea,PNG,United States,USA,88,225,1120,1421,9189
Papua New Guinea,PNG,Vanuatu,VUT,119,138,651,48,27
Papua New Guinea,PNG,Zimbabwe,ZWE,3,4,3,3,3
Paraguay,PRY,Argentina,ARG,157030,205465,265190,261080,331688
Paraguay,PRY,Australia,AUS,4,13,28,268,313
Paraguay,PRY,Bolivia,BOL,170,614,971,956,3258
Paraguay,PRY,Brazil,BRA,19887,19736,17523,21251,28828
Paraguay,PRY,Cameroon,CMR,10,11,9,3,3
Paraguay,PRY,Canada,CAN,164,208,257,5211,5140
Paraguay,PRY,Chad,TCD,2,2,2,3,3
Paraguay,PRY,Chile,CHL,206,283,265,638,1197
Paraguay,PRY,Colombia,COL,47,210,366,547,357
Paraguay,PRY,Costa Rica,CRI,12,17,24,37,62
Paraguay,PRY,Denmark,DNK,1,1,25,30,55
Paraguay,PRY,Ecuador,ECU,440,819,1274,1360,383
Paraguay,PRY,El Salvador,SLV,5,26,23,21,20
Paraguay,PRY,French Guiana,GUF,5,17,34,80,122
Paraguay,PRY,Germany,DEU,9,23,28,445,167
Paraguay,PRY,Guyana,GUY,625,363,36,31,70
Paraguay,PRY,Honduras,HND,5,2,3,6,25
Paraguay,PRY,Hungary,HUN,1,7,6,5,5
Paraguay,PRY,Indonesia,IDN,2,1,1,1,1
Paraguay,PRY,Israel,ISR,10,12,11,148,338
Paraguay,PRY,Italy,ITA,10,59,4,16,579
Paraguay,PRY,Japan,JPN,2,30,67,668,1558
Paraguay,PRY,Nicaragua,NIC,5,8,9,10,12
Paraguay,PRY,Peru,PER,99,50,1,204,167
Paraguay,PRY,Senegal,SEN,5,3,4,7,7
Paraguay,PRY,South Africa,ZAF,1,2,3,4,51
Paraguay,PRY,Spain,ESP,13,22,37,131,1705
Paraguay,PRY,Sudan,SDN,1,1,1,13,15
Paraguay,PRY,Suriname,SUR,5,3,2,3,4
Paraguay,PRY,Switzerland,CHE,9,11,6,40,188
Paraguay,PRY,Tanzania,TZA,8,7,3,3,6
Paraguay,PRY,Turkey,TUR,1,2,3,5,8
Paraguay,PRY,United States,USA,636,175,3815,7575,13715
Paraguay,PRY,Uruguay,URY,2322,1924,1389,1353,1448
Paraguay,PRY,"Venezuela, RB",VEN,263,173,412,594,241
Peru,PER,Antigua and Barbuda,ATG,2,3,2,2,4
Peru,PER,Argentina,ARG,1691,4992,8559,16347,91182
Peru,PER,Aruba,ABW,7,6,6,143,940
Peru,PER,Australia,AUS,74,222,489,3667,5503
Peru,PER,Austria,AUT,81,31,279,403,668
Peru,PER,Barbados,BRB,6,15,27,10,11
Peru,PER,Belgium,BEL,65,172,358,342,614
Peru,PER,Bolivia,BOL,12418,8298,4723,5680,8993
Peru,PER,Brazil,BRA,2794,2426,3801,5678,10811
Peru,PER,Bulgaria,BGR,8,8,8,8,39
Peru,PER,Cameroon,CMR,6,7,6,2,2
Peru,PER,Canada,CAN,2625,3329,4114,6810,17757
Peru,PER,Chad,TCD,1,1,2,2,2
Peru,PER,Chile,CHL,3583,3666,4086,7020,35416
Peru,PER,China,CHN,13,66,51,352,2897
Peru,PER,Colombia,COL,1153,1930,2508,3238,4078
Peru,PER,"Congo, Dem. Rep.",COD,15,26,16,11,9
Peru,PER,Costa Rica,CRI,95,361,621,1402,2843
Peru,PER,Cuba,CUB,29,26,14,8,7
Peru,PER,Cyprus,CYP,2,7,12,17,15
Peru,PER,Denmark,DNK,27,31,163,265,559
Peru,PER,Dominican Republic,DOM,71,612,1133,1728,2428
Peru,PER,Ecuador,ECU,602,1121,1744,2555,5090
Peru,PER,"Egypt, Arab Rep.",EGY,3,55,111,31,12
Peru,PER,El Salvador,SLV,59,72,114,144,176
Peru,PER,Finland,FIN,8,32,63,87,189
Peru,PER,French Guiana,GUF,1,5,10,24,37
Peru,PER,French Polynesia,PYF,1,1,1,5,14
Peru,PER,Germany,DEU,540,718,430,2582,5336
Peru,PER,Greece,GRC,16,45,81,6,123
Peru,PER,Guatemala,GTM,193,162,206,142,284
Peru,PER,Guyana,GUY,188,109,11,9,21
Peru,PER,Honduras,HND,127,58,74,161,279
Peru,PER,Hungary,HUN,55,258,238,208,198
Peru,PER,Indonesia,IDN,15,9,10,12,10
Peru,PER,Ireland,IRL,16,20,35,25,137
Peru,PER,Israel,ISR,68,81,77,998,2279
Peru,PER,Italy,ITA,309,1872,118,12672,46851
Peru,PER,Japan,JPN,43,684,1513,7629,43220
Peru,PER,Luxembourg,LUX,2,2,8,50,262
Peru,PER,Mexico,MEX,9,857,2488,2621,3785
Peru,PER,Monaco,MCO,2,4,12,15,17
Peru,PER,Mongolia,MNG,2,2,3,3,4
Peru,PER,Myanmar,MMR,18,17,10,4,3
Peru,PER,Netherlands Antilles,ANT,24,21,19,79,107
Peru,PER,Nicaragua,NIC,84,141,159,170,204
Peru,PER,Nigeria,NGA,7,10,76,26,43
Peru,PER,Norway,NOR,6,40,105,281,560
Peru,PER,Panama,PAN,580,644,1175,1808,2745
Peru,PER,Paraguay,PRY,99,6,50,223,1654
Peru,PER,Philippines,PHL,7,7,28,11,492
Peru,PER,Poland,POL,1,1,32,63,108
Peru,PER,Puerto Rico,PRI,6,16,23,714,219
Peru,PER,Senegal,SEN,5,3,3,6,6
Peru,PER,Serbia and Montenegro,SCG,5,5,9,18,68
Peru,PER,South Africa,ZAF,2,4,6,6,87
Peru,PER,Spain,ESP,1606,2709,4641,3294,43277
Peru,PER,Suriname,SUR,28,18,12,16,22
Peru,PER,Sweden,SWE,17,54,224,192,4481
Peru,PER,Switzerland,CHE,276,346,192,1280,2878
Peru,PER,Tanzania,TZA,5,5,2,2,4
Peru,PER,Togo,TGO,3,5,5,5,5
Peru,PER,Trinidad and Tobago,TTO,39,31,36,29,16
Peru,PER,Turkey,TUR,8,15,18,32,54
Peru,PER,United Kingdom,GBR,1079,61,1183,1507,3345
Peru,PER,United States,USA,7756,29305,67507,162190,285925
Peru,PER,Uruguay,URY,762,631,456,467,506
Peru,PER,"Venezuela, RB",VEN,13096,2114,19099,29592,36375
Peru,PER,West Bank and Gaza,PSE,4,5,5,7,11
Peru,PER,"Yemen, Rep.",YEM,2,2,3,4,4
Philippines,PHL,Albania,ALB,4,4,5,5,6
Philippines,PHL,Algeria,DZA,6,2,2,1,1
Philippines,PHL,American Samoa,ASM,4,19,38,381,666
Philippines,PHL,Aruba,ABW,31,29,27,217,755
Philippines,PHL,Australia,AUS,411,1135,14880,71010,102420
Philippines,PHL,Austria,AUT,176,578,3504,4470,4756
Philippines,PHL,Bahrain,BHR,18,18,3942,6631,10136
Philippines,PHL,Belgium,BEL,87,359,514,892,3187
Philippines,PHL,Bermuda,BMU,4,30,89,237,393
Philippines,PHL,Bhutan,BTN,4,5,7,10,13
Philippines,PHL,Brazil,BRA,53,3,9,318,190
Philippines,PHL,Brunei Darussalam,BRN,310,414,1235,7852,11170
Philippines,PHL,Bulgaria,BGR,8,8,8,8,39
Philippines,PHL,Cambodia,KHM,825,695,9,83,512
Philippines,PHL,Canada,CAN,2423,31892,62629,94814,233010
Philippines,PHL,Chad,TCD,11,12,13,15,17
Philippines,PHL,China,CHN,263,739,1680,2321,17828
Philippines,PHL,Colombia,COL,6,20,32,47,77
Philippines,PHL,Croatia,HRV,1,2,3,48,8
Philippines,PHL,Cuba,CUB,17,15,9,7,11
Philippines,PHL,Cyprus,CYP,13,44,75,107,3273
Philippines,PHL,Czech Republic,CZE,9,10,11,80,34
Philippines,PHL,Denmark,DNK,38,34,960,2141,3904
Philippines,PHL,Dominican Republic,DOM,73,89,101,118,140
Philippines,PHL,"Egypt, Arab Rep.",EGY,198,164,129,24,694
Philippines,PHL,Eritrea,ERI,4,7,4,4,1
Philippines,PHL,Ethiopia,ETH,8,8,8,9,9
Philippines,PHL,Faeroe Islands,FRO,39,52,69,75,88
Philippines,PHL,Fiji,FJI,212,168,138,172,201
Philippines,PHL,Finland,FIN,1,6,11,276,757
Philippines,PHL,France,FRA,4963,496,308,2849,8373
Philippines,PHL,French Polynesia,PYF,4,5,8,35,40
Philippines,PHL,Gabon,GAB,2,2,4,7,11
Philippines,PHL,Germany,DEU,753,986,1517,15153,60903
Philippines,PHL,Ghana,GHA,35,17,6,20,34
Philippines,PHL,Greece,GRC,35,98,490,8894,6225
Philippines,PHL,Greenland,GRL,3,9,11,11,9
Philippines,PHL,Guadeloupe,GLP,12,14,37,86,77
Philippines,PHL,Guam,GUM,7199,28520,19374,24583,32675
Philippines,PHL,Guatemala,GTM,5,13,15,9,41
Philippines,PHL,Haiti,HTI,5,3,4,5,7
Philippines,PHL,Honduras,HND,9,4,5,11,25
Philippines,PHL,"Hong Kong SAR, China",HKG,354,95,26329,51,806
Philippines,PHL,Hungary,HUN,815,955,832,711,671
Philippines,PHL,Indonesia,IDN,7475,4704,4794,5811,5192
Philippines,PHL,"Iran, Islamic Rep.",IRN,32,56,214,512,432
Philippines,PHL,Ireland,IRL,16,20,36,44,4170
Philippines,PHL,Italy,ITA,674,9067,8558,61744,85891
Philippines,PHL,Japan,JPN,455,7521,16641,44533,121274
Philippines,PHL,Jordan,JOR,8,15,50,1408,3794
Philippines,PHL,Kenya,KEN,100,1051,840,594,14
Philippines,PHL,"Korea, Dem. Rep.",PRK,8,77,446,418,1582
Philippines,PHL,"Korea, Rep.",KOR,23,26,124,136,12111
Philippines,PHL,Kuwait,KWT,224,390,388,27552,26017
Philippines,PHL,Lao PDR,LAO,24,25,27,28,27
Philippines,PHL,Lebanon,LBN,5,14,30,2038,12789
Philippines,PHL,Liberia,LBR,6,9,2,2,2
Philippines,PHL,Libya,LBY,5,31,78,115,138
Philippines,PHL,Luxembourg,LUX,2,3,12,70,327
Philippines,PHL,"Macao SAR, China",MAC,158,63,230,1847,5229
Philippines,PHL,"Macedonia, FYR",MKD,1,1,2,69,80
Philippines,PHL,Madagascar,MDG,81,46,12,10,9
Philippines,PHL,Malaysia,MYS,418,14889,48372,168737,175740
Philippines,PHL,Marshall Islands,MHL,98,120,146,179,11
Philippines,PHL,Martinique,MTQ,5,27,22,44,52
Philippines,PHL,Mexico,MEX,530,583,162,163,316
Philippines,PHL,"Micronesia, Fed. Sts.",FSM,180,163,518,887,647
Philippines,PHL,Mongolia,MNG,37,45,55,67,82
Philippines,PHL,Morocco,MAR,9,3,2,1,1
Philippines,PHL,Mozambique,MOZ,1,1,4,23,80
Philippines,PHL,Myanmar,MMR,3751,3568,2556,2003,1651
Philippines,PHL,Namibia,NAM,2,2,4,6,6
Philippines,PHL,Netherlands,NLD,1,450,1244,3584,7123
Philippines,PHL,Netherlands Antilles,ANT,167,146,129,121,63
Philippines,PHL,New Caledonia,NCL,3,34,15,39,72
Philippines,PHL,New Zealand,NZL,32,100,423,1370,9955
Philippines,PHL,Nicaragua,NIC,2,3,4,4,5
Philippines,PHL,Niger,NER,5,6,9,6,2
Philippines,PHL,Nigeria,NGA,15,13,77,22,37
Philippines,PHL,Northern Mariana Islands,MNP,896,1210,1633,13764,15986
Philippines,PHL,Norway,NOR,4,102,855,3601,5820
Philippines,PHL,Oman,OMN,850,1223,2845,8250,12147
Philippines,PHL,Palau,PLW,90,122,165,1494,2887
Philippines,PHL,Panama,PAN,77,54,40,26,453
Philippines,PHL,Papua New Guinea,PNG,7,18,2734,2118,1590
Philippines,PHL,Peru,PER,49,30,11,299,244
Philippines,PHL,Poland,POL,12,10,23,37,57
Philippines,PHL,Puerto Rico,PRI,74,220,315,221,225
Philippines,PHL,Qatar,QAT,5,77,445,3403,19110
Philippines,PHL,Saudi Arabia,SAU,4569,25733,131223,341884,369850
Philippines,PHL,Senegal,SEN,2,2,2,3,3
Philippines,PHL,Serbia and Montenegro,SCG,7,7,13,4,15
Philippines,PHL,Singapore,SGP,202,8319,4882,747,18793
Philippines,PHL,Solomon Islands,SLB,33,36,86,71,211
Philippines,PHL,Somalia,SOM,5,10,7,7,2
Philippines,PHL,South Africa,ZAF,58,56,54,1,633
Philippines,PHL,Sudan,SDN,73,70,89,114,138
Philippines,PHL,Sweden,SWE,2,112,497,1005,5399
Philippines,PHL,Switzerland,CHE,601,495,417,1175,5211
Philippines,PHL,Syrian Arab Republic,SYR,207,1996,1452,2054,2701
Philippines,PHL,Tanzania,TZA,81,75,97,93,114
Philippines,PHL,Thailand,THA,730,1468,1021,950,2000
Philippines,PHL,Timor-Leste,TLS,133,154,143,166,172
Philippines,PHL,Togo,TGO,7,10,10,11,11
Philippines,PHL,Trinidad and Tobago,TTO,40,32,37,30,16
Philippines,PHL,Tunisia,TUN,11,1,8,16,15
Philippines,PHL,Turkey,TUR,2,4,5,10,582
Philippines,PHL,Uganda,UGA,20,20,19,21,10
Philippines,PHL,United Arab Emirates,ARE,7,224,2441,4530,7783
Philippines,PHL,United Kingdom,GBR,628,143,12179,22325,16
Philippines,PHL,United States,USA,111801,246767,590421,1059379,1505820
Philippines,PHL,Uruguay,URY,5,4,3,3,14
Philippines,PHL,Vanuatu,VUT,68,79,44,33,9
Philippines,PHL,"Venezuela, RB",VEN,34,5,75,76,138
Philippines,PHL,Vietnam,VNM,15,45,292,647,2165
Philippines,PHL,West Bank and Gaza,PSE,1,1,2,2,3
Philippines,PHL,"Yemen, Rep.",YEM,38,47,59,73,85
Philippines,PHL,Zambia,ZMB,4,3,59,9,8
Philippines,PHL,Zimbabwe,ZWE,27,34,32,30,28
Poland,POL,Albania,ALB,19,21,23,25,29
Poland,POL,Algeria,DZA,77,30,24,19,15
Poland,POL,Angola,AGO,194,77,31,34,53
Poland,POL,Argentina,ARG,113735,83162,57336,32988,14469
Poland,POL,Australia,AUS,57514,71265,57320,66643,57567
Poland,POL,Austria,AUT,6257,3421,15032,28401,30833
Poland,POL,"Bahamas, The",BHS,1,2,9,13,15
Poland,POL,Belarus,BLR,538881,382600,403169,417720,291909
Poland,POL,Belgium,BEL,31345,18747,8308,5335,7205
Poland,POL,Benin,BEN,4,5,6,8,14
Poland,POL,Bermuda,BMU,63,108,78,98,124
Poland,POL,Bolivia,BOL,1476,834,286,171,169
Poland,POL,Bosnia and Herzegovina,BIH,199,202,362,1768,1392
Poland,POL,Botswana,BWA,1,1,14,109,117
Poland,POL,Brazil,BRA,31040,29600,23393,13136,7449
Poland,POL,Bulgaria,BGR,369,385,394,391,1816
Poland,POL,Burkina Faso,BFA,26,37,71,31,63
Poland,POL,Burundi,BDI,82,66,53,1,1
Poland,POL,Cambodia,KHM,224,189,2,23,139
Poland,POL,Cameroon,CMR,280,315,251,373,314
Poland,POL,Canada,CAN,166767,155413,146847,180870,177013
Poland,POL,Cape Verde,CPV,9,10,11,13,15
Poland,POL,Chad,TCD,25,28,31,34,38
Poland,POL,Chile,CHL,1521,960,635,463,435
Poland,POL,China,CHN,62,54,4,49,54
Poland,POL,Colombia,COL,708,681,531,400,260
Poland,POL,"Congo, Dem. Rep.",COD,904,198,83,57,47
Poland,POL,Costa Rica,CRI,395,32,210,207,227
Poland,POL,Cote d'Ivoire,CIV,32,49,63,24,20
Poland,POL,Croatia,HRV,829,843,1509,728,3139
Poland,POL,Cuba,CUB,488,442,206,85,3
Poland,POL,Cyprus,CYP,137,345,552,765,329
Poland,POL,Czech Republic,CZE,3032,3350,3703,26174,24924
Poland,POL,Denmark,DNK,3594,5836,5760,8777,10467
Poland,POL,Dominican Republic,DOM,17,146,271,412,579
Poland,POL,Ecuador,ECU,136,253,394,421,199
Poland,POL,"Egypt, Arab Rep.",EGY,22,70,122,127,420
Poland,POL,El Salvador,SLV,147,7,9,10,6
Poland,POL,Eritrea,ERI,3,3,3,5,4
Poland,POL,Estonia,EST,2256,2651,2897,3008,500
Poland,POL,Ethiopia,ETH,2,2,2,3,3
Poland,POL,Faeroe Islands,FRO,57,75,100,110,202
Poland,POL,Fiji,FJI,223,118,19,6,7
Poland,POL,Finland,FIN,249,1028,1983,1143,1366
Poland,POL,France,FRA,474428,280117,163788,139231,800387
Poland,POL,French Guiana,GUF,6,24,48,111,169
Poland,POL,Germany,DEU,2226485,2325732,2338469,1790828,1999975
Poland,POL,Ghana,GHA,198,445,144,504,865
Poland,POL,Greece,GRC,166,468,865,23772,12332
Poland,POL,Greenland,GRL,2,6,7,7,6
Poland,POL,Guam,GUM,52,86,1,39,44
Poland,POL,Guatemala,GTM,29,75,57,53,27
Poland,POL,Guinea,GIN,14,21,32,11,13
Poland,POL,Guinea-Bissau,GNB,9,9,10,22,21
Poland,POL,Guyana,GUY,193,112,11,10,22
Poland,POL,Honduras,HND,17,8,10,22,3
Poland,POL,"Hong Kong SAR, China",HKG,174,433,8,513,537
Poland,POL,Hungary,HUN,24746,12854,10055,8227,7582
Poland,POL,Iceland,ISL,41,13,133,276,1493
Poland,POL,Indonesia,IDN,4,2,2,3,3
Poland,POL,Ireland,IRL,212,268,476,209,2606
Poland,POL,Israel,ISR,176518,209745,175609,121526,89706
Poland,POL,Italy,ITA,10827,10580,10908,23465,43300
Poland,POL,Jordan,JOR,8,11,35,54,81
Poland,POL,Kazakhstan,KAZ,53102,61445,61136,59956,47273
Poland,POL,Kenya,KEN,3,174,124,68,16
Poland,POL,"Korea, Dem. Rep.",PRK,2,6,1,9,5
Poland,POL,"Korea, Rep.",KOR,3,24,67,89,2
Poland,POL,Kuwait,KWT,2,11,74,75,71
Poland,POL,Latvia,LVA,59774,63045,62690,60416,1605
Poland,POL,Lebanon,LBN,11,1324,611,412,2274
Poland,POL,Lesotho,LSO,12,31,50,42,22
Poland,POL,Liberia,LBR,25,3,3,3,3
Poland,POL,Libya,LBY,6,143,363,535,640
Poland,POL,Lithuania,LTU,230107,240203,247022,257994,3918
Poland,POL,Luxembourg,LUX,783,719,644,679,1003
Poland,POL,"Macao SAR, China",MAC,5,2,8,9,9
Poland,POL,"Macedonia, FYR",MKD,343,349,625,7117,8269
Poland,POL,Malawi,MWI,12,11,25,25,25
Poland,POL,Mauritius,MUS,5,5,1,9,17
Poland,POL,Mexico,MEX,4296,2449,2515,1483,968
Poland,POL,"Micronesia, Fed. Sts.",FSM,102,92,48,1,2
Poland,POL,Moldova,MDA,4783,4899,4961,4739,3886
Poland,POL,Monaco,MCO,207,42,1569,1955,2306
Poland,POL,Morocco,MAR,10,3,2,2,1
Poland,POL,Mozambique,MOZ,2,12,51,96,100
Poland,POL,Namibia,NAM,29,46,74,119,114
Poland,POL,Netherlands,NLD,5919,2729,4472,9926,17635
Poland,POL,Netherlands Antilles,ANT,1,1,1,2,11
Poland,POL,New Caledonia,NCL,13,22,15,22,35
Poland,POL,New Zealand,NZL,2111,2025,1881,2216,1966
Poland,POL,Nicaragua,NIC,8,13,14,15,19
Poland,POL,Niger,NER,21,28,38,29,9
Poland,POL,Nigeria,NGA,66,44,204,46,78
Poland,POL,Northern Mariana Islands,MNP,1,2,3,4,10
Poland,POL,Norway,NOR,1022,1192,1646,4427,5860
Poland,POL,Panama,PAN,162,107,77,85,84
Poland,POL,Papua New Guinea,PNG,35,87,77,60,45
Poland,POL,Paraguay,PRY,467,1395,1034,655,358
Poland,POL,Peru,PER,546,740,889,257,210
Poland,POL,Philippines,PHL,2,6,7,15,75
Poland,POL,Portugal,PRT,16,41,108,152,449
Poland,POL,Puerto Rico,PRI,1,4,6,4,54
Poland,POL,Qatar,QAT,10,7071,9032,688,3399
Poland,POL,Romania,ROU,2055,1763,1244,887,1211
Poland,POL,Russian Federation,RUS,118422,107084,99733,94594,442389
Poland,POL,Senegal,SEN,136,88,93,173,170
Poland,POL,Serbia and Montenegro,SCG,1929,1961,3510,2425,8976
Poland,POL,Sierra Leone,SLE,40,66,81,80,28
Poland,POL,Singapore,SGP,157,22,73,190,269
Poland,POL,Slovak Republic,SVK,1200,1326,1466,4524,3442
Poland,POL,Slovenia,SVN,105,106,191,90,550
Poland,POL,Somalia,SOM,5,4,5,8,8
Poland,POL,South Africa,ZAF,4379,4192,3943,3942,4160
Poland,POL,Spain,ESP,2133,3597,6162,2225,13253
Poland,POL,Sudan,SDN,45,43,56,184,222
Poland,POL,Suriname,SUR,6,4,3,4,5
Poland,POL,Swaziland,SWZ,6,13,1,12,8
Poland,POL,Sweden,SWE,6257,11568,19902,33054,39685
Poland,POL,Switzerland,CHE,3672,1018,4649,5713,4900
Poland,POL,Syrian Arab Republic,SYR,2,17,13,18,23
Poland,POL,Tanzania,TZA,378,351,111,107,244
Poland,POL,Thailand,THA,3,6,16,28,93
Poland,POL,Togo,TGO,30,43,45,47,48
Poland,POL,Trinidad and Tobago,TTO,10,8,9,7,4
Poland,POL,Tunisia,TUN,13,108,10,19,18
Poland,POL,Turkey,TUR,495,2519,3660,7211,3456
Poland,POL,Ukraine,UKR,363297,295107,258309,219179,214578
Poland,POL,United Kingdom,GBR,146451,120478,95661,75006,207480
Poland,POL,United States,USA,780612,648999,454279,421431,490599
Poland,POL,Uruguay,URY,8487,7032,5076,3261,1411
Poland,POL,Vanuatu,VUT,8,9,7,4,3
Poland,POL,"Venezuela, RB",VEN,29,2000,3747,65,778
Poland,POL,West Bank and Gaza,PSE,875,1044,1236,1626,2514
Poland,POL,"Yemen, Rep.",YEM,529,655,810,1003,1173
Poland,POL,Zambia,ZMB,918,735,225,36,33
Poland,POL,Zimbabwe,ZWE,388,500,472,445,409
Portugal,PRT,Algeria,DZA,408,160,126,99,78
Portugal,PRT,Andorra,AND,9,47,1257,6043,8513
Portugal,PRT,Angola,AGO,36823,14675,5848,6421,10113
Portugal,PRT,Antigua and Barbuda,ATG,4,6,17,29,19
Portugal,PRT,Argentina,ARG,30594,24930,20676,14459,9019
Portugal,PRT,Aruba,ABW,190,180,170,181,189
Portugal,PRT,Australia,AUS,957,2561,11348,17421,15296
Portugal,PRT,Austria,AUT,2663,6100,876,367,1341
Portugal,PRT,Barbados,BRB,11,6,1,18,20
Portugal,PRT,Belgium,BEL,1437,7348,12195,17662,26651
Portugal,PRT,Benin,BEN,6,7,10,13,22
Portugal,PRT,Bermuda,BMU,1049,2311,1761,2148,1740
Portugal,PRT,Bolivia,BOL,78,1016,1775,227,40
Portugal,PRT,Bosnia and Herzegovina,BIH,35,35,63,308,242
Portugal,PRT,Botswana,BWA,136,121,40,132,328
Portugal,PRT,Brazil,BRA,486914,429297,389006,273088,212917
Portugal,PRT,Bulgaria,BGR,6,6,6,6,30
Portugal,PRT,Burkina Faso,BFA,28,40,76,34,67
Portugal,PRT,Cambodia,KHM,165,139,2,17,102
Portugal,PRT,Cameroon,CMR,22,25,20,30,25
Portugal,PRT,Canada,CAN,14097,72928,134473,161005,151562
Portugal,PRT,Cape Verde,CPV,1079,1192,1318,1558,1810
Portugal,PRT,Central African Republic,CAF,141,78,167,129,40
Portugal,PRT,Chad,TCD,2,2,2,3,3
Portugal,PRT,Chile,CHL,186,110,99,127,246
Portugal,PRT,China,CHN,561,316,99,402,858
Portugal,PRT,Colombia,COL,294,509,672,877,448
Portugal,PRT,"Congo, Dem. Rep.",COD,41614,10398,4630,3200,2620
Portugal,PRT,"Congo, Rep.",COG,28,47,236,392,72
Portugal,PRT,Costa Rica,CRI,13,9,25,36,58
Portugal,PRT,Cote d'Ivoire,CIV,50,77,99,205,48
Portugal,PRT,Cuba,CUB,157,142,70,33,19
Portugal,PRT,Denmark,DNK,633,252,349,479,672
Portugal,PRT,Dominican Republic,DOM,124,142,152,171,196
Portugal,PRT,Ecuador,ECU,845,1573,2448,2613,702
Portugal,PRT,El Salvador,SLV,42,17,11,6,14
Portugal,PRT,Equatorial Guinea,GNQ,310,149,9,5,8
Portugal,PRT,Ethiopia,ETH,133,127,133,140,147
Portugal,PRT,Finland,FIN,37,175,343,119,177
Portugal,PRT,France,FRA,83587,306809,633769,609339,141016
Portugal,PRT,French Guiana,GUF,39,152,303,704,1074
Portugal,PRT,Gabon,GAB,31,16,22,34,52
Portugal,PRT,"Gambia, The",GMB,3,6,47,66,96
Portugal,PRT,Germany,DEU,9535,53044,109623,72350,138240
Portugal,PRT,Ghana,GHA,111,104,34,118,203
Portugal,PRT,Gibraltar,GIB,77,246,171,59,51
Portugal,PRT,Greece,GRC,489,1390,2040,765,254
Portugal,PRT,Guadeloupe,GLP,4,54,85,177,159
Portugal,PRT,Guatemala,GTM,18,7,14,8,17
Portugal,PRT,Guinea,GIN,13,20,30,50,147
Portugal,PRT,Guinea-Bissau,GNB,117,123,129,293,282
Portugal,PRT,Guyana,GUY,1201,698,69,59,135
Portugal,PRT,Haiti,HTI,2,5,6,9,12
Portugal,PRT,Honduras,HND,10,4,6,12,7
Portugal,PRT,"Hong Kong SAR, China",HKG,1561,2163,69,2564,2681
Portugal,PRT,Hungary,HUN,142,93,76,63,59
Portugal,PRT,Iceland,ISL,7,10,23,59,98
Portugal,PRT,India,IND,111,345,293,441,298
Portugal,PRT,Indonesia,IDN,15,9,9,11,10
Portugal,PRT,Ireland,IRL,25,31,55,126,618
Portugal,PRT,Italy,ITA,32154,31526,32463,7167,5262
Portugal,PRT,Japan,JPN,28,452,1000,275,7147
Portugal,PRT,Jordan,JOR,3,2,2,2,11
Portugal,PRT,"Korea, Dem. Rep.",PRK,18,33,26,72,76
Portugal,PRT,"Korea, Rep.",KOR,20,177,490,650,15
Portugal,PRT,Lesotho,LSO,4,14,24,23,8
Portugal,PRT,Liberia,LBR,90,12,11,11,10
Portugal,PRT,Libya,LBY,31,10,25,37,45
Portugal,PRT,Luxembourg,LUX,49,5383,22817,28785,41352
Portugal,PRT,"Macao SAR, China",MAC,670,269,973,3407,1591
Portugal,PRT,"Macedonia, FYR",MKD,60,61,109,1129,1312
Portugal,PRT,Madagascar,MDG,5,3,29,170,153
Portugal,PRT,Malawi,MWI,72,71,160,157,154
Portugal,PRT,Martinique,MTQ,5,33,26,50,60
Portugal,PRT,Mauritius,MUS,112,115,20,227,428
Portugal,PRT,Mexico,MEX,520,544,51,142,278
Portugal,PRT,Monaco,MCO,36,42,276,344,406
Portugal,PRT,Mongolia,MNG,1,1,2,2,3
Portugal,PRT,Morocco,MAR,4533,1457,818,693,634
Portugal,PRT,Myanmar,MMR,3,3,3,4,3
Portugal,PRT,Namibia,NAM,455,730,1170,1876,1796
Portugal,PRT,Netherlands,NLD,5452,2377,3741,8054,10385
Portugal,PRT,Netherlands Antilles,ANT,1623,1425,1252,1186,1032
Portugal,PRT,New Caledonia,NCL,2,3,2,3,5
Portugal,PRT,New Zealand,NZL,9,34,88,94,137
Portugal,PRT,Nicaragua,NIC,5,9,10,11,13
Portugal,PRT,Niger,NER,179,241,325,242,70
Portugal,PRT,Nigeria,NGA,558,373,1690,376,631
Portugal,PRT,Norway,NOR,27,160,404,608,723
Portugal,PRT,Pakistan,PAK,12,37,29,24,19
Portugal,PRT,Panama,PAN,108,165,193,193,141
Portugal,PRT,Paraguay,PRY,34,102,654,953,43
Portugal,PRT,Peru,PER,127,257,368,172,141
Portugal,PRT,Philippines,PHL,5,77,27,31,89
Portugal,PRT,Poland,POL,10,8,24,40,64
Portugal,PRT,Puerto Rico,PRI,10,29,41,28,385
Portugal,PRT,Romania,ROU,127,109,77,55,115
Portugal,PRT,Rwanda,RWA,226,45,47,53,109
Portugal,PRT,Sao Tome and Principe,STP,275,262,249,274,261
Portugal,PRT,Senegal,SEN,34,22,23,43,43
Portugal,PRT,Serbia and Montenegro,SCG,336,341,611,421,1557
Portugal,PRT,Seychelles,SYC,5,79,141,6,22
Portugal,PRT,Sierra Leone,SLE,5,8,10,10,6
Portugal,PRT,Singapore,SGP,72,13,42,111,124
Portugal,PRT,South Africa,ZAF,7699,26283,45025,27679,19132
Portugal,PRT,Spain,ESP,14105,23791,40754,41732,45479
Portugal,PRT,St. Vincent and the Grenadines,VCT,2,1,1,2,3
Portugal,PRT,Sudan,SDN,18,17,22,59,71
Portugal,PRT,Swaziland,SWZ,313,623,73,586,404
Portugal,PRT,Sweden,SWE,77,1620,2253,2528,2487
Portugal,PRT,Switzerland,CHE,10845,3962,27261,93373,148832
Portugal,PRT,Tanzania,TZA,17,16,30,29,10
Portugal,PRT,Thailand,THA,11,23,44,72,226
Portugal,PRT,Timor-Leste,TLS,57,67,62,72,74
Portugal,PRT,Togo,TGO,254,363,381,398,410
Portugal,PRT,Trinidad and Tobago,TTO,68,55,63,51,28
Portugal,PRT,Tunisia,TUN,71,10,52,101,96
Portugal,PRT,United Kingdom,GBR,3470,28388,16903,20042,3338
Portugal,PRT,United States,USA,84417,142208,229168,235097,212370
Portugal,PRT,Uruguay,URY,2324,1926,1390,1065,678
Portugal,PRT,"Venezuela, RB",VEN,40463,58242,83376,72727,54250
Portugal,PRT,Virgin Islands (U.S.),VIR,3,42,1,37,26
Portugal,PRT,Zambia,ZMB,1081,867,1405,226,204
Portugal,PRT,Zimbabwe,ZWE,2478,3194,3012,2841,2613
Puerto Rico,PRI,Anguilla,AIA,6,10,15,23,39
Puerto Rico,PRI,Antigua and Barbuda,ATG,12,17,23,31,32
Puerto Rico,PRI,Aruba,ABW,57,54,51,24,33
Puerto Rico,PRI,"Bahamas, The",BHS,37,29,22,13,15
Puerto Rico,PRI,Barbados,BRB,42,28,18,26,30
Puerto Rico,PRI,Bermuda,BMU,173,649,578,45,14
Puerto Rico,PRI,Bolivia,BOL,1,3,5,24,39
Puerto Rico,PRI,Cameroon,CMR,36,40,32,107,90
Puerto Rico,PRI,Canada,CAN,1837,19669,38275,283,282
Puerto Rico,PRI,Chad,TCD,6,7,8,9,10
Puerto Rico,PRI,Chile,CHL,30,60,9,121,180
Puerto Rico,PRI,Colombia,COL,15,100,184,280,442
Puerto Rico,PRI,Costa Rica,CRI,4,5,120,169,268
Puerto Rico,PRI,Cuba,CUB,182,165,105,78,132
Puerto Rico,PRI,Dominica,DMA,13,9,6,10,15
Puerto Rico,PRI,Dominican Republic,DOM,3756,5393,6763,8527,10690
Puerto Rico,PRI,Ecuador,ECU,2,4,7,7,170
Puerto Rico,PRI,French Guiana,GUF,2,6,12,27,41
Puerto Rico,PRI,Ghana,GHA,35,4,1,5,8
Puerto Rico,PRI,Greenland,GRL,5,13,16,15,13
Puerto Rico,PRI,Grenada,GRD,15,9,2,17,32
Puerto Rico,PRI,Guadeloupe,GLP,54,90,206,465,418
Puerto Rico,PRI,Guatemala,GTM,81,84,73,70,64
Puerto Rico,PRI,Guinea-Bissau,GNB,4,5,5,11,11
Puerto Rico,PRI,Haiti,HTI,18,20,25,34,46
Puerto Rico,PRI,Honduras,HND,24,11,14,31,94
Puerto Rico,PRI,India,IND,26,38,2,64,59
Puerto Rico,PRI,Indonesia,IDN,2,1,1,2,1
Puerto Rico,PRI,Kenya,KEN,15,67,314,584,7
Puerto Rico,PRI,Martinique,MTQ,3,7,59,14,17
Puerto Rico,PRI,Mexico,MEX,822,385,20,1221,2003
Puerto Rico,PRI,Netherlands Antilles,ANT,158,139,122,172,80
Puerto Rico,PRI,Nicaragua,NIC,20,34,39,42,50
Puerto Rico,PRI,Pakistan,PAK,1,5,4,3,2
Puerto Rico,PRI,Panama,PAN,366,365,363,302,343
Puerto Rico,PRI,Peru,PER,19,13,6,112,92
Puerto Rico,PRI,St. Kitts and Nevis,KNA,5,4,4,19,63
Puerto Rico,PRI,St. Lucia,LCA,13,9,4,27,23
Puerto Rico,PRI,St. Vincent and the Grenadines,VCT,19,17,16,18,28
Puerto Rico,PRI,Sudan,SDN,33,31,40,100,120
Puerto Rico,PRI,Tanzania,TZA,231,214,45,43,106
Puerto Rico,PRI,Trinidad and Tobago,TTO,264,157,104,68,109
Puerto Rico,PRI,Turks and Caicos Islands,TCA,3,8,21,11,12
Puerto Rico,PRI,United Kingdom,GBR,16,21,21,19,28
Puerto Rico,PRI,United States,USA,657479,941566,1106839,1437657,1455095
Puerto Rico,PRI,Uruguay,URY,13,11,8,8,30
Puerto Rico,PRI,"Venezuela, RB",VEN,403,1250,1084,910,534
Puerto Rico,PRI,Virgin Islands (U.S.),VIR,4017,587,5218,676,4345
Puerto Rico,PRI,"Virgin Islands, British",VGB,1,7,9,31,34
Qatar,QAT,Algeria,DZA,14,5,4,3,3
Qatar,QAT,Australia,AUS,1,2,25,172,256
Qatar,QAT,Bahrain,BHR,265,146,63,215,74
Qatar,QAT,Bulgaria,BGR,2,2,2,2,9
Qatar,QAT,Canada,CAN,11,148,291,35,1083
Qatar,QAT,"Egypt, Arab Rep.",EGY,296,615,967,782,303
Qatar,QAT,Ethiopia,ETH,2,2,2,2,2
Qatar,QAT,Indonesia,IDN,12,8,8,9,100
Qatar,QAT,Libya,LBY,3,45,115,169,202
Qatar,QAT,Morocco,MAR,20,7,4,3,3
Qatar,QAT,Myanmar,MMR,105,100,52,3,3
Qatar,QAT,Nigeria,NGA,4,4,22,7,11
Qatar,QAT,Oman,OMN,2,4,8,24,35
Qatar,QAT,Philippines,PHL,5,5,22,3,17
Qatar,QAT,Saudi Arabia,SAU,1,7,33,87,94
Qatar,QAT,Syrian Arab Republic,SYR,17,7,6,9,12
Qatar,QAT,Thailand,THA,1,22,54,93,300
Qatar,QAT,Togo,TGO,2,3,3,3,3
Qatar,QAT,Turkey,TUR,2,4,4,8,33
Qatar,QAT,West Bank and Gaza,PSE,366,437,517,680,1052
Qatar,QAT,"Yemen, Rep.",YEM,32,39,48,60,70
Reunion,REU,Australia,AUS,30,83,243,595,82
Reunion,REU,Bosnia and Herzegovina,BIH,1,1,2,10,8
Reunion,REU,Brazil,BRA,38,10,21,67,76
Reunion,REU,Cuba,CUB,9,8,10,12,29
Reunion,REU,France,FRA,1098,2631,72851,35,91314
Reunion,REU,French Guiana,GUF,17,43,34,56,91
Reunion,REU,French Polynesia,PYF,26,38,70,143,226
Reunion,REU,Guadeloupe,GLP,10,24,16,22,32
Reunion,REU,India,IND,35,144,42,66,72
Reunion,REU,Ireland,IRL,5,6,11,14,9
Reunion,REU,Luxembourg,LUX,3,5,18,109,2
Reunion,REU,"Macedonia, FYR",MKD,2,2,4,94,109
Reunion,REU,Martinique,MTQ,19,36,39,56,91
Reunion,REU,Mayotte,MYT,19,40,84,217,815
Reunion,REU,Monaco,MCO,3,1,25,32,37
Reunion,REU,New Caledonia,NCL,53,2960,44,276,584
Reunion,REU,New Zealand,NZL,2,8,25,20,6
Reunion,REU,Pakistan,PAK,3,9,7,6,5
Reunion,REU,Serbia and Montenegro,SCG,11,11,20,6,23
Reunion,REU,Sudan,SDN,48,46,59,84,101
Reunion,REU,Trinidad and Tobago,TTO,5,4,5,4,2
Reunion,REU,Uganda,UGA,2,2,2,2,3
Reunion,REU,United Kingdom,GBR,126,460,924,69,19604
Reunion,REU,United States,USA,15,34,464,39,918
Reunion,REU,Zimbabwe,ZWE,28,36,34,32,30
Romania,ROU,Albania,ALB,92,102,113,124,140
Romania,ROU,Algeria,DZA,57,22,18,14,11
Romania,ROU,Angola,AGO,19,8,3,3,5
Romania,ROU,Argentina,ARG,555,3635,6906,3714,2567
Romania,ROU,Australia,AUS,4221,5459,5652,10932,12700
Romania,ROU,Austria,AUT,2955,733,3223,28723,24647
Romania,ROU,Bahrain,BHR,11,5,17,10,11
Romania,ROU,Bangladesh,BGD,2,10,11,12,13
Romania,ROU,Belgium,BEL,504,304,432,168,2487
Romania,ROU,Bermuda,BMU,11,19,14,17,22
Romania,ROU,Bolivia,BOL,195,123,61,51,41
Romania,ROU,Bosnia and Herzegovina,BIH,135,137,246,1198,944
Romania,ROU,Brazil,BRA,13257,13656,11072,6560,3521
Romania,ROU,Bulgaria,BGR,3410,3560,3648,3614,16801
Romania,ROU,Burkina Faso,BFA,4,5,10,5,9
Romania,ROU,Canada,CAN,26271,22552,19193,29887,59644
Romania,ROU,Central African Republic,CAF,633,349,753,18,6
Romania,ROU,Chile,CHL,1351,862,590,434,352
Romania,ROU,China,CHN,9,10,2,6,94
Romania,ROU,Colombia,COL,581,541,400,271,189
Romania,ROU,"Congo, Dem. Rep.",COD,226,981,607,419,343
Romania,ROU,Costa Rica,CRI,15,13,20,39,75
Romania,ROU,Croatia,HRV,1248,1268,2271,225,421
Romania,ROU,Cyprus,CYP,4,11,18,24,2454
Romania,ROU,Czech Republic,CZE,99,109,121,852,12066
Romania,ROU,Denmark,DNK,557,220,208,952,2017
Romania,ROU,Ecuador,ECU,29,54,84,90,122
Romania,ROU,"Egypt, Arab Rep.",EGY,17,98,187,71,235
Romania,ROU,Ethiopia,ETH,17,17,17,18,19
Romania,ROU,Finland,FIN,33,153,299,174,707
Romania,ROU,France,FRA,73476,26556,13143,15725,123957
Romania,ROU,French Guiana,GUF,1,5,10,24,36
Romania,ROU,Gabon,GAB,4,2,3,4,7
Romania,ROU,Germany,DEU,43692,46324,74251,1144848,324085
Romania,ROU,Ghana,GHA,29,66,21,74,127
Romania,ROU,Greece,GRC,334,154,610,4762,21132
Romania,ROU,Guatemala,GTM,6,16,12,12,6
Romania,ROU,Guinea-Bissau,GNB,1,1,1,3,3
Romania,ROU,Guyana,GUY,41,24,2,2,5
Romania,ROU,Honduras,HND,4,2,2,5,7
Romania,ROU,"Hong Kong SAR, China",HKG,26,64,1,76,79
Romania,ROU,Hungary,HUN,48848,174498,160423,139690,133077
Romania,ROU,Iceland,ISL,6,9,20,52,66
Romania,ROU,India,IND,316,256,68,2028,319
Romania,ROU,Indonesia,IDN,6,4,4,5,4
Romania,ROU,"Iran, Islamic Rep.",IRN,1,2,9,22,19
Romania,ROU,Ireland,IRL,209,264,469,423,5264
Romania,ROU,Israel,ISR,175882,208990,193905,151154,139278
Romania,ROU,Italy,ITA,3917,3733,3886,38031,119123
Romania,ROU,Japan,JPN,1,20,43,28,1291
Romania,ROU,Jordan,JOR,13,47,173,193,268
Romania,ROU,Kuwait,KWT,10,54,6,71,67
Romania,ROU,Lebanon,LBN,722,1320,675,544,3965
Romania,ROU,Libya,LBY,4,110,280,413,494
Romania,ROU,Luxembourg,LUX,43,133,175,1040,568
Romania,ROU,"Macedonia, FYR",MKD,236,240,430,1751,2034
Romania,ROU,Malawi,MWI,1,1,3,2,2
Romania,ROU,Malta,MLT,1,40,26,25,41
Romania,ROU,Mexico,MEX,230,241,30,244,246
Romania,ROU,Monaco,MCO,32,33,243,303,357
Romania,ROU,Morocco,MAR,8,2,1,1,1
Romania,ROU,Myanmar,MMR,1,1,1,2,1
Romania,ROU,Namibia,NAM,2,3,5,8,8
Romania,ROU,Netherlands,NLD,4758,1489,1645,2361,4822
Romania,ROU,New Caledonia,NCL,2,3,2,3,5
Romania,ROU,New Zealand,NZL,724,664,585,622,917
Romania,ROU,Nicaragua,NIC,2,4,4,4,5
Romania,ROU,Nigeria,NGA,5,4,17,4,7
Romania,ROU,Norway,NOR,112,103,138,290,1105
Romania,ROU,Oman,OMN,2,3,7,21,31
Romania,ROU,Pakistan,PAK,23,73,59,47,38
Romania,ROU,Panama,PAN,76,39,21,45,75
Romania,ROU,Papua New Guinea,PNG,2,5,10,8,6
Romania,ROU,Paraguay,PRY,2,5,22,32,37
Romania,ROU,Peru,PER,851,682,491,265,216
Romania,ROU,Philippines,PHL,3,10,12,5,151
Romania,ROU,Poland,POL,10749,9256,6841,4986,3623
Romania,ROU,Portugal,PRT,19,49,128,76,3008
Romania,ROU,Qatar,QAT,692,7050,9986,908,5925
Romania,ROU,Rwanda,RWA,7,5,6,6,14
Romania,ROU,Saudi Arabia,SAU,3,18,93,244,263
Romania,ROU,Senegal,SEN,20,13,14,25,25
Romania,ROU,Serbia and Montenegro,SCG,1299,1320,2363,3357,12423
Romania,ROU,Sierra Leone,SLE,6,10,12,12,4
Romania,ROU,Singapore,SGP,23,3,11,28,40
Romania,ROU,Slovak Republic,SVK,39,43,48,147,3178
Romania,ROU,Slovenia,SVN,359,365,653,63,17
Romania,ROU,South Africa,ZAF,178,349,521,309,683
Romania,ROU,Spain,ESP,322,543,930,765,47854
Romania,ROU,Sweden,SWE,709,1289,1971,7991,11646
Romania,ROU,Switzerland,CHE,1382,337,2576,29152,3146
Romania,ROU,Syrian Arab Republic,SYR,9,86,62,88,116
Romania,ROU,Thailand,THA,5,10,28,48,157
Romania,ROU,Togo,TGO,2,3,4,4,4
Romania,ROU,Tunisia,TUN,10,88,7,14,13
Romania,ROU,Turkey,TUR,62474,41103,19840,9324,20853
Romania,ROU,United Kingdom,GBR,5317,24902,3481,4031,21684
Romania,ROU,United States,USA,88406,83757,69349,101256,140085
Romania,ROU,Uruguay,URY,2060,1707,1232,811,469
Romania,ROU,"Venezuela, RB",VEN,6,1618,801,14,749
Romania,ROU,West Bank and Gaza,PSE,1132,1350,1598,2103,3250
Romania,ROU,"Yemen, Rep.",YEM,681,843,1044,1292,1510
Romania,ROU,Zambia,ZMB,3,2,22,4,3
Romania,ROU,Zimbabwe,ZWE,78,100,95,89,82
Russian Federation,RUS,Albania,ALB,27,30,33,37,41
Russian Federation,RUS,Algeria,DZA,1273,499,393,310,244
Russian Federation,RUS,Angola,AGO,63,25,10,11,17
Russian Federation,RUS,Antigua and Barbuda,ATG,3,4,9,14,77
Russian Federation,RUS,Argentina,ARG,30567,23807,18399,8666,2350
Russian Federation,RUS,Armenia,ARM,57855,68887,73211,53766,29077
Russian Federation,RUS,Aruba,ABW,1,1,1,2,3
Russian Federation,RUS,Australia,AUS,3920,8823,4254,8083,14882
Russian Federation,RUS,Austria,AUT,1164,312,633,3275,4895
Russian Federation,RUS,Azerbaijan,AZE,185297,189506,175676,161999,106281
Russian Federation,RUS,"Bahamas, The",BHS,5,13,6,4,5
Russian Federation,RUS,Bahrain,BHR,13,6,19,12,12
Russian Federation,RUS,Belarus,BLR,386328,552048,664763,786672,549738
Russian Federation,RUS,Belgium,BEL,2385,1093,389,361,1129
Russian Federation,RUS,Benin,BEN,9,11,14,19,32
Russian Federation,RUS,Bermuda,BMU,7,11,8,10,13
Russian Federation,RUS,Bolivia,BOL,95,106,113,56,192
Russian Federation,RUS,Bosnia and Herzegovina,BIH,54,55,98,477,376
Russian Federation,RUS,Brazil,BRA,21875,16133,10095,6278,6490
Russian Federation,RUS,Bulgaria,BGR,5924,6185,6336,6278,29185
Russian Federation,RUS,Burkina Faso,BFA,9,13,24,11,21
Russian Federation,RUS,Canada,CAN,65180,54827,45320,45340,51588
Russian Federation,RUS,Cape Verde,CPV,7,8,9,10,12
Russian Federation,RUS,Chile,CHL,1129,655,369,447,578
Russian Federation,RUS,China,CHN,145,134,17,99,620
Russian Federation,RUS,Colombia,COL,153,261,342,444,584
Russian Federation,RUS,"Congo, Dem. Rep.",COD,14,206,129,89,73
Russian Federation,RUS,Costa Rica,CRI,23,11,84,214,450
Russian Federation,RUS,Cote d'Ivoire,CIV,75,116,149,233,65
Russian Federation,RUS,Croatia,HRV,2353,2392,4282,719,7178
Russian Federation,RUS,Cuba,CUB,950,859,869,930,2186
Russian Federation,RUS,Cyprus,CYP,384,968,1549,2147,5927
Russian Federation,RUS,Czech Republic,CZE,8679,9592,10601,74935,13452
Russian Federation,RUS,Denmark,DNK,977,991,703,572,2669
Russian Federation,RUS,Dominican Republic,DOM,81,144,200,268,351
Russian Federation,RUS,Ecuador,ECU,54,100,155,166,539
Russian Federation,RUS,"Egypt, Arab Rep.",EGY,371,1462,2662,2916,9587
Russian Federation,RUS,Estonia,EST,151993,211716,258636,300430,190599
Russian Federation,RUS,Ethiopia,ETH,4,4,4,4,4
Russian Federation,RUS,Faeroe Islands,FRO,3,4,5,6,82
Russian Federation,RUS,Finland,FIN,4051,2907,2307,2835,10527
Russian Federation,RUS,France,FRA,129036,47074,20129,22391,217690
Russian Federation,RUS,French Guiana,GUF,2,10,19,44,68
Russian Federation,RUS,Georgia,GEO,225876,219678,208442,191274,119977
Russian Federation,RUS,Germany,DEU,286209,297315,299809,936128,978793
Russian Federation,RUS,Ghana,GHA,26,37,12,42,72
Russian Federation,RUS,Greece,GRC,155,278,430,7840,16847
Russian Federation,RUS,Guadeloupe,GLP,3,36,57,118,106
Russian Federation,RUS,Guatemala,GTM,17,87,66,59,31
Russian Federation,RUS,Guinea,GIN,509,759,1132,341,294
Russian Federation,RUS,Guyana,GUY,76,44,4,4,9
Russian Federation,RUS,Haiti,HTI,4,3,4,6,8
Russian Federation,RUS,Honduras,HND,20,9,12,25,19
Russian Federation,RUS,"Hong Kong SAR, China",HKG,402,1000,18,1186,1240
Russian Federation,RUS,Hungary,HUN,29575,7253,4373,3119,2639
Russian Federation,RUS,Iceland,ISL,11,12,36,92,372
Russian Federation,RUS,Indonesia,IDN,5,3,3,4,3
Russian Federation,RUS,"Iran, Islamic Rep.",IRN,2,3,11,25,21
Russian Federation,RUS,Iraq,IRQ,534,364,254,222,31
Russian Federation,RUS,Ireland,IRL,72,90,160,217,2695
Russian Federation,RUS,Israel,ISR,60594,72000,117851,233339,420072
Russian Federation,RUS,Italy,ITA,1702,1545,1639,5742,14864
Russian Federation,RUS,Japan,JPN,7,119,263,402,3277
Russian Federation,RUS,Jordan,JOR,12,53,198,367,589
Russian Federation,RUS,Kazakhstan,KAZ,1525680,2143604,2329099,2450213,1931909
Russian Federation,RUS,"Korea, Dem. Rep.",PRK,5,14,5,18,55
Russian Federation,RUS,"Korea, Rep.",KOR,6,55,156,206,5
Russian Federation,RUS,Kuwait,KWT,12,59,99,155,147
Russian Federation,RUS,Kyrgyz Republic,KGZ,231051,320559,343356,348471,167792
Russian Federation,RUS,Latvia,LVA,236232,299127,348740,384423,238521
Russian Federation,RUS,Lebanon,LBN,91,455,411,667,10722
Russian Federation,RUS,Liberia,LBR,32,4,4,4,4
Russian Federation,RUS,Libya,LBY,97,1899,4828,7113,8516
Russian Federation,RUS,Lithuania,LTU,116059,135249,153225,173938,95737
Russian Federation,RUS,Luxembourg,LUX,118,237,307,1826,461
Russian Federation,RUS,"Macao SAR, China",MAC,13,5,18,20,22
Russian Federation,RUS,"Macedonia, FYR",MKD,93,94,169,2128,2473
Russian Federation,RUS,Malawi,MWI,4,4,8,8,8
Russian Federation,RUS,Malta,MLT,2,69,44,43,71
Russian Federation,RUS,Martinique,MTQ,3,22,17,34,40
Russian Federation,RUS,Mexico,MEX,143,147,18,58,1305
Russian Federation,RUS,Moldova,MDA,129600,183361,223748,248674,203909
Russian Federation,RUS,Monaco,MCO,62,52,427,532,627
Russian Federation,RUS,Mongolia,MNG,1512,1847,2257,2757,3367
Russian Federation,RUS,Morocco,MAR,169,54,31,26,24
Russian Federation,RUS,Netherlands,NLD,8464,2452,2379,2622,23439
Russian Federation,RUS,Netherlands Antilles,ANT,7,6,5,8,51
Russian Federation,RUS,New Caledonia,NCL,2,3,2,3,5
Russian Federation,RUS,New Zealand,NZL,95,98,200,192,2864
Russian Federation,RUS,Nicaragua,NIC,146,246,277,297,355
Russian Federation,RUS,Niger,NER,203,274,370,279,90
Russian Federation,RUS,Nigeria,NGA,634,438,2068,485,814
Russian Federation,RUS,Norway,NOR,630,533,450,427,3441
Russian Federation,RUS,Oman,OMN,2,4,8,24,36
Russian Federation,RUS,Panama,PAN,41,38,79,293,417
Russian Federation,RUS,Papua New Guinea,PNG,2,4,9,7,5
Russian Federation,RUS,Paraguay,PRY,377,1126,619,523,613
Russian Federation,RUS,Peru,PER,270,625,931,905,740
Russian Federation,RUS,Philippines,PHL,2,7,8,28,81
Russian Federation,RUS,Poland,POL,293946,253112,176771,115870,64036
Russian Federation,RUS,Portugal,PRT,8,22,57,215,1462
Russian Federation,RUS,Puerto Rico,PRI,6,19,27,19,252
Russian Federation,RUS,Qatar,QAT,88,2432,6083,1113,16022
Russian Federation,RUS,Romania,ROU,2628,2255,1591,1134,10001
Russian Federation,RUS,San Marino,SMR,1,2,51,54,57
Russian Federation,RUS,Saudi Arabia,SAU,4,21,107,279,302
Russian Federation,RUS,Senegal,SEN,12,8,8,15,15
Russian Federation,RUS,Serbia and Montenegro,SCG,520,529,947,653,2415
Russian Federation,RUS,Sierra Leone,SLE,15,25,31,30,3
Russian Federation,RUS,Singapore,SGP,21,3,11,29,37
Russian Federation,RUS,Slovak Republic,SVK,3436,3798,4197,12953,1774
Russian Federation,RUS,Slovenia,SVN,294,299,535,253,1542
Russian Federation,RUS,South Africa,ZAF,2093,1777,1429,1448,590
Russian Federation,RUS,Spain,ESP,573,966,1654,498,11316
Russian Federation,RUS,Suriname,SUR,7,5,3,4,5
Russian Federation,RUS,Sweden,SWE,8906,2105,1929,1914,8579
Russian Federation,RUS,Switzerland,CHE,644,503,623,12064,7119
Russian Federation,RUS,Syrian Arab Republic,SYR,10,98,71,101,133
Russian Federation,RUS,Tajikistan,TJK,156970,207267,237535,234030,176029
Russian Federation,RUS,Thailand,THA,3,7,20,34,112
Russian Federation,RUS,Togo,TGO,288,412,433,453,467
Russian Federation,RUS,Trinidad and Tobago,TTO,45,36,41,33,18
Russian Federation,RUS,Tunisia,TUN,223,62,164,318,300
Russian Federation,RUS,Turkey,TUR,7424,8016,7358,11297,19869
Russian Federation,RUS,Turkmenistan,TKM,133516,165032,180021,175788,128858
Russian Federation,RUS,Ukraine,UKR,3233837,4182267,4803152,5211922,3613240
Russian Federation,RUS,United Kingdom,GBR,46224,36974,25982,19425,15053
Russian Federation,RUS,United States,USA,51871,39825,18215,19930,22327
Russian Federation,RUS,Uruguay,URY,3804,3152,2275,1445,449
Russian Federation,RUS,Uzbekistan,UZB,540184,755132,854737,915978,746535
Russian Federation,RUS,"Venezuela, RB",VEN,491,1087,764,1109,577
Russian Federation,RUS,West Bank and Gaza,PSE,1081,1289,1527,2009,3105
Russian Federation,RUS,"Yemen, Rep.",YEM,617,763,945,1170,1368
Russian Federation,RUS,Zambia,ZMB,9,7,73,12,11
Russian Federation,RUS,Zimbabwe,ZWE,64,83,78,74,68
Rwanda,RWA,Australia,AUS,2,6,18,45,44
Rwanda,RWA,Austria,AUT,5,3,5,10,155
Rwanda,RWA,Bangladesh,BGD,2,11,12,13,14
Rwanda,RWA,Belgium,BEL,4,545,535,807,729
Rwanda,RWA,Benin,BEN,11,14,19,24,42
Rwanda,RWA,Brazil,BRA,4,1,2,7,8
Rwanda,RWA,Bulgaria,BGR,4,4,4,4,18
Rwanda,RWA,Burundi,BDI,72709,58318,46775,36354,29159
Rwanda,RWA,Cameroon,CMR,59,66,52,2687,2262
Rwanda,RWA,Canada,CAN,23,129,241,254,2604
Rwanda,RWA,Central African Republic,CAF,607,335,723,31,10
Rwanda,RWA,Chad,TCD,306,338,374,413,468
Rwanda,RWA,Comoros,COM,2,4,17,27,26
Rwanda,RWA,"Congo, Dem. Rep.",COD,16,65152,40995,28330,23194
Rwanda,RWA,"Congo, Rep.",COG,581,978,150,250,46
Rwanda,RWA,Cote d'Ivoire,CIV,26,39,51,13,394
Rwanda,RWA,Cuba,CUB,2,1,2,2,5
Rwanda,RWA,Cyprus,CYP,1,4,8,11,1
Rwanda,RWA,Djibouti,DJI,287,524,1055,1654,2124
Rwanda,RWA,"Egypt, Arab Rep.",EGY,3,48,98,2,61
Rwanda,RWA,Equatorial Guinea,GNQ,7,14,69,36,59
Rwanda,RWA,Eritrea,ERI,69,1552,917,1571,767
Rwanda,RWA,Ethiopia,ETH,11238,10690,11239,11815,12420
Rwanda,RWA,France,FRA,66,157,1,2,111
Rwanda,RWA,Gabon,GAB,3009,686,380,91,138
Rwanda,RWA,"Gambia, The",GMB,42,347,226,862,1244
Rwanda,RWA,Germany,DEU,23,25,23,192,528
Rwanda,RWA,Guadeloupe,GLP,1,8,13,27,24
Rwanda,RWA,Hungary,HUN,3,12,11,10,9
Rwanda,RWA,India,IND,316,1291,376,586,645
Rwanda,RWA,Italy,ITA,18,28,117,189,633
Rwanda,RWA,Kenya,KEN,643,512,953,1431,4634
Rwanda,RWA,Madagascar,MDG,333,191,582,57,52
Rwanda,RWA,Martinique,MTQ,7,11,14,26,32
Rwanda,RWA,Mayotte,MYT,28,58,124,320,638
Rwanda,RWA,Pakistan,PAK,25,79,63,51,41
Rwanda,RWA,Sao Tome and Principe,STP,7,6,6,7,7
Rwanda,RWA,Somalia,SOM,103,2277,1569,2409,1471
Rwanda,RWA,Sudan,SDN,29218,27876,35758,50049,60380
Rwanda,RWA,Switzerland,CHE,16,4,21,17,611
Rwanda,RWA,Tanzania,TZA,38316,35512,42458,50521,19608
Rwanda,RWA,Uganda,UGA,246936,246493,184689,141288,65400
Rwanda,RWA,United Kingdom,GBR,8,27,55,4,1172
Rwanda,RWA,United States,USA,19,42,152,457,1130
Rwanda,RWA,Zimbabwe,ZWE,180,232,219,206,190
Saint Helena,SHN,Brazil,BRA,95,25,53,168,191
Saint Helena,SHN,Canada,CAN,9,49,90,35,19
Saint Helena,SHN,Cuba,CUB,3,3,3,4,9
Saint Helena,SHN,Dominican Republic,DOM,4,29,54,82,114
Saint Helena,SHN,India,IND,1,5,1,2,2
Saint Helena,SHN,Martinique,MTQ,6,10,12,23,28
Saint Helena,SHN,South Africa,ZAF,794,533,257,365,96
Saint Helena,SHN,Sudan,SDN,22,21,27,15,19
Saint Helena,SHN,United States,USA,18,41,459,139,1095
Saint Helena,SHN,Uruguay,URY,3,2,2,2,3
Saint Helena,SHN,"Venezuela, RB",VEN,8,4,31,19,2
Saint Helena,SHN,Zimbabwe,ZWE,217,279,263,248,228
Saint Pierre and Miquelon,SPM,France,FRA,42,4,945,3,70
Saint Pierre and Miquelon,SPM,French Guiana,GUF,2,7,14,32,48
Samoa,WSM,American Samoa,ASM,1894,5302,9796,14772,17777
Samoa,WSM,Australia,AUS,36,217,137,5517,13084
Samoa,WSM,Fiji,FJI,134,383,673,824,960
Samoa,WSM,French Polynesia,PYF,7,7,8,6,71
Samoa,WSM,Guam,GUM,31,3,17,93,147
Samoa,WSM,India,IND,33,66,12,957,320
Samoa,WSM,Kiribati,KIR,49,5,3,195,9
Samoa,WSM,"Micronesia, Fed. Sts.",FSM,61,55,40,24,35
Samoa,WSM,Naura,NRU,58,2,3,3,3
Samoa,WSM,New Caledonia,NCL,6,42,36,51,79
Samoa,WSM,New Zealand,NZL,4426,12282,25391,37611,46795
Samoa,WSM,Niue,NIU,74,99,91,44,39
Samoa,WSM,Pakistan,PAK,11,34,27,22,17
Samoa,WSM,Palau,PLW,7,10,13,51,88
Samoa,WSM,Papua New Guinea,PNG,30,74,92,72,54
Samoa,WSM,Solomon Islands,SLB,141,154,310,37,86
Samoa,WSM,Tokelau,TKL,65,69,88,114,80
Samoa,WSM,Tonga,TON,19,51,136,198,94
Samoa,WSM,Tuvalu,TUV,33,7,6,6,4
Samoa,WSM,United States,USA,805,647,15272,12955,17467
Samoa,WSM,Vanuatu,VUT,280,327,220,61,185
San Marino,SMR,Belgium,BEL,3,1,53,1,4
San Marino,SMR,Canada,CAN,18,36,56,6,15
San Marino,SMR,Germany,DEU,8,5,4,22,401
San Marino,SMR,Switzerland,CHE,9,29,8,160,33
San Marino,SMR,United States,USA,481,3,1354,397,5
Sao Tome and Principe,STP,Angola,AGO,21537,8583,3421,3755,5915
Sao Tome and Principe,STP,Belgium,BEL,10,14,7,93,94
Sao Tome and Principe,STP,Benin,BEN,27,35,45,60,103
Sao Tome and Principe,STP,Cape Verde,CPV,2,2,2,2955,3433
Sao Tome and Principe,STP,Cote d'Ivoire,CIV,63,97,124,32,183
Sao Tome and Principe,STP,Ethiopia,ETH,50,48,50,53,56
Sao Tome and Principe,STP,France,FRA,377,904,7,12,636
Sao Tome and Principe,STP,Gabon,GAB,13,537,1075,2029,3088
Sao Tome and Principe,STP,Germany,DEU,56,62,56,35,1281
Sao Tome and Principe,STP,Greece,GRC,2,30,10,25,2
Sao Tome and Principe,STP,India,IND,13,54,16,24,27
Sao Tome and Principe,STP,Italy,ITA,45,69,285,458,43
Sao Tome and Principe,STP,Pakistan,PAK,1,3,3,2,2
Sao Tome and Principe,STP,Portugal,PRT,507,1326,3463,5594,12267
Sao Tome and Principe,STP,Sudan,SDN,17,17,21,30,36
Sao Tome and Principe,STP,Switzerland,CHE,40,11,51,41,1
Sao Tome and Principe,STP,Togo,TGO,2,2,3,3,3
Sao Tome and Principe,STP,United Kingdom,GBR,43,158,318,24,1640
Sao Tome and Principe,STP,Zimbabwe,ZWE,459,592,559,527,484
Saudi Arabia,SAU,Algeria,DZA,146,57,45,35,28
Saudi Arabia,SAU,Australia,AUS,7,12,127,567,1606
Saudi Arabia,SAU,Austria,AUT,3,11,635,310,114
Saudi Arabia,SAU,Bahrain,BHR,1761,1334,848,1854,679
Saudi Arabia,SAU,Bangladesh,BGD,23,18,20,22,24
Saudi Arabia,SAU,Belgium,BEL,1,7,11,17,15
Saudi Arabia,SAU,Benin,BEN,8,10,13,18,30
Saudi Arabia,SAU,Brazil,BRA,324,16,53,1957,1170
Saudi Arabia,SAU,Bulgaria,BGR,3,3,3,3,14
Saudi Arabia,SAU,Canada,CAN,104,1366,2683,605,9984
Saudi Arabia,SAU,Chad,TCD,3,3,3,4,4
Saudi Arabia,SAU,Chile,CHL,57,475,54,25,18
Saudi Arabia,SAU,Colombia,COL,39,48,50,54,59
Saudi Arabia,SAU,"Congo, Rep.",COG,2,4,9,15,3
Saudi Arabia,SAU,Cote d'Ivoire,CIV,33,51,66,110,11
Saudi Arabia,SAU,Denmark,DNK,2,1,9,52,184
Saudi Arabia,SAU,Ecuador,ECU,5,9,13,14,33
Saudi Arabia,SAU,"Egypt, Arab Rep.",EGY,3197,5822,8734,8434,4743
Saudi Arabia,SAU,Ethiopia,ETH,21,20,21,22,23
Saudi Arabia,SAU,Fiji,FJI,2,1,1,1,1
Saudi Arabia,SAU,France,FRA,203,20,13,6,342
Saudi Arabia,SAU,Gabon,GAB,5,2,2,2,3
Saudi Arabia,SAU,Germany,DEU,14,19,37,826,1124
Saudi Arabia,SAU,Ghana,GHA,24,12,4,14,23
Saudi Arabia,SAU,Guatemala,GTM,6,39,26,26,20
Saudi Arabia,SAU,Guinea,GIN,14,21,32,131,417
Saudi Arabia,SAU,"Hong Kong SAR, China",HKG,35,34,2,16,310
Saudi Arabia,SAU,Hungary,HUN,4,4,4,3,3
Saudi Arabia,SAU,India,IND,17,101,5844,5885,5350
Saudi Arabia,SAU,Indonesia,IDN,57,36,37,44,620
Saudi Arabia,SAU,"Iran, Islamic Rep.",IRN,5,9,33,79,67
Saudi Arabia,SAU,Iraq,IRQ,1642,1212,948,974,180
Saudi Arabia,SAU,Israel,ISR,33,39,39,386,872
Saudi Arabia,SAU,Italy,ITA,13,16,20,110,92
Saudi Arabia,SAU,Jordan,JOR,386,829,2828,2272,4968
Saudi Arabia,SAU,Kenya,KEN,9,98,78,55,2
Saudi Arabia,SAU,Kuwait,KWT,1963,12959,23045,35469,33493
Saudi Arabia,SAU,Lebanon,LBN,91,77,63,1828,764
Saudi Arabia,SAU,Liberia,LBR,4,6,1,1,1
Saudi Arabia,SAU,Libya,LBY,34,488,1239,1826,2186
Saudi Arabia,SAU,Madagascar,MDG,78,45,15,4,4
Saudi Arabia,SAU,Mexico,MEX,1495,715,453,163,121
Saudi Arabia,SAU,Morocco,MAR,218,70,39,33,31
Saudi Arabia,SAU,Myanmar,MMR,18,17,14,15,13
Saudi Arabia,SAU,New Zealand,NZL,1,6,13,18,253
Saudi Arabia,SAU,Niger,NER,96,129,174,131,42
Saudi Arabia,SAU,Nigeria,NGA,299,263,1554,454,760
Saudi Arabia,SAU,Oman,OMN,120,172,400,1160,1708
Saudi Arabia,SAU,Pakistan,PAK,5,410,329,264,212
Saudi Arabia,SAU,Peru,PER,50,60,66,21,17
Saudi Arabia,SAU,Philippines,PHL,25,18,104,269,885
Saudi Arabia,SAU,Qatar,QAT,87,412,932,3052,1141
Saudi Arabia,SAU,Senegal,SEN,2,1,1,2,2
Saudi Arabia,SAU,Singapore,SGP,5,2,5,13,94
Saudi Arabia,SAU,Sudan,SDN,47,45,57,21,25
Saudi Arabia,SAU,Switzerland,CHE,12,9,8,68,321
Saudi Arabia,SAU,Syrian Arab Republic,SYR,770,308,297,420,552
Saudi Arabia,SAU,Tanzania,TZA,8,7,13,12,11
Saudi Arabia,SAU,Thailand,THA,6,7,208,413,1411
Saudi Arabia,SAU,Togo,TGO,136,194,205,214,220
Saudi Arabia,SAU,Tunisia,TUN,295,15,217,2,2
Saudi Arabia,SAU,Turkey,TUR,1580,1983,2008,3305,4489
Saudi Arabia,SAU,Uganda,UGA,2,2,3,5,1
Saudi Arabia,SAU,United Arab Emirates,ARE,4,135,1470,2728,4687
Saudi Arabia,SAU,United Kingdom,GBR,26,6,330,140,343
Saudi Arabia,SAU,United States,USA,1011,814,18993,18847,27946
Saudi Arabia,SAU,Uruguay,URY,27,22,16,16,8
Saudi Arabia,SAU,"Venezuela, RB",VEN,394,3055,986,891,1213
Saudi Arabia,SAU,West Bank and Gaza,PSE,30265,36084,42722,56217,86899
Saudi Arabia,SAU,"Yemen, Rep.",YEM,2573,3186,3944,4883,5708
Saudi Arabia,SAU,Zambia,ZMB,2,1,24,4,3
Saudi Arabia,SAU,Zimbabwe,ZWE,10,13,12,12,11
Senegal,SEN,Australia,AUS,9,24,71,145,187
Senegal,SEN,Austria,AUT,152,103,179,325,115
Senegal,SEN,Belgium,BEL,133,193,506,1270,785
Senegal,SEN,Benin,BEN,173,225,292,385,660
Senegal,SEN,Brazil,BRA,11,3,6,19,21
Senegal,SEN,Burkina Faso,BFA,1240,1759,3358,3550,3401
Senegal,SEN,Burundi,BDI,225,181,145,51,41
Senegal,SEN,Cameroon,CMR,489,551,438,133,112
Senegal,SEN,Canada,CAN,79,449,836,398,1812
Senegal,SEN,Cape Verde,CPV,75,83,92,12,14
Senegal,SEN,Central African Republic,CAF,257,142,306,1182,370
Senegal,SEN,Chad,TCD,15,17,18,20,23
Senegal,SEN,"Congo, Dem. Rep.",COD,6,24265,15268,10551,8638
Senegal,SEN,"Congo, Rep.",COG,1426,2399,1855,3078,568
Senegal,SEN,Cote d'Ivoire,CIV,10550,16310,20916,21962,24478
Senegal,SEN,Cyprus,CYP,3,9,15,21,5
Senegal,SEN,Djibouti,DJI,14,26,52,81,105
Senegal,SEN,"Egypt, Arab Rep.",EGY,12,157,317,8,394
Senegal,SEN,Equatorial Guinea,GNQ,2,5,26,13,22
Senegal,SEN,Eritrea,ERI,639,152,298,535,3
Senegal,SEN,Ethiopia,ETH,4186,3981,4186,4400,4626
Senegal,SEN,France,FRA,2183,5231,53476,70016,3682
Senegal,SEN,Gabon,GAB,1121,2770,5194,9585,14586
Senegal,SEN,"Gambia, The",GMB,19077,23284,40150,68127,98366
Senegal,SEN,Germany,DEU,734,826,723,1202,17526
Senegal,SEN,Ghana,GHA,688,291,51,70,88
Senegal,SEN,Greece,GRC,30,412,131,336,36
Senegal,SEN,Guinea,GIN,1539,2296,3425,2007,4174
Senegal,SEN,Guinea-Bissau,GNB,5734,6028,6337,6669,6407
Senegal,SEN,Hungary,HUN,8,30,27,24,23
Senegal,SEN,India,IND,147,600,175,272,300
Senegal,SEN,Ireland,IRL,10,12,22,27,29
Senegal,SEN,Israel,ISR,1,1,2,13,29
Senegal,SEN,Italy,ITA,583,893,3888,42592,49590
Senegal,SEN,Liberia,LBR,143,168,235,235,224
Senegal,SEN,Libya,LBY,3,3,8,12,14
Senegal,SEN,Luxembourg,LUX,3,5,16,92,63
Senegal,SEN,"Macedonia, FYR",MKD,2,2,3,80,93
Senegal,SEN,Madagascar,MDG,100,58,217,47,42
Senegal,SEN,Mali,MLI,15258,14978,14703,14433,11380
Senegal,SEN,Mauritania,MRT,7544,12615,21095,36662,40517
Senegal,SEN,Mayotte,MYT,1,3,6,16,31
Senegal,SEN,Monaco,MCO,3,18,22,27,32
Senegal,SEN,Nicaragua,NIC,31,53,59,64,76
Senegal,SEN,Niger,NER,651,878,1186,970,468
Senegal,SEN,Nigeria,NGA,33,509,5127,1974,3309
Senegal,SEN,Pakistan,PAK,12,37,29,24,19
Senegal,SEN,Portugal,PRT,2,4,11,38,586
Senegal,SEN,Sao Tome and Principe,STP,2,2,2,3,3
Senegal,SEN,Serbia and Montenegro,SCG,9,9,17,5,19
Senegal,SEN,Sierra Leone,SLE,350,574,709,698,634
Senegal,SEN,Somalia,SOM,949,224,509,820,7
Senegal,SEN,South Africa,ZAF,8,59,110,121,1163
Senegal,SEN,Sudan,SDN,1430,1364,1750,2459,2967
Senegal,SEN,Switzerland,CHE,520,142,675,530,945
Senegal,SEN,Tanzania,TZA,3,3,35,102,26
Senegal,SEN,Togo,TGO,169,241,254,265,273
Senegal,SEN,Tunisia,TUN,7,2,5,10,10
Senegal,SEN,Uganda,UGA,64,64,56,55,86
Senegal,SEN,United Kingdom,GBR,250,914,1837,137,9530
Senegal,SEN,United States,USA,116,344,948,2786,10262
Senegal,SEN,Zimbabwe,ZWE,262,338,318,300,276
Serbia and Montenegro,SCG,Albania,ALB,75,83,92,102,115
Serbia and Montenegro,SCG,Algeria,DZA,29,11,9,7,6
Serbia and Montenegro,SCG,Angola,AGO,25,10,4,4,7
Serbia and Montenegro,SCG,Argentina,ARG,16618,12822,9755,6123,3109
Serbia and Montenegro,SCG,Australia,AUS,14653,25246,43967,47665,54847
Serbia and Montenegro,SCG,Austria,AUT,20913,113323,528,126541,187588
Serbia and Montenegro,SCG,Bahrain,BHR,66,28,96,60,61
Serbia and Montenegro,SCG,Bangladesh,BGD,1,7,8,9,10
Serbia and Montenegro,SCG,Belgium,BEL,2825,2771,4302,4028,3207
Serbia and Montenegro,SCG,Benin,BEN,8,10,13,17,30
Serbia and Montenegro,SCG,Bermuda,BMU,11,18,13,16,21
Serbia and Montenegro,SCG,Bolivia,BOL,282,159,54,13,15
Serbia and Montenegro,SCG,Bosnia and Herzegovina,BIH,13,14,24,119,94
Serbia and Montenegro,SCG,Brazil,BRA,6502,4822,3977,2605,1655
Serbia and Montenegro,SCG,Bulgaria,BGR,457,477,489,484,2252
Serbia and Montenegro,SCG,Burkina Faso,BFA,3,4,8,3,7
Serbia and Montenegro,SCG,Cameroon,CMR,31,35,28,41,34
Serbia and Montenegro,SCG,Canada,CAN,21853,56265,92531,44739,63583
Serbia and Montenegro,SCG,Cape Verde,CPV,19,22,24,28,33
Serbia and Montenegro,SCG,Chad,TCD,3,3,3,4,4
Serbia and Montenegro,SCG,Colombia,COL,95,94,77,62,82
Serbia and Montenegro,SCG,"Congo, Dem. Rep.",COD,58,17,8,6,5
Serbia and Montenegro,SCG,Costa Rica,CRI,6,1,4,5,6
Serbia and Montenegro,SCG,Cote d'Ivoire,CIV,69,107,138,52,44
Serbia and Montenegro,SCG,Croatia,HRV,174,177,316,100302,87639
Serbia and Montenegro,SCG,Cyprus,CYP,28,71,114,159,1152
Serbia and Montenegro,SCG,Czech Republic,CZE,641,708,783,5535,4841
Serbia and Montenegro,SCG,Denmark,DNK,246,97,272,369,1478
Serbia and Montenegro,SCG,Dominican Republic,DOM,3,79,152,235,332
Serbia and Montenegro,SCG,Ecuador,ECU,26,48,74,79,47
Serbia and Montenegro,SCG,Faeroe Islands,FRO,2,2,3,4,114
Serbia and Montenegro,SCG,Fiji,FJI,137,72,12,4,4
Serbia and Montenegro,SCG,Finland,FIN,14,67,132,70,1999
Serbia and Montenegro,SCG,France,FRA,32459,11704,36738,35714,54760
Serbia and Montenegro,SCG,French Guiana,GUF,1,5,9,21,32
Serbia and Montenegro,SCG,Germany,DEU,64476,299210,430759,376610,710269
Serbia and Montenegro,SCG,Ghana,GHA,22,49,16,55,95
Serbia and Montenegro,SCG,Greece,GRC,1072,631,1867,2599,3693
Serbia and Montenegro,SCG,Guatemala,GTM,3,8,6,5,3
Serbia and Montenegro,SCG,Guinea,GIN,31,46,69,24,29
Serbia and Montenegro,SCG,Guyana,GUY,36,21,2,2,4
Serbia and Montenegro,SCG,Hungary,HUN,13454,40989,37518,32619,31051
Serbia and Montenegro,SCG,Iceland,ISL,3,4,9,52,615
Serbia and Montenegro,SCG,India,IND,236,191,50,1514,238
Serbia and Montenegro,SCG,"Iran, Islamic Rep.",IRN,8,14,53,127,107
Serbia and Montenegro,SCG,Ireland,IRL,27,34,61,55,686
Serbia and Montenegro,SCG,Israel,ISR,1485,1764,2080,10469,22471
Serbia and Montenegro,SCG,Italy,ITA,26299,13032,14240,29707,78462
Serbia and Montenegro,SCG,Jordan,JOR,16,256,1004,133,58
Serbia and Montenegro,SCG,Kuwait,KWT,60,315,439,753,711
Serbia and Montenegro,SCG,Lebanon,LBN,2195,16,16,7642,3707
Serbia and Montenegro,SCG,Luxembourg,LUX,169,59,936,1347,6393
Serbia and Montenegro,SCG,"Macedonia, FYR",MKD,23,23,42,438,509
Serbia and Montenegro,SCG,Malawi,MWI,2,1,3,3,3
Serbia and Montenegro,SCG,Mexico,MEX,222,233,24,110,131
Serbia and Montenegro,SCG,Monaco,MCO,14,42,107,134,158
Serbia and Montenegro,SCG,Mongolia,MNG,7,8,10,12,15
Serbia and Montenegro,SCG,Netherlands,NLD,2095,2391,5526,14880,52088
Serbia and Montenegro,SCG,New Caledonia,NCL,11,14,9,14,21
Serbia and Montenegro,SCG,New Zealand,NZL,1490,1606,1362,1280,2609
Serbia and Montenegro,SCG,Nicaragua,NIC,1,2,2,2,2
Serbia and Montenegro,SCG,Niger,NER,46,62,83,62,19
Serbia and Montenegro,SCG,Nigeria,NGA,143,97,444,101,169
Serbia and Montenegro,SCG,Norway,NOR,117,1183,1816,4322,13560
Serbia and Montenegro,SCG,Oman,OMN,13,18,42,122,180
Serbia and Montenegro,SCG,Pakistan,PAK,17,55,44,35,28
Serbia and Montenegro,SCG,Panama,PAN,46,33,23,27,35
Serbia and Montenegro,SCG,Paraguay,PRY,1,4,20,29,12
Serbia and Montenegro,SCG,Peru,PER,404,371,323,3,3
Serbia and Montenegro,SCG,Poland,POL,13849,11925,8686,6169,4232
Serbia and Montenegro,SCG,Portugal,PRT,8,22,57,88,191
Serbia and Montenegro,SCG,Qatar,QAT,2103,85,234,12760,5539
Serbia and Montenegro,SCG,Romania,ROU,3842,3296,2326,1658,2190
Serbia and Montenegro,SCG,San Marino,SMR,1,1,248,261,274
Serbia and Montenegro,SCG,Saudi Arabia,SAU,19,106,542,1413,1529
Serbia and Montenegro,SCG,Senegal,SEN,15,10,10,19,19
Serbia and Montenegro,SCG,Sierra Leone,SLE,4,7,9,9,3
Serbia and Montenegro,SCG,Singapore,SGP,17,2,8,21,30
Serbia and Montenegro,SCG,Slovak Republic,SVK,254,280,310,957,1504
Serbia and Montenegro,SCG,Slovenia,SVN,233,236,423,27389,26951
Serbia and Montenegro,SCG,South Africa,ZAF,361,507,649,383,563
Serbia and Montenegro,SCG,Spain,ESP,142,239,409,383,832
Serbia and Montenegro,SCG,Sudan,SDN,5,5,6,20,24
Serbia and Montenegro,SCG,Sweden,SWE,825,19854,37859,26905,71180
Serbia and Montenegro,SCG,Switzerland,CHE,8861,15111,45303,90415,223145
Serbia and Montenegro,SCG,Syrian Arab Republic,SYR,53,497,362,511,672
Serbia and Montenegro,SCG,Tanzania,TZA,42,39,12,12,27
Serbia and Montenegro,SCG,Togo,TGO,65,93,98,102,105
Serbia and Montenegro,SCG,Tunisia,TUN,5,80,4,7,7
Serbia and Montenegro,SCG,Turkey,TUR,191101,159669,114884,138955,112537
Serbia and Montenegro,SCG,United Arab Emirates,ARE,2,68,747,1386,2381
Serbia and Montenegro,SCG,United Kingdom,GBR,7030,11229,7250,7225,174
Serbia and Montenegro,SCG,United States,USA,74605,78381,72483,64402,64520
Serbia and Montenegro,SCG,Uruguay,URY,1110,919,664,424,358
Serbia and Montenegro,SCG,Vanuatu,VUT,5,6,4,2,2
Serbia and Montenegro,SCG,"Venezuela, RB",VEN,450,1463,1180,1016,706
Serbia and Montenegro,SCG,West Bank and Gaza,PSE,875,1043,1234,1624,2511
Serbia and Montenegro,SCG,"Yemen, Rep.",YEM,536,664,822,1017,1189
Serbia and Montenegro,SCG,Zambia,ZMB,553,444,29,5,4
Serbia and Montenegro,SCG,Zimbabwe,ZWE,37,48,45,42,39
Seychelles,SYC,Australia,AUS,136,372,1087,2522,2438
Seychelles,SYC,Canada,CAN,25,143,266,219,1006
Seychelles,SYC,France,FRA,80,192,1,3,135
Seychelles,SYC,French Polynesia,PYF,4,12,28,5,17
Seychelles,SYC,Germany,DEU,4,5,4,99,97
Seychelles,SYC,India,IND,6,26,8,12,13
Seychelles,SYC,Italy,ITA,3,5,22,35,862
Seychelles,SYC,Malawi,MWI,6,6,52,51,50
Seychelles,SYC,Mauritius,MUS,94,96,134,104,145
Seychelles,SYC,New Caledonia,NCL,27,13,60,33,10
Seychelles,SYC,New Zealand,NZL,10,55,75,68,57
Seychelles,SYC,Papua New Guinea,PNG,2,5,7,5,4
Seychelles,SYC,South Africa,ZAF,41,38,34,38,282
Seychelles,SYC,Sudan,SDN,25,24,31,43,52
Seychelles,SYC,Tanzania,TZA,9,8,126,2,330
Seychelles,SYC,Uganda,UGA,1,1,1,1,2
Seychelles,SYC,United Kingdom,GBR,9,34,2190,3106,1434
Seychelles,SYC,United States,USA,43,97,646,748,2572
Seychelles,SYC,Zimbabwe,ZWE,82,105,99,94,86
Sierra Leone,SLE,Australia,AUS,15,41,119,117,357
Sierra Leone,SLE,Austria,AUT,5,3,5,10,556
Sierra Leone,SLE,Belgium,BEL,4,6,45,37,38
Sierra Leone,SLE,Benin,BEN,113,147,191,251,431
Sierra Leone,SLE,Burkina Faso,BFA,28,40,76,761,192
Sierra Leone,SLE,Cameroon,CMR,134,151,120,4,3
Sierra Leone,SLE,Canada,CAN,165,932,1733,104,1006
Sierra Leone,SLE,Cape Verde,CPV,51,57,63,8,10
Sierra Leone,SLE,Cote d'Ivoire,CIV,182,281,360,2031,1170
Sierra Leone,SLE,Cuba,CUB,2,2,2,2,6
Sierra Leone,SLE,Dominican Republic,DOM,2,6,10,14,18
Sierra Leone,SLE,"Egypt, Arab Rep.",EGY,5,128,263,3,43
Sierra Leone,SLE,Ethiopia,ETH,80,76,80,84,88
Sierra Leone,SLE,France,FRA,304,728,6,10,513
Sierra Leone,SLE,Gabon,GAB,21,28,50,90,137
Sierra Leone,SLE,"Gambia, The",GMB,648,401,641,1340,1935
Sierra Leone,SLE,Germany,DEU,22,25,22,538,515
Sierra Leone,SLE,Ghana,GHA,828,62,11,15,19
Sierra Leone,SLE,Guinea,GIN,1609,2401,3582,29841,97669
Sierra Leone,SLE,Hungary,HUN,4,14,13,11,11
Sierra Leone,SLE,India,IND,37,151,44,69,75
Sierra Leone,SLE,Ireland,IRL,1,2,3,4,284
Sierra Leone,SLE,Italy,ITA,18,28,114,184,821
Sierra Leone,SLE,Liberia,LBR,4291,5485,10275,10275,9774
Sierra Leone,SLE,Libya,LBY,1,1,3,5,6
Sierra Leone,SLE,Mali,MLI,192,189,185,182,1249
Sierra Leone,SLE,Martinique,MTQ,4,6,7,14,16
Sierra Leone,SLE,Mauritania,MRT,12,20,33,14,16
Sierra Leone,SLE,New Zealand,NZL,2,11,19,13,65
Sierra Leone,SLE,Niger,NER,40,54,73,178,308
Sierra Leone,SLE,Nigeria,NGA,1841,1316,6450,1581,2651
Sierra Leone,SLE,Pakistan,PAK,3,9,7,6,5
Sierra Leone,SLE,Senegal,SEN,63,40,43,79,78
Sierra Leone,SLE,South Africa,ZAF,18,17,16,18,167
Sierra Leone,SLE,Sudan,SDN,38,36,47,66,79
Sierra Leone,SLE,Switzerland,CHE,16,4,20,16,766
Sierra Leone,SLE,Togo,TGO,111,158,166,174,179
Sierra Leone,SLE,Uganda,UGA,2,2,2,2,2
Sierra Leone,SLE,United Kingdom,GBR,2548,268,3932,6683,1389
Sierra Leone,SLE,United States,USA,334,801,2486,8260,22044
Sierra Leone,SLE,Zimbabwe,ZWE,38,49,46,44,40
Singapore,SGP,Australia,AUS,2634,4198,11562,23418,33007
Singapore,SGP,Austria,AUT,6,18,26,32,79
Singapore,SGP,Bangladesh,BGD,37,30,33,36,39
Singapore,SGP,Belgium,BEL,2,11,68,27,25
Singapore,SGP,Bhutan,BTN,4,5,7,9,12
Singapore,SGP,Brunei Darussalam,BRN,207,1091,1705,1522,2165
Singapore,SGP,Cambodia,KHM,658,554,7,66,408
Singapore,SGP,Canada,CAN,101,1333,2617,4635,9736
Singapore,SGP,China,CHN,49,888,450,297,6179
Singapore,SGP,Denmark,DNK,49,45,198,258,358
Singapore,SGP,Dominican Republic,DOM,2,6,9,13,18
Singapore,SGP,"Egypt, Arab Rep.",EGY,35,56,79,4,71
Singapore,SGP,Fiji,FJI,54,43,35,44,51
Singapore,SGP,Finland,FIN,2,8,15,30,59
Singapore,SGP,France,FRA,6502,650,401,187,10970
Singapore,SGP,French Polynesia,PYF,1,1,2,9,10
Singapore,SGP,Germany,DEU,24,31,47,505,1861
Singapore,SGP,Ghana,GHA,1,12,4,13,23
Singapore,SGP,Greece,GRC,1,3,6,27,28
Singapore,SGP,Guam,GUM,10,72,3,35,46
Singapore,SGP,"Hong Kong SAR, China",HKG,137,7560,10167,3637,68886
Singapore,SGP,Hungary,HUN,4,5,4,3,3
Singapore,SGP,India,IND,27,162,13692,9041,5058
Singapore,SGP,Indonesia,IDN,709,446,455,551,492
Singapore,SGP,Ireland,IRL,21,26,47,57,297
Singapore,SGP,Italy,ITA,22,890,8525,182,208
Singapore,SGP,Japan,JPN,4,68,151,1291,1577
Singapore,SGP,"Korea, Dem. Rep.",PRK,2,93,120,53,548
Singapore,SGP,Lao PDR,LAO,2,2,3,3,3
Singapore,SGP,Luxembourg,LUX,3,5,15,92,45
Singapore,SGP,"Macao SAR, China",MAC,300,120,436,479,518
Singapore,SGP,"Macedonia, FYR",MKD,2,2,3,91,105
Singapore,SGP,Malaysia,MYS,2568,52926,52348,50381,65444
Singapore,SGP,Mexico,MEX,9,9,4,10,43
Singapore,SGP,Monaco,MCO,3,1,22,27,32
Singapore,SGP,Myanmar,MMR,365,347,247,190,157
Singapore,SGP,Netherlands,NLD,2,290,803,2314,2579
Singapore,SGP,New Zealand,NZL,322,969,1963,2548,3879
Singapore,SGP,Norway,NOR,6,26,156,272,373
Singapore,SGP,Pakistan,PAK,8,658,529,424,341
Singapore,SGP,Papua New Guinea,PNG,21,52,119,92,69
Singapore,SGP,Philippines,PHL,259,161,1296,272,890
Singapore,SGP,Serbia and Montenegro,SCG,10,10,17,5,20
Singapore,SGP,South Africa,ZAF,135,91,44,2,385
Singapore,SGP,Sri Lanka,LKA,2,68,157,109,94
Singapore,SGP,Sweden,SWE,3,146,649,1312,504
Singapore,SGP,Switzerland,CHE,20,15,14,75,351
Singapore,SGP,Thailand,THA,224,1379,871,715,1271
Singapore,SGP,Timor-Leste,TLS,20,24,22,26,26
Singapore,SGP,United Kingdom,GBR,12012,28337,33222,35636,40985
Singapore,SGP,United States,USA,370,287,6709,15341,24386
Singapore,SGP,Vanuatu,VUT,17,20,11,8,2
Singapore,SGP,Vietnam,VNM,82,71,326,186,751
Singapore,SGP,"Yemen, Rep.",YEM,13,16,20,25,29
Singapore,SGP,Zambia,ZMB,3,2,45,7,6
Singapore,SGP,Zimbabwe,ZWE,22,28,26,25,23
Slovak Republic,SVK,Albania,ALB,20,22,25,27,31
Slovak Republic,SVK,Algeria,DZA,10,4,3,3,2
Slovak Republic,SVK,Angola,AGO,10,4,2,2,3
Slovak Republic,SVK,Argentina,ARG,2638,1902,1275,753,307
Slovak Republic,SVK,Australia,AUS,3484,4220,4668,5143,2956
Slovak Republic,SVK,Austria,AUT,3895,6021,2638,9017,10916
Slovak Republic,SVK,Bangladesh,BGD,1,5,6,6,7
Slovak Republic,SVK,Belgium,BEL,1120,766,323,226,565
Slovak Republic,SVK,Bermuda,BMU,3,4,3,4,5
Slovak Republic,SVK,Bolivia,BOL,130,63,6,32,25
Slovak Republic,SVK,Bosnia and Herzegovina,BIH,30,30,54,263,208
Slovak Republic,SVK,Brazil,BRA,315,312,273,108,123
Slovak Republic,SVK,Bulgaria,BGR,63,65,67,66,308
Slovak Republic,SVK,Burkina Faso,BFA,2,3,5,2,5
Slovak Republic,SVK,Cameroon,CMR,22,24,19,29,24
Slovak Republic,SVK,Canada,CAN,13706,9092,4554,19252,15577
Slovak Republic,SVK,Chad,TCD,2,2,2,3,3
Slovak Republic,SVK,Colombia,COL,34,33,26,20,18
Slovak Republic,SVK,"Congo, Dem. Rep.",COD,103,21,9,6,5
Slovak Republic,SVK,Costa Rica,CRI,2,2,5,9,17
Slovak Republic,SVK,Cote d'Ivoire,CIV,3,5,6,2,2
Slovak Republic,SVK,Croatia,HRV,677,688,1232,561,1694
Slovak Republic,SVK,Cyprus,CYP,63,158,252,350,65
Slovak Republic,SVK,Czech Republic,CZE,21755,24044,26573,187831,287874
Slovak Republic,SVK,Denmark,DNK,264,104,281,348,437
Slovak Republic,SVK,Ecuador,ECU,3,5,8,9,19
Slovak Republic,SVK,"Egypt, Arab Rep.",EGY,3,17,32,22,74
Slovak Republic,SVK,Finland,FIN,16,73,142,87,120
Slovak Republic,SVK,France,FRA,34877,12606,3007,2779,58839
Slovak Republic,SVK,Germany,DEU,194210,209061,199219,104232,118829
Slovak Republic,SVK,Ghana,GHA,15,35,11,39,67
Slovak Republic,SVK,Greece,GRC,14,40,127,1824,319
Slovak Republic,SVK,Guatemala,GTM,1,3,2,2,1
Slovak Republic,SVK,Guinea,GIN,1,2,3,1,1
Slovak Republic,SVK,Hungary,HUN,43737,8405,4279,2691,2064
Slovak Republic,SVK,Iceland,ISL,3,6,9,25,24
Slovak Republic,SVK,India,IND,166,135,36,1067,168
Slovak Republic,SVK,Ireland,IRL,32,41,72,31,391
Slovak Republic,SVK,Israel,ISR,4900,5823,5287,2595,177
Slovak Republic,SVK,Italy,ITA,881,840,874,724,3283
Slovak Republic,SVK,Jordan,JOR,1,4,15,8,23
Slovak Republic,SVK,Lebanon,LBN,3,39,20,28,22
Slovak Republic,SVK,Luxembourg,LUX,51,63,83,493,94
Slovak Republic,SVK,"Macedonia, FYR",MKD,52,53,94,515,598
Slovak Republic,SVK,Mexico,MEX,55,57,8,76,24
Slovak Republic,SVK,Monaco,MCO,15,8,115,144,170
Slovak Republic,SVK,Namibia,NAM,1,2,4,6,5
Slovak Republic,SVK,Netherlands,NLD,2259,574,414,62,97
Slovak Republic,SVK,New Zealand,NZL,94,112,102,117,141
Slovak Republic,SVK,Nicaragua,NIC,1,2,2,2,3
Slovak Republic,SVK,Nigeria,NGA,6,4,19,4,7
Slovak Republic,SVK,Norway,NOR,64,102,33,34,221
Slovak Republic,SVK,Pakistan,PAK,12,38,31,25,20
Slovak Republic,SVK,Panama,PAN,9,7,5,6,8
Slovak Republic,SVK,Peru,PER,30,27,22,13,11
Slovak Republic,SVK,Poland,POL,20960,18048,12035,7132,2632
Slovak Republic,SVK,Qatar,QAT,3,209,296,47,34
Slovak Republic,SVK,Romania,ROU,1365,1171,826,589,628
Slovak Republic,SVK,Senegal,SEN,11,7,7,13,13
Slovak Republic,SVK,Serbia and Montenegro,SCG,286,290,520,175,646
Slovak Republic,SVK,Sierra Leone,SLE,3,5,6,6,2
Slovak Republic,SVK,Singapore,SGP,12,2,6,15,21
Slovak Republic,SVK,Slovenia,SVN,297,302,540,41,251
Slovak Republic,SVK,South Africa,ZAF,77,233,391,215,179
Slovak Republic,SVK,Spain,ESP,153,258,441,260,982
Slovak Republic,SVK,Sudan,SDN,4,3,4,14,17
Slovak Republic,SVK,Sweden,SWE,1513,3275,3233,3297,3353
Slovak Republic,SVK,Switzerland,CHE,311,4749,6047,6561,2172
Slovak Republic,SVK,Tanzania,TZA,29,27,9,8,19
Slovak Republic,SVK,Togo,TGO,3,4,4,4,4
Slovak Republic,SVK,Turkey,TUR,232,199,147,184,316
Slovak Republic,SVK,United Kingdom,GBR,2483,11820,2101,1851,296
Slovak Republic,SVK,Uruguay,URY,16,13,10,10,16
Slovak Republic,SVK,West Bank and Gaza,PSE,22,27,32,42,64
Slovak Republic,SVK,"Yemen, Rep.",YEM,14,17,21,26,31
Slovak Republic,SVK,Zambia,ZMB,1,1,11,2,2
Slovak Republic,SVK,Zimbabwe,ZWE,17,22,21,20,18
Slovenia,SVN,Albania,ALB,2,3,3,3,4
Slovenia,SVN,Argentina,ARG,7143,5511,4193,2632,1657
Slovenia,SVN,Australia,AUS,1769,3048,5309,5755,6622
Slovenia,SVN,Austria,AUT,1034,5855,14,6558,9722
Slovenia,SVN,Belgium,BEL,77,76,117,110,309
Slovenia,SVN,Bolivia,BOL,121,68,22,6,14
Slovenia,SVN,Brazil,BRA,2795,2073,1709,1120,711
Slovenia,SVN,Bulgaria,BGR,7,7,7,7,34
Slovenia,SVN,Cameroon,CMR,3,3,2,3,3
Slovenia,SVN,Canada,CAN,3136,2136,1155,6420,9124
Slovenia,SVN,Chile,CHL,702,456,303,207,40
Slovenia,SVN,Colombia,COL,30,31,26,22,27
Slovenia,SVN,Cote d'Ivoire,CIV,2,3,4,1,1
Slovenia,SVN,Croatia,HRV,35,36,64,30434,22177
Slovenia,SVN,Cyprus,CYP,6,14,23,32,8
Slovenia,SVN,Czech Republic,CZE,130,143,159,1121,261
Slovenia,SVN,Denmark,DNK,16,6,21,28,112
Slovenia,SVN,Ecuador,ECU,11,20,31,33,15
Slovenia,SVN,France,FRA,2057,741,2522,2452,3471
Slovenia,SVN,Germany,DEU,3733,10457,14136,12414,21893
Slovenia,SVN,Ghana,GHA,2,4,1,5,8
Slovenia,SVN,Greece,GRC,20,9,48,39,52
Slovenia,SVN,Guatemala,GTM,1,3,2,2,1
Slovenia,SVN,Hungary,HUN,676,1046,930,800,758
Slovenia,SVN,India,IND,19,16,4,123,19
Slovenia,SVN,Ireland,IRL,3,4,7,6,76
Slovenia,SVN,Israel,ISR,2,2,3,14,29
Slovenia,SVN,Italy,ITA,713,805,777,2868,4844
Slovenia,SVN,Luxembourg,LUX,2,4,12,17,83
Slovenia,SVN,"Macedonia, FYR",MKD,1,1,3,1136,1320
Slovenia,SVN,Mexico,MEX,14,15,2,29,34
Slovenia,SVN,Netherlands,NLD,133,34,26,9,32
Slovenia,SVN,New Caledonia,NCL,1,2,1,2,3
Slovenia,SVN,New Zealand,NZL,99,107,91,85,174
Slovenia,SVN,Nigeria,NGA,4,3,12,3,4
Slovenia,SVN,Pakistan,PAK,1,4,4,3,2
Slovenia,SVN,Panama,PAN,18,12,9,10,4
Slovenia,SVN,Peru,PER,174,159,138,1,1
Slovenia,SVN,Poland,POL,1688,1454,976,588,234
Slovenia,SVN,Romania,ROU,172,148,104,74,113
Slovenia,SVN,Serbia and Montenegro,SCG,8,8,15,10,38
Slovenia,SVN,Slovak Republic,SVK,51,57,63,194,42
Slovenia,SVN,South Africa,ZAF,37,52,66,39,58
Slovenia,SVN,Spain,ESP,9,15,26,26,219
Slovenia,SVN,Sweden,SWE,8,181,193,254,675
Slovenia,SVN,Switzerland,CHE,241,201,661,1184,2921
Slovenia,SVN,Togo,TGO,2,2,3,3,3
Slovenia,SVN,Turkey,TUR,249,208,149,181,146
Slovenia,SVN,United Kingdom,GBR,483,713,498,496,12
Slovenia,SVN,United States,USA,3888,4085,3777,3356,2202
Slovenia,SVN,Uruguay,URY,477,395,285,182,20
Slovenia,SVN,"Venezuela, RB",VEN,56,183,148,127,88
Slovenia,SVN,West Bank and Gaza,PSE,1,1,2,2,3
Slovenia,SVN,Zimbabwe,ZWE,4,5,5,4,4
Solomon Islands,SLB,Australia,AUS,4,22,14,1018,1307
Solomon Islands,SLB,Fiji,FJI,3,14,27,34,39
Solomon Islands,SLB,New Zealand,NZL,71,126,216,9,497
Solomon Islands,SLB,Papua New Guinea,PNG,361,890,404,313,235
Solomon Islands,SLB,Samoa,WSM,4,7,8,5,16
Solomon Islands,SLB,Tonga,TON,3,6,12,13,5
Solomon Islands,SLB,United States,USA,3,9,2,56,360
Solomon Islands,SLB,Vanuatu,VUT,6,7,39,83,26
Somalia,SOM,Algeria,DZA,27,11,8,7,5
Somalia,SOM,Australia,AUS,152,415,1214,349,3689
Somalia,SOM,Austria,AUT,53,35,60,108,143
Somalia,SOM,Bahrain,BHR,4,16,19,4,139
Somalia,SOM,Belgium,BEL,47,65,61,425,428
Somalia,SOM,Benin,BEN,2,3,4,5,9
Somalia,SOM,Brazil,BRA,5,1,3,9,10
Somalia,SOM,Bulgaria,BGR,2,2,2,2,9
Somalia,SOM,Burundi,BDI,10,8,7,89,71
Somalia,SOM,Cameroon,CMR,5,6,5,232,195
Somalia,SOM,Canada,CAN,300,1718,3202,208,19798
Somalia,SOM,Central African Republic,CAF,52,29,62,9,3
Somalia,SOM,Chad,TCD,26,29,32,36,40
Somalia,SOM,"Congo, Dem. Rep.",COD,33,5594,3518,2431,1991
Somalia,SOM,"Congo, Rep.",COG,50,84,13,21,4
Somalia,SOM,Cote d'Ivoire,CIV,6,9,11,3,88
Somalia,SOM,Cyprus,CYP,1,5,8,11,6
Somalia,SOM,Djibouti,DJI,5680,10349,20841,32686,41968
Somalia,SOM,"Egypt, Arab Rep.",EGY,89,721,1415,1764,1418
Somalia,SOM,Eritrea,ERI,87,21,53,273,292
Somalia,SOM,Ethiopia,ETH,92237,87739,92238,96967,101938
Somalia,SOM,France,FRA,1008,2416,18,5109,1701
Somalia,SOM,Gabon,GAB,258,59,33,8,12
Somalia,SOM,"Gambia, The",GMB,4,30,19,74,107
Somalia,SOM,Germany,DEU,253,281,253,961,5853
Somalia,SOM,Greece,GRC,10,137,46,112,26
Somalia,SOM,Hungary,HUN,8,28,26,22,21
Somalia,SOM,India,IND,89,363,106,165,181
Somalia,SOM,Indonesia,IDN,3,2,2,3,94
Somalia,SOM,"Iran, Islamic Rep.",IRN,2,3,12,28,24
Somalia,SOM,Ireland,IRL,5,6,10,12,388
Somalia,SOM,Italy,ITA,204,312,2682,10761,6864
Somalia,SOM,Jordan,JOR,2,4,14,16,75
Somalia,SOM,Kenya,KEN,2259,1610,1874,2144,36512
Somalia,SOM,Kuwait,KWT,14,193,1245,1110,1048
Somalia,SOM,Lebanon,LBN,4,2,7,57,682
Somalia,SOM,Luxembourg,LUX,2,3,9,53,11
Somalia,SOM,Madagascar,MDG,37,21,50,5,4
Somalia,SOM,Malawi,MWI,1,1,175,172,169
Somalia,SOM,Mayotte,MYT,2,5,11,28,55
Somalia,SOM,Monaco,MCO,2,1,12,15,18
Somalia,SOM,Morocco,MAR,40,13,7,6,6
Somalia,SOM,New Zealand,NZL,11,42,124,101,1738
Somalia,SOM,Nicaragua,NIC,7,11,13,14,16
Somalia,SOM,Norway,NOR,3,4,26,1304,6582
Somalia,SOM,Oman,OMN,24,34,79,228,336
Somalia,SOM,Pakistan,PAK,7,22,18,14,11
Somalia,SOM,Papua New Guinea,PNG,2,6,8,6,4
Somalia,SOM,Qatar,QAT,4,9,101,95,1019
Somalia,SOM,Saudi Arabia,SAU,249,1403,7154,18638,20163
Somalia,SOM,Serbia and Montenegro,SCG,5,5,10,3,11
Somalia,SOM,Sudan,SDN,2519,2403,3083,4312,5202
Somalia,SOM,Switzerland,CHE,182,50,231,185,4979
Somalia,SOM,Syrian Arab Republic,SYR,371,110,145,205,269
Somalia,SOM,Tanzania,TZA,2080,1928,903,180,718
Somalia,SOM,Tunisia,TUN,55,7,40,1,1
Somalia,SOM,Uganda,UGA,113,113,186,284,152
Somalia,SOM,United Arab Emirates,ARE,3,95,1033,1917,3293
Somalia,SOM,United Kingdom,GBR,116,422,849,63,18001
Somalia,SOM,United States,USA,124,1014,1515,2477,36762
Somalia,SOM,Zimbabwe,ZWE,278,358,338,318,293
South Africa,ZAF,Afghanistan,AFG,25,16,33,173,101
South Africa,ZAF,Angola,AGO,245,98,39,43,67
South Africa,ZAF,Antigua and Barbuda,ATG,1,2,2,2,79
South Africa,ZAF,Australia,AUS,7540,11175,26003,47583,79021
South Africa,ZAF,Austria,AUT,25,17,282,320,595
South Africa,ZAF,Bangladesh,BGD,33,163,181,198,217
South Africa,ZAF,Belgium,BEL,22,174,277,220,740
South Africa,ZAF,Benin,BEN,11,14,18,23,40
South Africa,ZAF,Bolivia,BOL,33,16,2,8,20
South Africa,ZAF,Bosnia and Herzegovina,BIH,3,3,5,24,19
South Africa,ZAF,Botswana,BWA,2059,1838,674,5593,2521
South Africa,ZAF,Brazil,BRA,217,58,122,386,438
South Africa,ZAF,Bulgaria,BGR,12,12,12,12,57
South Africa,ZAF,Cambodia,KHM,117,98,1,12,72
South Africa,ZAF,Canada,CAN,3915,7099,10492,21654,36613
South Africa,ZAF,Colombia,COL,5,6,5,5,43
South Africa,ZAF,"Congo, Dem. Rep.",COD,2167,194,23,16,13
South Africa,ZAF,Cote d'Ivoire,CIV,24,38,48,13,178
South Africa,ZAF,Croatia,HRV,2,2,3,67,8
South Africa,ZAF,Cuba,CUB,28,25,30,35,87
South Africa,ZAF,Cyprus,CYP,116,402,688,980,2264
South Africa,ZAF,Czech Republic,CZE,10,11,12,84,155
South Africa,ZAF,Denmark,DNK,139,2,561,661,990
South Africa,ZAF,Dominican Republic,DOM,37,96,152,218,295
South Africa,ZAF,Ecuador,ECU,1,2,3,3,42
South Africa,ZAF,"Egypt, Arab Rep.",EGY,5,56,112,3,195
South Africa,ZAF,Ethiopia,ETH,6,6,6,7,7
South Africa,ZAF,Faeroe Islands,FRO,7,9,13,14,7
South Africa,ZAF,Fiji,FJI,151,77,9,4,4
South Africa,ZAF,Finland,FIN,3,11,21,107,200
South Africa,ZAF,France,FRA,6163,14771,113,196,10398
South Africa,ZAF,French Guiana,GUF,1,3,7,16,24
South Africa,ZAF,French Polynesia,PYF,67,42,19,187,709
South Africa,ZAF,Gabon,GAB,2,1,2,4,6
South Africa,ZAF,Germany,DEU,123,1456,2820,2409,5280
South Africa,ZAF,Ghana,GHA,141,23,12,156,299
South Africa,ZAF,Greece,GRC,5,71,636,1391,1031
South Africa,ZAF,Guadeloupe,GLP,9,62,103,217,195
South Africa,ZAF,Guam,GUM,35,269,1,27,30
South Africa,ZAF,Hungary,HUN,124,453,417,363,346
South Africa,ZAF,India,IND,9327,3759,5266,23364,9041
South Africa,ZAF,Ireland,IRL,630,794,1412,1723,6082
South Africa,ZAF,Israel,ISR,5,6,8,58,128
South Africa,ZAF,Italy,ITA,97,148,672,1086,1242
South Africa,ZAF,Jordan,JOR,2,3,8,15,58
South Africa,ZAF,Lesotho,LSO,1101,2103,3156,2086,3140
South Africa,ZAF,Libya,LBY,1,1,3,5,6
South Africa,ZAF,Luxembourg,LUX,8,13,44,259,170
South Africa,ZAF,"Macedonia, FYR",MKD,5,5,9,226,263
South Africa,ZAF,Malawi,MWI,9757,9585,7361,7231,7104
South Africa,ZAF,Martinique,MTQ,56,94,109,213,255
South Africa,ZAF,Mauritius,MUS,576,592,672,443,767
South Africa,ZAF,Monaco,MCO,8,7,61,75,89
South Africa,ZAF,Mozambique,MOZ,523,363,1315,35916,159113
South Africa,ZAF,Namibia,NAM,6906,11070,17745,28444,27234
South Africa,ZAF,Netherlands,NLD,5,853,2358,6795,11346
South Africa,ZAF,Netherlands Antilles,ANT,6,6,5,61,2
South Africa,ZAF,New Caledonia,NCL,6,548,3,173,394
South Africa,ZAF,New Zealand,NZL,2161,3126,4172,4687,25663
South Africa,ZAF,Nicaragua,NIC,1,2,3,3,3
South Africa,ZAF,Norway,NOR,250,380,538,645,766
South Africa,ZAF,Pakistan,PAK,388,1223,981,788,632
South Africa,ZAF,Papua New Guinea,PNG,29,70,58,45,34
South Africa,ZAF,Peru,PER,7,11,13,13,11
South Africa,ZAF,Poland,POL,13,11,92,172,289
South Africa,ZAF,Portugal,PRT,349,913,2385,6393,10646
South Africa,ZAF,Puerto Rico,PRI,3,8,12,1,114
South Africa,ZAF,Reunion,REU,2,6,322,429,636
South Africa,ZAF,Saint Helena,SHN,24,41,51,71,75
South Africa,ZAF,Senegal,SEN,2,1,1,2,2
South Africa,ZAF,Serbia and Montenegro,SCG,26,26,47,15,55
South Africa,ZAF,Seychelles,SYC,14,22,16,17,220
South Africa,ZAF,Sierra Leone,SLE,111,182,225,221,2
South Africa,ZAF,Singapore,SGP,125,21,71,186,676
South Africa,ZAF,Slovak Republic,SVK,4,4,5,15,16
South Africa,ZAF,Sudan,SDN,45,43,55,77,93
South Africa,ZAF,Swaziland,SWZ,12397,24656,22868,14758,15404
South Africa,ZAF,Sweden,SWE,330,125,275,515,1005
South Africa,ZAF,Switzerland,CHE,86,24,114,88,1192
South Africa,ZAF,Tanzania,TZA,19,17,317,3,630
South Africa,ZAF,Tonga,TON,1,4,12,19,9
South Africa,ZAF,Trinidad and Tobago,TTO,20,16,19,15,8
South Africa,ZAF,Turkey,TUR,2,3,4,6,295
South Africa,ZAF,Uganda,UGA,2,2,2,2,3
South Africa,ZAF,United Kingdom,GBR,46296,48980,55516,77458,143298
South Africa,ZAF,United States,USA,5724,12349,23096,42299,68041
South Africa,ZAF,Uruguay,URY,6,5,4,4,33
South Africa,ZAF,Vanuatu,VUT,7,8,2,18,13
South Africa,ZAF,"Venezuela, RB",VEN,31,12,72,70,70
South Africa,ZAF,"Yemen, Rep.",YEM,3,4,5,6,7
South Africa,ZAF,Zambia,ZMB,16376,13122,906,3060,2769
South Africa,ZAF,Zimbabwe,ZWE,41366,53321,50290,47432,43624
Spain,ESP,Algeria,DZA,8323,3262,2572,2027,1598
Spain,ESP,Andorra,AND,2229,12004,20228,25191,24505
Spain,ESP,Angola,AGO,37,15,6,6,10
Spain,ESP,Antigua and Barbuda,ATG,81,114,58,5,1
Spain,ESP,Argentina,ARG,753707,547743,373063,252380,137084
Spain,ESP,Aruba,ABW,42,40,38,56,100
Spain,ESP,Australia,AUS,3698,12628,14612,14100,12541
Spain,ESP,Austria,AUT,4329,2938,2048,1169,2203
Spain,ESP,"Bahamas, The",BHS,141,102,33,39,44
Spain,ESP,Barbados,BRB,200,103,19,328,376
Spain,ESP,Belgium,BEL,15860,68911,60845,52142,47129
Spain,ESP,Bermuda,BMU,12,20,15,18,23
Spain,ESP,Bolivia,BOL,1528,1469,1392,1343,1482
Spain,ESP,Bosnia and Herzegovina,BIH,37,38,68,330,260
Spain,ESP,Brazil,BRA,162107,127396,97676,58793,43545
Spain,ESP,Bulgaria,BGR,17,17,18,18,82
Spain,ESP,Burkina Faso,BFA,34,48,91,43,81
Spain,ESP,Cameroon,CMR,46,52,41,61,51
Spain,ESP,Canada,CAN,6556,13163,20171,14715,10480
Spain,ESP,Chad,TCD,4,5,5,6,6
Spain,ESP,Chile,CHL,21767,15486,12122,9675,8636
Spain,ESP,China,CHN,4,5,4,47,104
Spain,ESP,Colombia,COL,5882,6081,5259,4653,5750
Spain,ESP,"Congo, Dem. Rep.",COD,1322,857,478,331,271
Spain,ESP,Costa Rica,CRI,1271,646,945,1152,1624
Spain,ESP,Cote d'Ivoire,CIV,8,13,17,30,8
Spain,ESP,Croatia,HRV,1,1,2,10,67
Spain,ESP,Cuba,CUB,82748,74874,35905,16031,5209
Spain,ESP,Czech Republic,CZE,5,5,6,39,171
Spain,ESP,Denmark,DNK,681,644,1425,1656,2699
Spain,ESP,Dominica,DMA,63,35,8,29,42
Spain,ESP,Dominican Republic,DOM,13147,12356,10819,9825,8967
Spain,ESP,Ecuador,ECU,827,1539,2395,2004,3030
Spain,ESP,El Salvador,SLV,1111,751,601,480,403
Spain,ESP,Ethiopia,ETH,14,13,14,14,15
Spain,ESP,Faeroe Islands,FRO,7,9,13,14,5
Spain,ESP,Fiji,FJI,41,22,3,1,1
Spain,ESP,Finland,FIN,40,188,368,497,786
Spain,ESP,France,FRA,89841,736748,489332,429029,151566
Spain,ESP,French Guiana,GUF,19,54,107,249,379
Spain,ESP,French Polynesia,PYF,7,36,91,74,5
Spain,ESP,Gabon,GAB,3,2,2,4,6
Spain,ESP,Germany,DEU,52278,244214,176968,131604,133635
Spain,ESP,Ghana,GHA,148,138,45,157,269
Spain,ESP,Gibraltar,GIB,4100,3362,2945,2723,2096
Spain,ESP,Greece,GRC,451,1282,2335,2219,931
Spain,ESP,Grenada,GRD,72,38,5,83,155
Spain,ESP,Guadeloupe,GLP,85,41,178,436,391
Spain,ESP,Guatemala,GTM,1602,1855,1416,910,820
Spain,ESP,Guinea,GIN,2,3,5,12,37
Spain,ESP,Guinea-Bissau,GNB,3,3,3,7,7
Spain,ESP,Guyana,GUY,1580,918,91,78,178
Spain,ESP,Haiti,HTI,45,94,119,161,218
Spain,ESP,Honduras,HND,267,121,156,339,383
Spain,ESP,Hungary,HUN,577,238,177,141,128
Spain,ESP,Iceland,ISL,14,27,25,109,154
Spain,ESP,Indonesia,IDN,68,43,44,53,47
Spain,ESP,Ireland,IRL,368,464,824,1133,5425
Spain,ESP,Israel,ISR,5,6,7,35,75
Spain,ESP,Italy,ITA,29680,29109,29971,25830,19609
Spain,ESP,Jamaica,JAM,195,64,244,3,718
Spain,ESP,Japan,JPN,2,38,84,968,1523
Spain,ESP,Jordan,JOR,83,32,22,181,301
Spain,ESP,Kuwait,KWT,1,7,94,87,82
Spain,ESP,Lao PDR,LAO,2,3,3,3,3
Spain,ESP,Liberia,LBR,428,247,138,138,131
Spain,ESP,Libya,LBY,628,204,518,762,913
Spain,ESP,Liechtenstein,LIE,4,214,267,432,267
Spain,ESP,Luxembourg,LUX,71,1858,1485,1796,2111
Spain,ESP,"Macedonia, FYR",MKD,64,65,117,1213,1410
Spain,ESP,Malawi,MWI,2,2,5,5,5
Spain,ESP,Mali,MLI,17,17,16,16,1
Spain,ESP,Martinique,MTQ,14,25,28,55,66
Spain,ESP,Mauritania,MRT,53,88,147,83,92
Spain,ESP,Mexico,MEX,49906,31474,36763,25013,21133
Spain,ESP,Monaco,MCO,131,211,297,370,437
Spain,ESP,Morocco,MAR,93220,29965,16830,14243,13040
Spain,ESP,Mozambique,MOZ,52,12,19,35,37
Spain,ESP,Myanmar,MMR,14,13,14,18,15
Spain,ESP,Namibia,NAM,11,17,27,43,42
Spain,ESP,Netherlands,NLD,5847,3625,6988,17215,17587
Spain,ESP,Netherlands Antilles,ANT,208,182,160,226,54
Spain,ESP,New Caledonia,NCL,61,4,112,56,6
Spain,ESP,New Zealand,NZL,76,142,160,186,337
Spain,ESP,Nicaragua,NIC,210,355,398,427,511
Spain,ESP,Niger,NER,26,35,48,36,12
Spain,ESP,Nigeria,NGA,82,57,268,63,105
Spain,ESP,Norway,NOR,292,640,1026,1339,1644
Spain,ESP,Panama,PAN,3543,3601,2613,2984,2573
Spain,ESP,Paraguay,PRY,372,1113,1075,1045,998
Spain,ESP,Peru,PER,5340,5300,5014,3846,3145
Spain,ESP,Philippines,PHL,30,1112,124,306,173
Spain,ESP,Poland,POL,51,44,375,704,1182
Spain,ESP,Portugal,PRT,1198,3131,8180,10369,12697
Spain,ESP,Puerto Rico,PRI,706,2084,2993,4681,7166
Spain,ESP,Romania,ROU,282,242,171,122,218
Spain,ESP,Rwanda,RWA,68,7,5,7,12
Spain,ESP,Saint Pierre and Miquelon,SPM,4,11,12,13,13
Spain,ESP,Senegal,SEN,45,29,31,57,56
Spain,ESP,Serbia and Montenegro,SCG,361,366,656,451,1671
Spain,ESP,Sierra Leone,SLE,6,10,13,13,8
Spain,ESP,Singapore,SGP,43,6,20,52,74
Spain,ESP,Slovak Republic,SVK,2,2,2,7,30
Spain,ESP,South Africa,ZAF,148,809,1477,881,617
Spain,ESP,St. Kitts and Nevis,KNA,17,13,13,89,2
Spain,ESP,St. Lucia,LCA,64,36,10,128,107
Spain,ESP,St. Vincent and the Grenadines,VCT,28,26,24,34,54
Spain,ESP,Sudan,SDN,19,18,23,63,76
Spain,ESP,Suriname,SUR,311,206,134,182,243
Spain,ESP,Sweden,SWE,855,3912,4349,4826,5024
Spain,ESP,Switzerland,CHE,24340,122841,126727,126965,88369
Spain,ESP,Syrian Arab Republic,SYR,1,11,8,11,15
Spain,ESP,Tanzania,TZA,34,31,33,32,21
Spain,ESP,Thailand,THA,50,106,296,516,1681
Spain,ESP,Togo,TGO,37,53,56,58,60
Spain,ESP,Trinidad and Tobago,TTO,1266,1031,1166,946,524
Spain,ESP,Tunisia,TUN,1451,200,1067,2067,1947
Spain,ESP,Turkey,TUR,271,173,78,24,1205
Spain,ESP,United Kingdom,GBR,24611,31623,41002,39279,60888
Spain,ESP,United States,USA,47232,68175,97039,110958,119977
Spain,ESP,Uruguay,URY,65360,54155,39095,30030,20682
Spain,ESP,"Venezuela, RB",VEN,162858,144301,130624,110859,77759
Spain,ESP,Virgin Islands (U.S.),VIR,55,28,2,41,47
Spain,ESP,"Virgin Islands, British",VGB,8,38,46,1,1
Spain,ESP,West Bank and Gaza,PSE,3,3,4,5,8
Spain,ESP,"Yemen, Rep.",YEM,2,2,3,3,4
Spain,ESP,Zambia,ZMB,5,4,43,7,6
Spain,ESP,Zimbabwe,ZWE,104,134,127,119,110
Sri Lanka,LKA,Afghanistan,AFG,83,193,1422,2016,2054
Sri Lanka,LKA,Albania,ALB,6,6,7,8,9
Sri Lanka,LKA,Angola,AGO,9,3,1,2,2
Sri Lanka,LKA,Australia,AUS,3278,6413,16361,36034,52695
Sri Lanka,LKA,Austria,AUT,168,550,807,998,553
Sri Lanka,LKA,Bahrain,BHR,7,7,1545,2599,3973
Sri Lanka,LKA,Bangladesh,BGD,1047,827,915,1002,1098
Sri Lanka,LKA,Belgium,BEL,57,342,178,850,781
Sri Lanka,LKA,Bhutan,BTN,7,9,12,17,22
Sri Lanka,LKA,Bosnia and Herzegovina,BIH,1,1,2,9,7
Sri Lanka,LKA,Brunei Darussalam,BRN,20,279,350,681,969
Sri Lanka,LKA,Bulgaria,BGR,1,1,1,1,7
Sri Lanka,LKA,Cambodia,KHM,253,213,3,25,157
Sri Lanka,LKA,Canada,CAN,929,12227,24012,10798,89335
Sri Lanka,LKA,Chad,TCD,3,3,3,4,4
Sri Lanka,LKA,China,CHN,4,52,20,91,571
Sri Lanka,LKA,Croatia,HRV,2,2,4,67,11
Sri Lanka,LKA,Cyprus,CYP,17,61,104,148,4486
Sri Lanka,LKA,Czech Republic,CZE,13,14,16,111,31
Sri Lanka,LKA,Denmark,DNK,51,47,553,5441,7658
Sri Lanka,LKA,"Egypt, Arab Rep.",EGY,122,193,273,15,256
Sri Lanka,LKA,Faeroe Islands,FRO,7,9,13,14,9
Sri Lanka,LKA,Fiji,FJI,79,62,51,64,74
Sri Lanka,LKA,Finland,FIN,2,8,15,148,345
Sri Lanka,LKA,France,FRA,6734,673,416,11840,11361
Sri Lanka,LKA,French Polynesia,PYF,1,2,3,9,11
Sri Lanka,LKA,Germany,DEU,719,940,1602,23687,58017
Sri Lanka,LKA,Ghana,GHA,34,17,5,19,33
Sri Lanka,LKA,Greece,GRC,33,93,172,843,819
Sri Lanka,LKA,Guam,GUM,15,106,5,51,67
Sri Lanka,LKA,"Hong Kong SAR, China",HKG,4,331,214,159,3020
Sri Lanka,LKA,Hungary,HUN,1269,1474,1284,1096,1034
Sri Lanka,LKA,India,IND,30652,40358,236125,273679,185572
Sri Lanka,LKA,Indonesia,IDN,527,332,338,410,366
Sri Lanka,LKA,"Iran, Islamic Rep.",IRN,12,22,84,201,169
Sri Lanka,LKA,Ireland,IRL,22,28,49,60,212
Sri Lanka,LKA,Italy,ITA,643,2599,1027,18916,42113
Sri Lanka,LKA,Japan,JPN,9,139,308,1759,4563
Sri Lanka,LKA,Jordan,JOR,2,6,20,6841,12320
Sri Lanka,LKA,Kenya,KEN,26,276,220,156,4
Sri Lanka,LKA,Kuwait,KWT,88,153,147,10799,10198
Sri Lanka,LKA,Lao PDR,LAO,2,2,2,2,2
Sri Lanka,LKA,Lebanon,LBN,2,6,12,2394,4199
Sri Lanka,LKA,Lesotho,LSO,1,3,4,43,15
Sri Lanka,LKA,Liberia,LBR,6,9,2,2,2
Sri Lanka,LKA,Libya,LBY,3,19,48,71,85
Sri Lanka,LKA,Luxembourg,LUX,3,5,16,95,40
Sri Lanka,LKA,"Macao SAR, China",MAC,12,5,18,20,21
Sri Lanka,LKA,"Macedonia, FYR",MKD,2,2,3,94,109
Sri Lanka,LKA,Malawi,MWI,1,1,2,2,2
Sri Lanka,LKA,Malaysia,MYS,506,6280,2813,1372,2821
Sri Lanka,LKA,Maldives,MDV,3,7,54,93,82
Sri Lanka,LKA,Malta,MLT,7,1,11,23,64
Sri Lanka,LKA,Mexico,MEX,21,23,10,30,32
Sri Lanka,LKA,"Micronesia, Fed. Sts.",FSM,1,1,3,6,5
Sri Lanka,LKA,Monaco,MCO,3,1,22,28,33
Sri Lanka,LKA,Mozambique,MOZ,2,2,10,74,279
Sri Lanka,LKA,Myanmar,MMR,266,253,181,141,116
Sri Lanka,LKA,Namibia,NAM,3,5,9,14,13
Sri Lanka,LKA,Netherlands,NLD,2,653,1807,5206,9598
Sri Lanka,LKA,Netherlands Antilles,ANT,5,4,4,9,2
Sri Lanka,LKA,New Zealand,NZL,191,318,973,1146,6065
Sri Lanka,LKA,Niger,NER,5,7,10,7,2
Sri Lanka,LKA,Nigeria,NGA,16,14,85,25,42
Sri Lanka,LKA,Norway,NOR,6,24,276,4772,7450
Sri Lanka,LKA,Oman,OMN,2004,2883,6705,19447,28630
Sri Lanka,LKA,Pakistan,PAK,395,18322,14708,11807,9478
Sri Lanka,LKA,Papua New Guinea,PNG,31,78,186,144,108
Sri Lanka,LKA,Philippines,PHL,194,121,964,141,650
Sri Lanka,LKA,Poland,POL,17,14,20,26,36
Sri Lanka,LKA,Qatar,QAT,2,30,174,3996,6274
Sri Lanka,LKA,Romania,ROU,3,2,2,1,3
Sri Lanka,LKA,Saudi Arabia,SAU,1371,7723,39383,102608,111001
Sri Lanka,LKA,Senegal,SEN,2,2,2,3,3
Sri Lanka,LKA,Serbia and Montenegro,SCG,10,10,18,6,21
Sri Lanka,LKA,Singapore,SGP,1856,525,676,1209,3406
Sri Lanka,LKA,South Africa,ZAF,214,212,208,122,418
Sri Lanka,LKA,Sudan,SDN,19,18,24,34,40
Sri Lanka,LKA,Sweden,SWE,3,153,680,3958,5789
Sri Lanka,LKA,Switzerland,CHE,573,472,398,7141,34182
Sri Lanka,LKA,Syrian Arab Republic,SYR,81,782,569,805,1058
Sri Lanka,LKA,Tanzania,TZA,95,88,29,28,30
Sri Lanka,LKA,Thailand,THA,3168,1005,2831,4935,16084
Sri Lanka,LKA,Timor-Leste,TLS,2,2,2,2,3
Sri Lanka,LKA,Togo,TGO,7,11,11,12,12
Sri Lanka,LKA,Trinidad and Tobago,TTO,3,2,3,2,1
Sri Lanka,LKA,Uganda,UGA,5,5,5,5,2
Sri Lanka,LKA,United Arab Emirates,ARE,3,88,957,1775,3051
Sri Lanka,LKA,United Kingdom,GBR,11058,17870,26715,40818,4412
Sri Lanka,LKA,United States,USA,343,266,6209,14865,26040
Sri Lanka,LKA,Vanuatu,VUT,25,29,16,12,4
Sri Lanka,LKA,Vietnam,VNM,25,12,24,12,226
Sri Lanka,LKA,"Yemen, Rep.",YEM,2,3,4,5,6
Sri Lanka,LKA,Zambia,ZMB,5,4,83,12,11
Sri Lanka,LKA,Zimbabwe,ZWE,56,73,68,65,59
St. Kitts and Nevis,KNA,Anguilla,AIA,22,37,54,102,175
St. Kitts and Nevis,KNA,Antigua and Barbuda,ATG,138,197,331,492,269
St. Kitts and Nevis,KNA,Aruba,ABW,90,85,80,49,67
St. Kitts and Nevis,KNA,"Bahamas, The",BHS,74,18,16,16,18
St. Kitts and Nevis,KNA,Barbados,BRB,524,334,185,53,61
St. Kitts and Nevis,KNA,Bermuda,BMU,2,5,3,196,142
St. Kitts and Nevis,KNA,Canada,CAN,9,101,197,1343,2439
St. Kitts and Nevis,KNA,Cuba,CUB,370,335,187,115,146
St. Kitts and Nevis,KNA,Dominica,DMA,109,85,63,32,47
St. Kitts and Nevis,KNA,Dominican Republic,DOM,175,158,132,112,92
St. Kitts and Nevis,KNA,Grenada,GRD,264,139,20,9,16
St. Kitts and Nevis,KNA,Guadeloupe,GLP,55,91,210,474,425
St. Kitts and Nevis,KNA,Haiti,HTI,16,39,50,68,92
St. Kitts and Nevis,KNA,Jamaica,JAM,218,157,119,112,334
St. Kitts and Nevis,KNA,Martinique,MTQ,1,3,120,6,7
St. Kitts and Nevis,KNA,Montserrat,MSR,163,231,244,178,16
St. Kitts and Nevis,KNA,Netherlands Antilles,ANT,1790,1572,1381,1860,612
St. Kitts and Nevis,KNA,Puerto Rico,PRI,76,224,322,147,3007
St. Kitts and Nevis,KNA,St. Lucia,LCA,112,84,60,41,77
St. Kitts and Nevis,KNA,Trinidad and Tobago,TTO,5390,2403,213,138,220
St. Kitts and Nevis,KNA,Turks and Caicos Islands,TCA,6,17,43,22,24
St. Kitts and Nevis,KNA,United Kingdom,GBR,7,9,9,8,12
St. Kitts and Nevis,KNA,United States,USA,2311,54,2224,8124,11101
St. Kitts and Nevis,KNA,Virgin Islands (U.S.),VIR,1028,1108,6887,10389,7069
St. Kitts and Nevis,KNA,"Virgin Islands, British",VGB,181,885,1087,1687,1864
St. Kitts and Nevis,KNA,"Yemen, Rep.",YEM,2,2,3,3,4
St. Lucia,LCA,Anguilla,AIA,17,28,41,77,132
St. Lucia,LCA,Antigua and Barbuda,ATG,152,215,301,411,382
St. Lucia,LCA,Aruba,ABW,88,84,79,38,51
St. Lucia,LCA,"Bahamas, The",BHS,58,17,23,28,31
St. Lucia,LCA,Barbados,BRB,398,1824,3462,3465,3970
St. Lucia,LCA,Canada,CAN,10,115,225,1787,3168
St. Lucia,LCA,Colombia,COL,8,9,9,9,12
St. Lucia,LCA,Cuba,CUB,280,254,142,88,114
St. Lucia,LCA,Dominica,DMA,83,84,87,113,166
St. Lucia,LCA,Dominican Republic,DOM,642,581,484,411,339
St. Lucia,LCA,Ecuador,ECU,1,3,4,4,4
St. Lucia,LCA,France,FRA,16,2,1,1,27
St. Lucia,LCA,French Guiana,GUF,452,1700,3389,7886,12026
St. Lucia,LCA,Germany,DEU,3,1,3,56,8
St. Lucia,LCA,Grenada,GRD,200,142,92,92,172
St. Lucia,LCA,Guadeloupe,GLP,88,147,338,762,685
St. Lucia,LCA,Guyana,GUY,2,632,769,278,256
St. Lucia,LCA,Haiti,HTI,13,31,39,53,72
St. Lucia,LCA,Jamaica,JAM,168,119,90,85,259
St. Lucia,LCA,Martinique,MTQ,375,747,91,1580,1894
St. Lucia,LCA,Montserrat,MSR,17,25,26,31,3
St. Lucia,LCA,Netherlands Antilles,ANT,244,215,189,266,351
St. Lucia,LCA,Nigeria,NGA,3,3,26,9,15
St. Lucia,LCA,Puerto Rico,PRI,59,175,252,112,2350
St. Lucia,LCA,St. Kitts and Nevis,KNA,87,68,64,48,55
St. Lucia,LCA,St. Vincent and the Grenadines,VCT,120,110,102,112,179
St. Lucia,LCA,Suriname,SUR,8,5,3,4,6
St. Lucia,LCA,Togo,TGO,1,2,2,2,2
St. Lucia,LCA,Trinidad and Tobago,TTO,4058,2384,1536,1302,993
St. Lucia,LCA,Turks and Caicos Islands,TCA,5,13,33,17,19
St. Lucia,LCA,United Kingdom,GBR,24,32,31,28,42
St. Lucia,LCA,United States,USA,2679,63,1818,8099,14151
St. Lucia,LCA,Uruguay,URY,8,7,5,5,8
St. Lucia,LCA,Virgin Islands (U.S.),VIR,27,743,2890,4568,3461
St. Lucia,LCA,"Virgin Islands, British",VGB,12,61,75,261,288
St. Vincent and the Grenadines,VCT,Anguilla,AIA,35,59,86,162,278
St. Vincent and the Grenadines,VCT,Antigua and Barbuda,ATG,197,280,378,504,518
St. Vincent and the Grenadines,VCT,Aruba,ABW,185,175,165,230,140
St. Vincent and the Grenadines,VCT,"Bahamas, The",BHS,119,20,13,25,28
St. Vincent and the Grenadines,VCT,Barbados,BRB,834,2059,3524,3841,4401
St. Vincent and the Grenadines,VCT,Canada,CAN,17,202,394,3297,8643
St. Vincent and the Grenadines,VCT,Cuba,CUB,587,531,297,183,235
St. Vincent and the Grenadines,VCT,Dominica,DMA,173,123,75,60,89
St. Vincent and the Grenadines,VCT,Dominican Republic,DOM,7,6,5,4,4
St. Vincent and the Grenadines,VCT,French Guiana,GUF,2,9,18,43,65
St. Vincent and the Grenadines,VCT,Grenada,GRD,419,390,385,325,605
St. Vincent and the Grenadines,VCT,Guadeloupe,GLP,87,145,334,753,676
St. Vincent and the Grenadines,VCT,Haiti,HTI,26,64,80,109,147
St. Vincent and the Grenadines,VCT,Hungary,HUN,2,12,11,10,9
St. Vincent and the Grenadines,VCT,Jamaica,JAM,351,250,189,178,542
St. Vincent and the Grenadines,VCT,Martinique,MTQ,2,4,190,9,11
St. Vincent and the Grenadines,VCT,Montserrat,MSR,7,16,21,44,4
St. Vincent and the Grenadines,VCT,Netherlands Antilles,ANT,512,450,395,557,142
St. Vincent and the Grenadines,VCT,Nigeria,NGA,6,8,58,20,33
St. Vincent and the Grenadines,VCT,Puerto Rico,PRI,122,361,518,233,4838
St. Vincent and the Grenadines,VCT,St. Kitts and Nevis,KNA,50,39,37,75,89
St. Vincent and the Grenadines,VCT,St. Lucia,LCA,178,211,253,231,388
St. Vincent and the Grenadines,VCT,Togo,TGO,3,4,4,4,4
St. Vincent and the Grenadines,VCT,Trinidad and Tobago,TTO,8559,9369,13625,11588,8528
St. Vincent and the Grenadines,VCT,Turks and Caicos Islands,TCA,10,26,69,35,39
St. Vincent and the Grenadines,VCT,United Kingdom,GBR,20,26,26,23,35
St. Vincent and the Grenadines,VCT,United States,USA,4252,99,4106,13060,22249
St. Vincent and the Grenadines,VCT,Virgin Islands (U.S.),VIR,88,1228,510,799,778
St. Vincent and the Grenadines,VCT,"Virgin Islands, British",VGB,62,304,373,1022,1129
St. Vincent and the Grenadines,VCT,"Yemen, Rep.",YEM,3,4,5,6,7
Sudan,SDN,Algeria,DZA,457,179,141,111,88
Sudan,SDN,Australia,AUS,169,461,1348,1231,4862
Sudan,SDN,Austria,AUT,7,5,8,203,454
Sudan,SDN,Bahrain,BHR,45,46,188,43,1496
Sudan,SDN,Bangladesh,BGD,1,6,7,8,8
Sudan,SDN,Belgium,BEL,6,8,105,54,55
Sudan,SDN,Benin,BEN,8,10,14,18,31
Sudan,SDN,Brazil,BRA,7,2,4,12,13
Sudan,SDN,Bulgaria,BGR,10,11,11,11,50
Sudan,SDN,Burkina Faso,BFA,31,43,83,26,7
Sudan,SDN,Burundi,BDI,94,75,60,510,409
Sudan,SDN,Cameroon,CMR,648,729,581,1372,1155
Sudan,SDN,Canada,CAN,177,1003,1867,559,7278
Sudan,SDN,Central African Republic,CAF,539,297,642,1187,371
Sudan,SDN,Chad,TCD,7061,7803,8624,9531,10800
Sudan,SDN,"Congo, Dem. Rep.",COD,9,33063,20804,14376,11770
Sudan,SDN,"Congo, Rep.",COG,296,497,76,127,23
Sudan,SDN,Cote d'Ivoire,CIV,19,29,37,10,52
Sudan,SDN,Croatia,HRV,2,2,3,72,9
Sudan,SDN,Cyprus,CYP,2640,2113,1577,1049,270
Sudan,SDN,Czech Republic,CZE,10,12,13,90,68
Sudan,SDN,Djibouti,DJI,136,248,499,782,1005
Sudan,SDN,"Egypt, Arab Rep.",EGY,28828,22320,15485,19745,15809
Sudan,SDN,Equatorial Guinea,GNQ,3,7,35,18,30
Sudan,SDN,Eritrea,ERI,107,310,215,592,1667
Sudan,SDN,Ethiopia,ETH,7591,7221,7591,7981,8390
Sudan,SDN,France,FRA,171,409,3,5,288
Sudan,SDN,Gabon,GAB,1529,411,320,285,433
Sudan,SDN,"Gambia, The",GMB,22,177,115,438,633
Sudan,SDN,Germany,DEU,32,36,32,956,749
Sudan,SDN,Ghana,GHA,258,30,16,208,399
Sudan,SDN,Greece,GRC,1,18,394,905,342
Sudan,SDN,Hungary,HUN,38,127,116,101,96
Sudan,SDN,India,IND,188,767,223,348,383
Sudan,SDN,"Iran, Islamic Rep.",IRN,18,31,118,282,238
Sudan,SDN,Iraq,IRQ,7,882,1543,2704,775
Sudan,SDN,Israel,ISR,90,107,145,1000,2209
Sudan,SDN,Italy,ITA,26,40,166,1,816
Sudan,SDN,Jordan,JOR,45,171,626,1415,2491
Sudan,SDN,Kenya,KEN,2286,312,1936,3714,48296
Sudan,SDN,Kuwait,KWT,23,1110,2857,3414,3224
Sudan,SDN,Lebanon,LBN,48,13,64,720,6944
Sudan,SDN,Libya,LBY,150,2094,5322,7840,9387
Sudan,SDN,Madagascar,MDG,220,126,296,22,20
Sudan,SDN,Martinique,MTQ,1,2,2,4,5
Sudan,SDN,Mayotte,MYT,13,28,59,151,302
Sudan,SDN,Morocco,MAR,686,220,124,105,96
Sudan,SDN,New Zealand,NZL,12,46,138,112,320
Sudan,SDN,Oman,OMN,704,1012,2354,6827,10052
Sudan,SDN,Pakistan,PAK,15,47,38,30,24
Sudan,SDN,Papua New Guinea,PNG,3,6,8,6,5
Sudan,SDN,Poland,POL,14,12,29,47,74
Sudan,SDN,Qatar,QAT,46,72,940,1202,10376
Sudan,SDN,Rwanda,RWA,8,28,35,48,567
Sudan,SDN,Sao Tome and Principe,STP,3,3,3,4,4
Sudan,SDN,Saudi Arabia,SAU,2457,13838,70566,183849,198887
Sudan,SDN,Senegal,SEN,3,2,2,3,3
Sudan,SDN,Slovak Republic,SVK,4,5,5,16,13
Sudan,SDN,Somalia,SOM,158,455,367,908,3197
Sudan,SDN,South Africa,ZAF,125,113,98,109,1134
Sudan,SDN,Switzerland,CHE,23,6,30,24,644
Sudan,SDN,Syrian Arab Republic,SYR,4083,1101,1597,2260,2971
Sudan,SDN,Tanzania,TZA,442,410,365,1063,268
Sudan,SDN,Tunisia,TUN,927,21,682,1,1
Sudan,SDN,Turkey,TUR,28,52,62,111,213
Sudan,SDN,Uganda,UGA,55329,55230,68309,89753,149360
Sudan,SDN,United Arab Emirates,ARE,41,1225,13377,24821,42646
Sudan,SDN,United Kingdom,GBR,1187,137,144,61,124
Sudan,SDN,United States,USA,302,692,3430,6309,18652
Sudan,SDN,West Bank and Gaza,PSE,113,134,159,209,324
Sudan,SDN,"Yemen, Rep.",YEM,54,66,82,102,119
Sudan,SDN,Zimbabwe,ZWE,235,303,285,269,248
Suriname,SUR,Antigua and Barbuda,ATG,9,12,11,10,11
Suriname,SUR,Aruba,ABW,617,584,552,715,1275
Suriname,SUR,Austria,AUT,38,15,37,111,4
Suriname,SUR,"Bahamas, The",BHS,2,2,1,3,3
Suriname,SUR,Barbados,BRB,21,55,96,35,40
Suriname,SUR,Bosnia and Herzegovina,BIH,3,3,5,23,18
Suriname,SUR,Brazil,BRA,336,3,195,119,232
Suriname,SUR,Canada,CAN,28,36,45,698,836
Suriname,SUR,Colombia,COL,1,6,10,15,9
Suriname,SUR,"Congo, Dem. Rep.",COD,10,18,11,8,6
Suriname,SUR,Cuba,CUB,104,94,49,27,27
Suriname,SUR,Denmark,DNK,126,142,16,22,26
Suriname,SUR,Dominica,DMA,7,4,1,8,11
Suriname,SUR,Dominican Republic,DOM,245,221,183,154,125
Suriname,SUR,Ecuador,ECU,3,5,8,8,8
Suriname,SUR,Finland,FIN,36,153,295,30,40
Suriname,SUR,French Guiana,GUF,1430,1303,2598,6045,9218
Suriname,SUR,Germany,DEU,135,341,158,63,2530
Suriname,SUR,Greece,GRC,8,21,38,3,1
Suriname,SUR,Guadeloupe,GLP,1,4,8,19,17
Suriname,SUR,Guyana,GUY,4,158,189,737,2245
Suriname,SUR,Hungary,HUN,1,7,6,5,5
Suriname,SUR,Ireland,IRL,73,92,164,118,29
Suriname,SUR,Israel,ISR,21,26,24,314,717
Suriname,SUR,Italy,ITA,146,888,56,241,21
Suriname,SUR,Luxembourg,LUX,8,12,40,235,11
Suriname,SUR,"Macedonia, FYR",MKD,4,4,8,216,251
Suriname,SUR,Martinique,MTQ,2,5,5,9,11
Suriname,SUR,Netherlands,NLD,4,20342,56301,162265,178273
Suriname,SUR,Netherlands Antilles,ANT,2119,1861,1635,1789,2432
Suriname,SUR,Nigeria,NGA,5,7,52,18,30
Suriname,SUR,Norway,NOR,30,7,5,13,17
Suriname,SUR,Puerto Rico,PRI,19,57,82,452,762
Suriname,SUR,Senegal,SEN,2,1,1,2,2
Suriname,SUR,Serbia and Montenegro,SCG,24,25,45,86,318
Suriname,SUR,Spain,ESP,1501,2531,4336,15319,52
Suriname,SUR,St. Kitts and Nevis,KNA,2,1,1,9,4
Suriname,SUR,St. Lucia,LCA,7,4,1,14,7
Suriname,SUR,Sweden,SWE,8,253,1042,895,21
Suriname,SUR,Switzerland,CHE,131,164,91,615,9
Suriname,SUR,Togo,TGO,2,3,3,4,4
Suriname,SUR,Trinidad and Tobago,TTO,134,110,124,101,56
Suriname,SUR,Turkey,TUR,3,5,6,10,17
Suriname,SUR,United Kingdom,GBR,542,30,5501,7002,15444
Suriname,SUR,United States,USA,7,75,1598,3248,48
Suriname,SUR,Uruguay,URY,15,13,9,9,14
Suriname,SUR,"Venezuela, RB",VEN,47,63,71,107,61
Suriname,SUR,West Bank and Gaza,PSE,1,1,2,2,3
Swaziland,SWZ,Angola,AGO,363,145,58,63,100
Swaziland,SWZ,Australia,AUS,10,27,79,114,202
Swaziland,SWZ,Botswana,BWA,70,63,23,105,1318
Swaziland,SWZ,Canada,CAN,23,128,239,265,189
Swaziland,SWZ,Hungary,HUN,1,8,7,6,6
Swaziland,SWZ,India,IND,67,276,80,125,138
Swaziland,SWZ,Israel,ISR,4,5,6,44,97
Swaziland,SWZ,Lesotho,LSO,82,48,18,61,63
Swaziland,SWZ,Malawi,MWI,47,46,7247,7119,6994
Swaziland,SWZ,Martinique,MTQ,2,2,3,6,7
Swaziland,SWZ,Mauritius,MUS,5,5,22,18,18
Swaziland,SWZ,Namibia,NAM,26,42,68,109,104
Swaziland,SWZ,New Zealand,NZL,2,9,17,11,36
Swaziland,SWZ,Pakistan,PAK,5,17,13,11,9
Swaziland,SWZ,Reunion,REU,2,6,433,576,854
Swaziland,SWZ,Seychelles,SYC,14,18,8,7,30
Swaziland,SWZ,South Africa,ZAF,41165,39234,36720,63252,31891
Swaziland,SWZ,Sudan,SDN,5,5,6,9,10
Swaziland,SWZ,United Kingdom,GBR,1238,79,176,86,456
Swaziland,SWZ,United States,USA,46,104,1043,461,2759
Swaziland,SWZ,Zambia,ZMB,39,31,1031,227,206
Swaziland,SWZ,Zimbabwe,ZWE,79,102,97,91,84
Sweden,SWE,Albania,ALB,2,2,2,2,3
Sweden,SWE,Algeria,DZA,48,19,15,12,9
Sweden,SWE,Angola,AGO,31,12,5,5,8
Sweden,SWE,Argentina,ARG,77,507,964,566,481
Sweden,SWE,Australia,AUS,2569,2967,4247,5502,6754
Sweden,SWE,Austria,AUT,2145,2748,2296,2160,3726
Sweden,SWE,Bahrain,BHR,3,1,4,3,3
Sweden,SWE,Belgium,BEL,309,940,1335,2806,4562
Sweden,SWE,Benin,BEN,2,2,3,4,7
Sweden,SWE,Bermuda,BMU,11,19,14,17,22
Sweden,SWE,Bhutan,BTN,5,6,9,12,16
Sweden,SWE,Bolivia,BOL,22,15,9,146,128
Sweden,SWE,Bosnia and Herzegovina,BIH,174,177,317,1547,1218
Sweden,SWE,Brazil,BRA,13,1118,1134,454,713
Sweden,SWE,Bulgaria,BGR,19,19,20,20,91
Sweden,SWE,Burkina Faso,BFA,64,90,172,78,153
Sweden,SWE,Canada,CAN,18808,18845,19252,10335,7508
Sweden,SWE,Cape Verde,CPV,1,2,2,2,2
Sweden,SWE,Chile,CHL,157,146,164,727,1228
Sweden,SWE,China,CHN,13,8,4,34,18
Sweden,SWE,Colombia,COL,180,184,157,137,147
Sweden,SWE,"Congo, Dem. Rep.",COD,1766,430,189,131,107
Sweden,SWE,Costa Rica,CRI,11,11,40,61,102
Sweden,SWE,Cote d'Ivoire,CIV,16,24,31,57,14
Sweden,SWE,Croatia,HRV,1713,1741,3118,284,282
Sweden,SWE,Cuba,CUB,9,8,4,2,1
Sweden,SWE,Czech Republic,CZE,17,19,21,147,212
Sweden,SWE,Denmark,DNK,18430,20753,18047,16988,18757
Sweden,SWE,Dominican Republic,DOM,7,109,207,319,450
Sweden,SWE,Ecuador,ECU,4,8,12,13,120
Sweden,SWE,El Salvador,SLV,18,2,12,18,2
Sweden,SWE,Ethiopia,ETH,5,5,5,6,6
Sweden,SWE,Faeroe Islands,FRO,67,89,119,130,77
Sweden,SWE,Finland,FIN,4922,9212,15113,25777,28981
Sweden,SWE,France,FRA,15614,5628,4541,6430,26342
Sweden,SWE,Germany,DEU,2741,5116,10700,9622,19214
Sweden,SWE,Ghana,GHA,279,262,85,297,508
Sweden,SWE,Greece,GRC,37,103,908,2677,2118
Sweden,SWE,Guatemala,GTM,11,28,26,20,29
Sweden,SWE,Guinea,GIN,4,6,9,3,4
Sweden,SWE,Guinea-Bissau,GNB,5,6,6,13,13
Sweden,SWE,Honduras,HND,6,3,3,7,22
Sweden,SWE,"Hong Kong SAR, China",HKG,34,51,1,61,64
Sweden,SWE,Hungary,HUN,1886,1128,906,750,695
Sweden,SWE,Iceland,ISL,141,263,514,1072,1549
Sweden,SWE,India,IND,112,7,24,808,113
Sweden,SWE,Indonesia,IDN,44,27,28,34,30
Sweden,SWE,Ireland,IRL,65,82,146,131,1633
Sweden,SWE,Israel,ISR,18,21,25,125,269
Sweden,SWE,Italy,ITA,2376,2315,2389,5706,4052
Sweden,SWE,Jordan,JOR,17,17,46,53,88
Sweden,SWE,"Korea, Rep.",KOR,2,10,66,70,2
Sweden,SWE,Kuwait,KWT,3,14,145,139,132
Sweden,SWE,Lao PDR,LAO,2,2,2,2,2
Sweden,SWE,Liberia,LBR,353,794,239,239,227
Sweden,SWE,Libya,LBY,4,1,3,4,5
Sweden,SWE,Luxembourg,LUX,9,28,173,429,974
Sweden,SWE,"Macedonia, FYR",MKD,305,310,555,1227,1425
Sweden,SWE,Malawi,MWI,2,2,4,4,4
Sweden,SWE,Mali,MLI,31,30,29,29,2
Sweden,SWE,Mexico,MEX,231,242,32,284,433
Sweden,SWE,Monaco,MCO,7,48,52,64,76
Sweden,SWE,Mozambique,MOZ,6,5,19,35,36
Sweden,SWE,Myanmar,MMR,9,9,9,12,10
Sweden,SWE,Namibia,NAM,10,16,26,42,40
Sweden,SWE,Netherlands,NLD,1007,550,998,2374,3494
Sweden,SWE,New Zealand,NZL,337,339,379,456,953
Sweden,SWE,Nicaragua,NIC,21,35,40,43,51
Sweden,SWE,Niger,NER,50,67,91,68,22
Sweden,SWE,Nigeria,NGA,447,254,886,119,200
Sweden,SWE,Norway,NOR,17355,16522,18199,20708,34109
Sweden,SWE,Pakistan,PAK,8,26,21,17,14
Sweden,SWE,Panama,PAN,39,33,56,31,53
Sweden,SWE,Peru,PER,181,248,300,149,122
Sweden,SWE,Philippines,PHL,16,63,80,119,154
Sweden,SWE,Poland,POL,189,163,325,494,758
Sweden,SWE,Portugal,PRT,39,103,270,609,957
Sweden,SWE,Romania,ROU,472,405,286,204,97
Sweden,SWE,Rwanda,RWA,169,8,2,8,4
Sweden,SWE,Senegal,SEN,85,55,58,108,107
Sweden,SWE,Serbia and Montenegro,SCG,1676,1703,3049,3300,12214
Sweden,SWE,Sierra Leone,SLE,12,20,24,24,16
Sweden,SWE,Singapore,SGP,7,1,3,9,13
Sweden,SWE,Slovak Republic,SVK,7,7,8,25,23
Sweden,SWE,Slovenia,SVN,498,506,906,247,3
Sweden,SWE,South Africa,ZAF,691,786,873,491,104
Sweden,SWE,Spain,ESP,1912,3225,5525,6203,7605
Sweden,SWE,Switzerland,CHE,810,3133,4474,5307,6114
Sweden,SWE,Syrian Arab Republic,SYR,2,23,16,23,31
Sweden,SWE,Thailand,THA,32,68,187,326,1060
Sweden,SWE,Togo,TGO,71,101,106,111,114
Sweden,SWE,Trinidad and Tobago,TTO,4,3,4,3,2
Sweden,SWE,Tunisia,TUN,8,102,6,12,11
Sweden,SWE,Turkey,TUR,22,40,48,86,5318
Sweden,SWE,United Kingdom,GBR,4358,5453,7203,11202,1286
Sweden,SWE,United States,USA,223726,150445,86323,61169,55584
Sweden,SWE,Uruguay,URY,25,20,15,15,301
Sweden,SWE,"Venezuela, RB",VEN,104,220,249,234,140
Sweden,SWE,West Bank and Gaza,PSE,10,12,15,19,30
Sweden,SWE,"Yemen, Rep.",YEM,6,8,10,12,14
Sweden,SWE,Zambia,ZMB,829,665,35,6,5
Sweden,SWE,Zimbabwe,ZWE,111,143,135,127,117
Switzerland,CHE,Albania,ALB,1,1,1,1,2
Switzerland,CHE,Algeria,DZA,325,127,100,79,62
Switzerland,CHE,Andorra,AND,2,12,15,30,39
Switzerland,CHE,Angola,AGO,118,47,19,21,32
Switzerland,CHE,Antigua and Barbuda,ATG,1,1,3,5,4
Switzerland,CHE,Argentina,ARG,242,1588,3017,2173,1820
Switzerland,CHE,Australia,AUS,4114,5393,7450,8772,10652
Switzerland,CHE,Austria,AUT,33516,15659,9022,7599,8419
Switzerland,CHE,"Bahamas, The",BHS,2,118,64,90,100
Switzerland,CHE,Bahrain,BHR,7,3,10,7,7
Switzerland,CHE,Belgium,BEL,3700,3826,3469,2547,2193
Switzerland,CHE,Benin,BEN,2,3,3,5,8
Switzerland,CHE,Bermuda,BMU,6,10,7,9,11
Switzerland,CHE,Bhutan,BTN,5,7,9,12,16
Switzerland,CHE,Bolivia,BOL,207,112,30,238,389
Switzerland,CHE,Bosnia and Herzegovina,BIH,163,166,297,1447,1139
Switzerland,CHE,Botswana,BWA,2,2,3,24,26
Switzerland,CHE,Brazil,BRA,63,4178,4264,2866,2940
Switzerland,CHE,Bulgaria,BGR,20,21,21,21,98
Switzerland,CHE,Burkina Faso,BFA,25,36,68,31,61
Switzerland,CHE,Cameroon,CMR,12,13,10,16,13
Switzerland,CHE,Canada,CAN,11069,10544,10213,18441,20984
Switzerland,CHE,Cape Verde,CPV,2,2,2,2,3
Switzerland,CHE,Cayman Islands,CYM,2,3,11,35,4
Switzerland,CHE,Central African Republic,CAF,2,1,3,44,14
Switzerland,CHE,Chad,TCD,1,1,1,1,2
Switzerland,CHE,Chile,CHL,943,624,508,693,1011
Switzerland,CHE,China,CHN,20,13,7,55,30
Switzerland,CHE,Colombia,COL,573,632,592,578,548
Switzerland,CHE,"Congo, Dem. Rep.",COD,7209,1752,771,533,436
Switzerland,CHE,Costa Rica,CRI,76,73,103,244,504
Switzerland,CHE,Cote d'Ivoire,CIV,18,28,36,58,16
Switzerland,CHE,Croatia,HRV,1597,1623,2906,473,779
Switzerland,CHE,Cuba,CUB,36,32,16,8,4
Switzerland,CHE,Czech Republic,CZE,17,19,21,149,388
Switzerland,CHE,Denmark,DNK,140,1338,1517,1507,1858
Switzerland,CHE,Dominican Republic,DOM,29,621,1193,1844,2609
Switzerland,CHE,Ecuador,ECU,14,27,42,45,669
Switzerland,CHE,"Egypt, Arab Rep.",EGY,94,465,873,1568,1836
Switzerland,CHE,El Salvador,SLV,135,65,56,49,51
Switzerland,CHE,Ethiopia,ETH,22,21,22,23,24
Switzerland,CHE,Faeroe Islands,FRO,7,9,13,14,7
Switzerland,CHE,Finland,FIN,175,114,76,425,617
Switzerland,CHE,France,FRA,18447,79796,31394,69982,31121
Switzerland,CHE,French Polynesia,PYF,8,40,104,92,4
Switzerland,CHE,Gabon,GAB,5,3,4,6,9
Switzerland,CHE,Germany,DEU,16991,26957,30227,26293,38509
Switzerland,CHE,Ghana,GHA,383,119,38,135,231
Switzerland,CHE,Greece,GRC,58,163,1094,2197,1159
Switzerland,CHE,Guatemala,GTM,98,159,148,121,95
Switzerland,CHE,Guinea,GIN,5,7,11,4,4
Switzerland,CHE,Guinea-Bissau,GNB,2,3,3,6,6
Switzerland,CHE,Guyana,GUY,20,12,1,1,2
Switzerland,CHE,Haiti,HTI,18,1,1,2,3
Switzerland,CHE,Honduras,HND,21,10,13,27,45
Switzerland,CHE,"Hong Kong SAR, China",HKG,51,78,2,93,97
Switzerland,CHE,Hungary,HUN,1027,991,848,720,677
Switzerland,CHE,Iceland,ISL,2,16,5,13,73
Switzerland,CHE,India,IND,119,8,25,853,119
Switzerland,CHE,Indonesia,IDN,81,51,52,63,56
Switzerland,CHE,Ireland,IRL,155,195,346,88,1097
Switzerland,CHE,Israel,ISR,64,76,89,450,966
Switzerland,CHE,Italy,ITA,56994,79497,91874,43287,22202
Switzerland,CHE,Japan,JPN,1,19,43,989,306
Switzerland,CHE,Jordan,JOR,13,31,110,35,197
Switzerland,CHE,"Korea, Rep.",KOR,4,21,130,71,3
Switzerland,CHE,Kuwait,KWT,7,35,86,115,108
Switzerland,CHE,Lao PDR,LAO,3,3,3,3,3
Switzerland,CHE,Lebanon,LBN,5,1,1,446,321
Switzerland,CHE,Lesotho,LSO,58,145,235,197,104
Switzerland,CHE,Liberia,LBR,114,114,67,67,64
Switzerland,CHE,Libya,LBY,25,23,57,84,101
Switzerland,CHE,Liechtenstein,LIE,1546,2555,4055,4457,4097
Switzerland,CHE,Luxembourg,LUX,379,392,554,607,784
Switzerland,CHE,"Macedonia, FYR",MKD,285,290,519,1715,1993
Switzerland,CHE,Malawi,MWI,7,7,15,15,15
Switzerland,CHE,Martinique,MTQ,1,7,6,11,14
Switzerland,CHE,Mauritius,MUS,5,5,71,10,19
Switzerland,CHE,Mexico,MEX,125,128,57,1046,1505
Switzerland,CHE,Monaco,MCO,181,164,61,76,90
Switzerland,CHE,Morocco,MAR,43,14,8,7,6
Switzerland,CHE,Mozambique,MOZ,180,38,58,108,113
Switzerland,CHE,Myanmar,MMR,17,16,16,22,18
Switzerland,CHE,Namibia,NAM,32,52,83,134,128
Switzerland,CHE,Netherlands,NLD,1205,851,1729,4380,5546
Switzerland,CHE,Netherlands Antilles,ANT,2,2,2,3,18
Switzerland,CHE,New Caledonia,NCL,49,3,41,22,5
Switzerland,CHE,New Zealand,NZL,1084,1309,1721,2060,2756
Switzerland,CHE,Nicaragua,NIC,36,61,69,73,88
Switzerland,CHE,Niger,NER,50,68,92,69,22
Switzerland,CHE,Nigeria,NGA,157,109,514,121,202
Switzerland,CHE,Norway,NOR,408,684,976,1167,1533
Switzerland,CHE,Oman,OMN,1,2,5,13,20
Switzerland,CHE,Pakistan,PAK,9,28,22,18,14
Switzerland,CHE,Panama,PAN,210,146,137,28,172
Switzerland,CHE,Papua New Guinea,PNG,65,161,58,45,34
Switzerland,CHE,Paraguay,PRY,6,17,11,16,281
Switzerland,CHE,Peru,PER,898,1084,1209,618,506
Switzerland,CHE,Philippines,PHL,30,169,147,295,417
Switzerland,CHE,Poland,POL,192,166,265,373,550
Switzerland,CHE,Portugal,PRT,41,108,283,2055,12482
Switzerland,CHE,Puerto Rico,PRI,2,7,10,6,89
Switzerland,CHE,Qatar,QAT,5,5,20,745,479
Switzerland,CHE,Romania,ROU,284,244,172,123,12
Switzerland,CHE,Rwanda,RWA,355,19,8,20,18
Switzerland,CHE,Saudi Arabia,SAU,2,12,59,155,168
Switzerland,CHE,Senegal,SEN,39,25,26,49,48
Switzerland,CHE,Serbia and Montenegro,SCG,1567,1593,2852,5409,20021
Switzerland,CHE,Seychelles,SYC,30,33,6,22,61
Switzerland,CHE,Sierra Leone,SLE,5,9,11,11,7
Switzerland,CHE,Slovak Republic,SVK,7,8,8,26,51
Switzerland,CHE,Slovenia,SVN,464,472,844,794,3
Switzerland,CHE,South Africa,ZAF,2183,3249,4301,2760,830
Switzerland,CHE,Spain,ESP,10907,18397,31514,39916,43159
Switzerland,CHE,Sudan,SDN,2,2,2,8,9
Switzerland,CHE,Sweden,SWE,1395,1843,1754,2368,2363
Switzerland,CHE,Syrian Arab Republic,SYR,6,54,40,56,74
Switzerland,CHE,Tanzania,TZA,16,15,5,4,10
Switzerland,CHE,Thailand,THA,60,126,291,491,1578
Switzerland,CHE,Togo,TGO,72,102,108,112,116
Switzerland,CHE,Trinidad and Tobago,TTO,16,13,15,12,7
Switzerland,CHE,Tunisia,TUN,57,179,42,81,76
Switzerland,CHE,Turkey,TUR,403,2710,4032,8014,10352
Switzerland,CHE,United Kingdom,GBR,15160,7081,12545,12804,5241
Switzerland,CHE,United States,USA,64313,58898,49072,45950,51605
Switzerland,CHE,Uruguay,URY,83,69,50,51,248
Switzerland,CHE,"Venezuela, RB",VEN,384,1655,997,868,653
Switzerland,CHE,West Bank and Gaza,PSE,38,45,53,70,108
Switzerland,CHE,"Yemen, Rep.",YEM,23,29,35,44,51
Switzerland,CHE,Zambia,ZMB,17,14,137,22,20
Switzerland,CHE,Zimbabwe,ZWE,294,379,357,337,310
Syrian Arab Republic,SYR,Albania,ALB,5,6,6,7,8
Syrian Arab Republic,SYR,Algeria,DZA,233,91,72,57,45
Syrian Arab Republic,SYR,Antigua and Barbuda,ATG,2,2,72,147,16
Syrian Arab Republic,SYR,Argentina,ARG,23609,15987,9285,5656,2577
Syrian Arab Republic,SYR,Aruba,ABW,18,17,16,18,30
Syrian Arab Republic,SYR,Australia,AUS,218,455,3080,5170,6614
Syrian Arab Republic,SYR,Austria,AUT,72,321,670,895,825
Syrian Arab Republic,SYR,Bahrain,BHR,60,52,3481,4895,7786
Syrian Arab Republic,SYR,Bangladesh,BGD,41,32,35,39,43
Syrian Arab Republic,SYR,Belgium,BEL,31,206,461,498,690
Syrian Arab Republic,SYR,Benin,BEN,6,8,10,13,23
Syrian Arab Republic,SYR,Bolivia,BOL,241,171,110,29,14
Syrian Arab Republic,SYR,Brazil,BRA,19449,13486,8326,4404,3281
Syrian Arab Republic,SYR,Bulgaria,BGR,440,460,471,467,2170
Syrian Arab Republic,SYR,Cameroon,CMR,4,4,3,23,19
Syrian Arab Republic,SYR,Canada,CAN,162,2133,4189,7039,15586
Syrian Arab Republic,SYR,Chad,TCD,11,12,13,14,16
Syrian Arab Republic,SYR,Chile,CHL,2995,204,561,358,300
Syrian Arab Republic,SYR,Colombia,COL,376,350,259,176,131
Syrian Arab Republic,SYR,"Congo, Dem. Rep.",COD,17,1600,1006,695,569
Syrian Arab Republic,SYR,"Congo, Rep.",COG,3,5,13,21,4
Syrian Arab Republic,SYR,Cote d'Ivoire,CIV,26,40,51,84,8
Syrian Arab Republic,SYR,Croatia,HRV,4,5,8,144,23
Syrian Arab Republic,SYR,Cuba,CUB,470,426,199,83,7
Syrian Arab Republic,SYR,Cyprus,CYP,38,131,224,319,1481
Syrian Arab Republic,SYR,Czech Republic,CZE,28,31,34,239,441
Syrian Arab Republic,SYR,Denmark,DNK,25,23,191,584,1328
Syrian Arab Republic,SYR,Dominican Republic,DOM,453,376,275,186,92
Syrian Arab Republic,SYR,Ecuador,ECU,52,97,152,162,58
Syrian Arab Republic,SYR,"Egypt, Arab Rep.",EGY,9323,7811,6250,8078,5534
Syrian Arab Republic,SYR,Ethiopia,ETH,29,27,29,30,32
Syrian Arab Republic,SYR,Fiji,FJI,10,8,7,8,10
Syrian Arab Republic,SYR,France,FRA,3290,329,9568,12930,5550
Syrian Arab Republic,SYR,French Guiana,GUF,13,10,19,45,69
Syrian Arab Republic,SYR,Gabon,GAB,7,4,6,9,14
Syrian Arab Republic,SYR,Germany,DEU,1084,3462,10142,8318,26114
Syrian Arab Republic,SYR,Ghana,GHA,64,68,22,77,131
Syrian Arab Republic,SYR,Greece,GRC,14,40,653,5189,5334
Syrian Arab Republic,SYR,Guadeloupe,GLP,104,122,323,746,670
Syrian Arab Republic,SYR,Guatemala,GTM,8,38,20,26,48
Syrian Arab Republic,SYR,Guinea,GIN,13,19,29,12,19
Syrian Arab Republic,SYR,Guyana,GUY,74,43,4,4,8
Syrian Arab Republic,SYR,Haiti,HTI,141,2,2,3,4
Syrian Arab Republic,SYR,Honduras,HND,6,3,4,8,3
Syrian Arab Republic,SYR,"Hong Kong SAR, China",HKG,116,114,6,55,1039
Syrian Arab Republic,SYR,Hungary,HUN,1147,2003,1792,1546,1466
Syrian Arab Republic,SYR,India,IND,9,903,4,2076,3
Syrian Arab Republic,SYR,Indonesia,IDN,6,4,4,5,65
Syrian Arab Republic,SYR,"Iran, Islamic Rep.",IRN,24,43,163,391,329
Syrian Arab Republic,SYR,Iraq,IRQ,5495,4690,4288,5214,1164
Syrian Arab Republic,SYR,Ireland,IRL,11,14,24,30,153
Syrian Arab Republic,SYR,Israel,ISR,13633,16200,16133,9316,3859
Syrian Arab Republic,SYR,Italy,ITA,277,505,577,3433,3411
Syrian Arab Republic,SYR,Jordan,JOR,1374,2254,7282,21903,34663
Syrian Arab Republic,SYR,Kenya,KEN,34,361,289,204,7
Syrian Arab Republic,SYR,Kuwait,KWT,2105,32500,75353,107628,101634
Syrian Arab Republic,SYR,Lebanon,LBN,173,270,286,6226,5325
Syrian Arab Republic,SYR,Liberia,LBR,22,25,6,6,6
Syrian Arab Republic,SYR,Libya,LBY,453,6003,15260,22479,26914
Syrian Arab Republic,SYR,Luxembourg,LUX,1,2,8,47,33
Syrian Arab Republic,SYR,"Macao SAR, China",MAC,4,2,6,7,8
Syrian Arab Republic,SYR,Madagascar,MDG,110,63,21,6,5
Syrian Arab Republic,SYR,Martinique,MTQ,78,103,134,260,312
Syrian Arab Republic,SYR,Mexico,MEX,25,27,63,447,325
Syrian Arab Republic,SYR,Monaco,MCO,1,7,11,14,16
Syrian Arab Republic,SYR,Morocco,MAR,349,112,63,53,49
Syrian Arab Republic,SYR,Myanmar,MMR,2,2,1,2,1
Syrian Arab Republic,SYR,Netherlands Antilles,ANT,96,84,74,72,36
Syrian Arab Republic,SYR,New Zealand,NZL,47,5,12,17,239
Syrian Arab Republic,SYR,Nicaragua,NIC,1,2,3,3,3
Syrian Arab Republic,SYR,Niger,NER,73,99,133,100,32
Syrian Arab Republic,SYR,Nigeria,NGA,99,136,1018,346,580
Syrian Arab Republic,SYR,Norway,NOR,3,8,48,197,594
Syrian Arab Republic,SYR,Oman,OMN,118,170,396,1148,1691
Syrian Arab Republic,SYR,Pakistan,PAK,35,80,64,52,41
Syrian Arab Republic,SYR,Panama,PAN,114,131,106,32,168
Syrian Arab Republic,SYR,Paraguay,PRY,1,3,345,353,43
Syrian Arab Republic,SYR,Peru,PER,30,564,1043,38,31
Syrian Arab Republic,SYR,Philippines,PHL,3,80,11,23,8
Syrian Arab Republic,SYR,Poland,POL,36,31,198,365,608
Syrian Arab Republic,SYR,Puerto Rico,PRI,3,10,14,127,134
Syrian Arab Republic,SYR,Qatar,QAT,165,1443,4224,10395,7958
Syrian Arab Republic,SYR,Romania,ROU,6,5,4,3,7352
Syrian Arab Republic,SYR,Rwanda,RWA,8,18,22,16,55
Syrian Arab Republic,SYR,Saudi Arabia,SAU,1300,7324,37349,97307,105266
Syrian Arab Republic,SYR,Senegal,SEN,7,4,5,9,9
Syrian Arab Republic,SYR,Serbia and Montenegro,SCG,5,5,9,3,10
Syrian Arab Republic,SYR,Singapore,SGP,16,7,17,42,314
Syrian Arab Republic,SYR,Slovak Republic,SVK,11,12,13,41,106
Syrian Arab Republic,SYR,South Africa,ZAF,31,46,61,29,50
Syrian Arab Republic,SYR,Sudan,SDN,172,165,211,78,94
Syrian Arab Republic,SYR,Sweden,SWE,1,98,1601,5482,14005
Syrian Arab Republic,SYR,Switzerland,CHE,247,281,172,283,1090
Syrian Arab Republic,SYR,Tanzania,TZA,28,26,47,45,39
Syrian Arab Republic,SYR,Togo,TGO,104,148,156,163,168
Syrian Arab Republic,SYR,Trinidad and Tobago,TTO,24,19,22,18,10
Syrian Arab Republic,SYR,Tunisia,TUN,472,49,347,7,7
Syrian Arab Republic,SYR,Turkey,TUR,6044,5290,4017,5177,5418
Syrian Arab Republic,SYR,Uganda,UGA,7,7,11,17,5
Syrian Arab Republic,SYR,United Arab Emirates,ARE,41,1223,13354,24778,42573
Syrian Arab Republic,SYR,United Kingdom,GBR,421,96,5426,2294,5646
Syrian Arab Republic,SYR,United States,USA,17521,19371,24145,40501,55753
Syrian Arab Republic,SYR,Uruguay,URY,301,249,180,185,319
Syrian Arab Republic,SYR,"Venezuela, RB",VEN,3255,9278,7285,7355,13379
Syrian Arab Republic,SYR,West Bank and Gaza,PSE,8881,10588,12536,16496,25498
Syrian Arab Republic,SYR,"Yemen, Rep.",YEM,6071,7516,9305,11520,13467
Syrian Arab Republic,SYR,Zimbabwe,ZWE,7,9,9,8,8
"Taiwan, China",TWN,Angola,AGO,46,18,7,8,13
"Taiwan, China",TWN,Argentina,ARG,551,864,1225,1925,3466
"Taiwan, China",TWN,Aruba,ABW,7,7,6,8,14
"Taiwan, China",TWN,Bangladesh,BGD,66,52,58,63,70
"Taiwan, China",TWN,Belgium,BEL,9,17,5,572,38
"Taiwan, China",TWN,Bolivia,BOL,2,11,19,149,165
"Taiwan, China",TWN,Brazil,BRA,740,40,134,3297,4530
"Taiwan, China",TWN,Canada,CAN,715,9415,18489,8313,68789
"Taiwan, China",TWN,Chad,TCD,2,2,2,3,3
"Taiwan, China",TWN,China,CHN,59,3,113,92,784
"Taiwan, China",TWN,Colombia,COL,89,78,50,24,90
"Taiwan, China",TWN,Cuba,CUB,77,70,33,14,3
"Taiwan, China",TWN,Dominican Republic,DOM,20,474,914,1413,2000
"Taiwan, China",TWN,Ecuador,ECU,9,17,26,650,688
"Taiwan, China",TWN,El Salvador,SLV,3,6,21,32,5
"Taiwan, China",TWN,Ethiopia,ETH,2,2,2,2,2
"Taiwan, China",TWN,Fiji,FJI,9,7,6,7,8
"Taiwan, China",TWN,France,FRA,63,6,4,2,106
"Taiwan, China",TWN,French Guiana,GUF,2,1,3,6,9
"Taiwan, China",TWN,Germany,DEU,949,819,148,3618,2821
"Taiwan, China",TWN,Ghana,GHA,2,16,5,18,31
"Taiwan, China",TWN,Greece,GRC,2,5,9,41,26
"Taiwan, China",TWN,Guadeloupe,GLP,3,4,10,23,21
"Taiwan, China",TWN,Guam,GUM,2,12,17,559,7
"Taiwan, China",TWN,Guatemala,GTM,11,42,62,65,45
"Taiwan, China",TWN,Honduras,HND,62,28,36,78,41
"Taiwan, China",TWN,"Hong Kong SAR, China",HKG,98,24,61,12,223
"Taiwan, China",TWN,India,IND,14,1473,7,3389,5
"Taiwan, China",TWN,Indonesia,IDN,456,287,293,355,11058
"Taiwan, China",TWN,Israel,ISR,5,6,6,57,129
"Taiwan, China",TWN,Kenya,KEN,18,188,150,106,2
"Taiwan, China",TWN,Lao PDR,LAO,1,2,2,2,2
"Taiwan, China",TWN,"Macao SAR, China",MAC,44,18,64,70,75
"Taiwan, China",TWN,Malawi,MWI,6,6,8,8,8
"Taiwan, China",TWN,Malaysia,MYS,3,123,369,1184,4090
"Taiwan, China",TWN,Martinique,MTQ,1,7,6,12,14
"Taiwan, China",TWN,Mauritius,MUS,8,8,148,82,47
"Taiwan, China",TWN,Mexico,MEX,109,120,30,4,101
"Taiwan, China",TWN,Myanmar,MMR,229,218,156,122,101
"Taiwan, China",TWN,Namibia,NAM,4,7,11,17,17
"Taiwan, China",TWN,Netherlands Antilles,ANT,16,14,12,33,17
"Taiwan, China",TWN,New Zealand,NZL,17,144,123,249,4
"Taiwan, China",TWN,Nicaragua,NIC,20,34,39,42,50
"Taiwan, China",TWN,Pakistan,PAK,57,131,105,84,68
"Taiwan, China",TWN,Panama,PAN,46,3,9,119,2074
"Taiwan, China",TWN,Peru,PER,108,134,152,70,57
"Taiwan, China",TWN,Philippines,PHL,199,147,834,115,2042
"Taiwan, China",TWN,Puerto Rico,PRI,2,5,7,60,62
"Taiwan, China",TWN,Singapore,SGP,30,69,47,28,155
"Taiwan, China",TWN,Solomon Islands,SLB,5,5,13,3,31
"Taiwan, China",TWN,South Africa,ZAF,402,399,389,8,4727
"Taiwan, China",TWN,Sudan,SDN,13,12,16,20,25
"Taiwan, China",TWN,Swaziland,SWZ,8,17,2,11,14
"Taiwan, China",TWN,Switzerland,CHE,29,23,20,84,387
"Taiwan, China",TWN,Tanzania,TZA,15,13,17,17,20
"Taiwan, China",TWN,Thailand,THA,45,91,1683,3314,11303
"Taiwan, China",TWN,Trinidad and Tobago,TTO,11,9,10,8,5
"Taiwan, China",TWN,Uganda,UGA,4,4,3,4,2
"Taiwan, China",TWN,United States,USA,4914,3743,87355,271828,337316
"Taiwan, China",TWN,Uruguay,URY,51,42,30,31,205
"Taiwan, China",TWN,"Venezuela, RB",VEN,474,48,1061,1071,599
"Taiwan, China",TWN,"Yemen, Rep.",YEM,15,18,22,28,32
"Taiwan, China",TWN,Zambia,ZMB,28,22,436,65,58
"Taiwan, China",TWN,Zimbabwe,ZWE,183,236,223,210,193
Tajikistan,TJK,Australia,AUS,37,84,41,178,41
Tajikistan,TJK,Austria,AUT,20,1,12,2,96
Tajikistan,TJK,Brazil,BRA,3,3,2,1,5
Tajikistan,TJK,Bulgaria,BGR,24,25,25,25,116
Tajikistan,TJK,Canada,CAN,154,129,107,107,122
Tajikistan,TJK,China,CHN,86,28,1,9,193
Tajikistan,TJK,"Congo, Dem. Rep.",COD,7,60,38,26,21
Tajikistan,TJK,Cote d'Ivoire,CIV,4,7,8,13,1
Tajikistan,TJK,Croatia,HRV,3,3,6,2,18
Tajikistan,TJK,Cyprus,CYP,29,101,172,245,7
Tajikistan,TJK,Czech Republic,CZE,21,24,26,184,65
Tajikistan,TJK,"Egypt, Arab Rep.",EGY,15,14,13,2,48
Tajikistan,TJK,Ethiopia,ETH,1,1,1,1,1
Tajikistan,TJK,Finland,FIN,6,5,4,4,16
Tajikistan,TJK,France,FRA,48,5,9,1,81
Tajikistan,TJK,Germany,DEU,15,16,16,264,396
Tajikistan,TJK,Guinea,GIN,24,36,54,13,2
Tajikistan,TJK,"Hong Kong SAR, China",HKG,245,240,13,115,2187
Tajikistan,TJK,Hungary,HUN,11,28,25,22,21
Tajikistan,TJK,Indonesia,IDN,66,41,42,51,46
Tajikistan,TJK,Israel,ISR,414,492,833,1909,3585
Tajikistan,TJK,Kyrgyz Republic,KGZ,5093,7337,7766,11215,31670
Tajikistan,TJK,Lao PDR,LAO,3,4,4,4,4
Tajikistan,TJK,Lebanon,LBN,2,3,3,13,95
Tajikistan,TJK,"Macao SAR, China",MAC,9,4,13,15,16
Tajikistan,TJK,Mexico,MEX,2,3,1,5,5
Tajikistan,TJK,Myanmar,MMR,804,765,396,18,15
Tajikistan,TJK,Niger,NER,11,15,21,16,5
Tajikistan,TJK,Nigeria,NGA,35,31,184,54,90
Tajikistan,TJK,Norway,NOR,2,2,1,1,11
Tajikistan,TJK,Philippines,PHL,29,31,120,17,93
Tajikistan,TJK,Poland,POL,246,212,156,112,80
Tajikistan,TJK,Qatar,QAT,2,17,43,21,141
Tajikistan,TJK,Romania,ROU,4,4,3,2,6
Tajikistan,TJK,South Africa,ZAF,48,40,33,34,14
Tajikistan,TJK,Sweden,SWE,89,20,19,19,85
Tajikistan,TJK,Thailand,THA,6,169,320,517,1628
Tajikistan,TJK,Togo,TGO,16,23,24,25,26
Tajikistan,TJK,Turkey,TUR,100,84,61,75,269
Tajikistan,TJK,United States,USA,4527,3907,6335,1744,1927
Tajikistan,TJK,Uzbekistan,UZB,28047,40402,53560,84089,68534
Tajikistan,TJK,West Bank and Gaza,PSE,9,11,13,17,26
Tajikistan,TJK,"Yemen, Rep.",YEM,296,366,453,561,656
Tajikistan,TJK,Zimbabwe,ZWE,5,7,7,6,6
Tanzania,TZA,Angola,AGO,175,70,28,31,48
Tanzania,TZA,Australia,AUS,61,168,490,1374,12
Tanzania,TZA,Austria,AUT,4,3,4,8,89
Tanzania,TZA,Bangladesh,BGD,2,8,9,10,11
Tanzania,TZA,Belgium,BEL,3,5,50,31,31
Tanzania,TZA,Benin,BEN,7,9,11,15,25
Tanzania,TZA,Botswana,BWA,77,69,7,445,1600
Tanzania,TZA,Brazil,BRA,11,3,6,19,22
Tanzania,TZA,Bulgaria,BGR,5,5,5,5,23
Tanzania,TZA,Burundi,BDI,19828,15904,12756,8339,6689
Tanzania,TZA,Cameroon,CMR,28,31,25,1271,1070
Tanzania,TZA,Canada,CAN,281,1610,3000,16176,19394
Tanzania,TZA,Central African Republic,CAF,207,114,247,134,42
Tanzania,TZA,Chad,TCD,145,160,177,195,221
Tanzania,TZA,Comoros,COM,21,50,202,176,172
Tanzania,TZA,"Congo, Dem. Rep.",COD,5,22139,13931,9627,7882
Tanzania,TZA,"Congo, Rep.",COG,198,333,51,85,16
Tanzania,TZA,Cote d'Ivoire,CIV,15,24,30,8,232
Tanzania,TZA,Cuba,CUB,2,1,2,2,5
Tanzania,TZA,Cyprus,CYP,6,21,36,52,66
Tanzania,TZA,Djibouti,DJI,135,247,497,780,1001
Tanzania,TZA,Dominican Republic,DOM,2,2,3,3,4
Tanzania,TZA,"Egypt, Arab Rep.",EGY,4,42,83,3,160
Tanzania,TZA,Equatorial Guinea,GNQ,2,5,23,12,20
Tanzania,TZA,Eritrea,ERI,639,498,272,560,707
Tanzania,TZA,Ethiopia,ETH,3822,3635,3822,4018,4224
Tanzania,TZA,France,FRA,973,2332,18,31,1641
Tanzania,TZA,Gabon,GAB,1023,233,129,31,47
Tanzania,TZA,"Gambia, The",GMB,14,118,77,293,423
Tanzania,TZA,Germany,DEU,19,21,19,623,430
Tanzania,TZA,Ghana,GHA,5,3,2,23,44
Tanzania,TZA,Hungary,HUN,16,59,54,47,45
Tanzania,TZA,India,IND,246,1006,293,456,502
Tanzania,TZA,Indonesia,IDN,3,2,2,2,2
Tanzania,TZA,Ireland,IRL,4,6,10,12,185
Tanzania,TZA,Israel,ISR,4,5,6,44,96
Tanzania,TZA,Italy,ITA,15,23,96,154,789
Tanzania,TZA,Kenya,KEN,17062,39074,38473,37313,61151
Tanzania,TZA,Lesotho,LSO,91,54,20,28,87
Tanzania,TZA,Libya,LBY,1,1,3,4,5
Tanzania,TZA,Luxembourg,LUX,2,3,9,51,3
Tanzania,TZA,Madagascar,MDG,146,84,198,19,18
Tanzania,TZA,Malawi,MWI,11403,11202,9862,9688,9518
Tanzania,TZA,Martinique,MTQ,3,5,6,11,14
Tanzania,TZA,Mauritius,MUS,36,37,45,20,20
Tanzania,TZA,Mayotte,MYT,13,28,58,151,301
Tanzania,TZA,Monaco,MCO,2,1,12,15,18
Tanzania,TZA,Namibia,NAM,29,47,75,120,115
Tanzania,TZA,New Zealand,NZL,45,114,263,319,276
Tanzania,TZA,Nicaragua,NIC,3,6,6,7,8
Tanzania,TZA,Norway,NOR,3,23,118,252,519
Tanzania,TZA,Pakistan,PAK,19,61,49,40,32
Tanzania,TZA,Reunion,REU,1,4,195,259,384
Tanzania,TZA,Sao Tome and Principe,STP,2,2,2,2,2
Tanzania,TZA,Serbia and Montenegro,SCG,5,5,9,3,11
Tanzania,TZA,Seychelles,SYC,16,20,9,42,101
Tanzania,TZA,Somalia,SOM,949,730,466,859,1357
Tanzania,TZA,South Africa,ZAF,14929,8613,2008,4315,3928
Tanzania,TZA,Sudan,SDN,13810,13176,16901,23530,28388
Tanzania,TZA,Swaziland,SWZ,27,54,62,110,168
Tanzania,TZA,Switzerland,CHE,13,4,17,14,232
Tanzania,TZA,Turkey,TUR,1,2,3,5,222
Tanzania,TZA,Uganda,UGA,52758,52663,40041,31442,25928
Tanzania,TZA,United Kingdom,GBR,2761,556,27795,31605,17440
Tanzania,TZA,United States,USA,380,579,4480,7798,11818
Tanzania,TZA,"Yemen, Rep.",YEM,2,3,4,4,5
Tanzania,TZA,Zambia,ZMB,34349,27524,16680,7448,6739
Tanzania,TZA,Zimbabwe,ZWE,241,310,293,276,254
Thailand,THA,Algeria,DZA,8,3,3,2,2
Thailand,THA,Australia,AUS,354,949,3227,13329,23255
Thailand,THA,Austria,AUT,64,210,462,1042,2683
Thailand,THA,Belgium,BEL,41,130,245,324,1981
Thailand,THA,Bhutan,BTN,12,17,23,31,41
Thailand,THA,Brunei Darussalam,BRN,154,205,264,6616,9412
Thailand,THA,Cambodia,KHM,161712,136285,1768,16276,100363
Thailand,THA,Canada,CAN,91,1202,2360,3240,8779
Thailand,THA,Chad,TCD,2,2,2,2,2
Thailand,THA,China,CHN,107,346,666,767,14829
Thailand,THA,Colombia,COL,2,4,6,8,7
Thailand,THA,Denmark,DNK,18,16,850,2125,5857
Thailand,THA,"Egypt, Arab Rep.",EGY,290,251,212,35,992
Thailand,THA,Ethiopia,ETH,2,2,2,2,2
Thailand,THA,Faeroe Islands,FRO,35,47,63,69,146
Thailand,THA,Fiji,FJI,30,24,19,24,28
Thailand,THA,France,FRA,2350,235,146,6876,3965
Thailand,THA,Germany,DEU,448,1043,625,9026,22116
Thailand,THA,Ghana,GHA,2,14,4,15,26
Thailand,THA,Greece,GRC,13,36,66,263,175
Thailand,THA,Guam,GUM,6,40,2,19,25
Thailand,THA,"Hong Kong SAR, China",HKG,128,34,9502,19,291
Thailand,THA,Hungary,HUN,17,19,17,14,14
Thailand,THA,Indonesia,IDN,1412,889,906,1098,981
Thailand,THA,"Iran, Islamic Rep.",IRN,1,3,10,24,20
Thailand,THA,Ireland,IRL,8,10,17,21,436
Thailand,THA,Italy,ITA,245,319,391,2169,3854
Thailand,THA,Japan,JPN,214,3543,7839,9120,31272
Thailand,THA,Kenya,KEN,15,158,126,89,2
Thailand,THA,"Korea, Dem. Rep.",PRK,3,36,177,138,1316
Thailand,THA,Kuwait,KWT,10,18,18,1270,1199
Thailand,THA,Lao PDR,LAO,1992,2097,2205,2318,2203
Thailand,THA,Libya,LBY,7,45,114,169,202
Thailand,THA,Luxembourg,LUX,1,2,6,33,205
Thailand,THA,"Macao SAR, China",MAC,57,23,83,1878,973
Thailand,THA,Madagascar,MDG,20,11,3,3,2
Thailand,THA,Malaysia,MYS,135,7389,17853,50151,50423
Thailand,THA,Mexico,MEX,55,61,19,30,44
Thailand,THA,Mongolia,MNG,9,11,14,17,21
Thailand,THA,Morocco,MAR,13,4,2,2,2
Thailand,THA,Myanmar,MMR,714,679,485,378,312
Thailand,THA,Netherlands Antilles,ANT,3,2,2,2,1
Thailand,THA,New Zealand,NZL,40,349,428,867,5064
Thailand,THA,Nigeria,NGA,6,5,32,9,16
Thailand,THA,Norway,NOR,2,55,267,1309,3660
Thailand,THA,Oman,OMN,1,2,4,11,16
Thailand,THA,Peru,PER,2,2,3,5,4
Thailand,THA,Philippines,PHL,516,951,2582,445,1460
Thailand,THA,Saudi Arabia,SAU,215,1212,6181,16105,17422
Thailand,THA,Serbia and Montenegro,SCG,3,4,6,2,7
Thailand,THA,Singapore,SGP,1039,4128,3525,3846,9326
Thailand,THA,Sudan,SDN,11,10,13,17,21
Thailand,THA,Sweden,SWE,20,53,235,4525,10238
Thailand,THA,Switzerland,CHE,219,180,152,1269,5980
Thailand,THA,Syrian Arab Republic,SYR,10,92,67,95,125
Thailand,THA,Tanzania,TZA,12,11,15,14,17
Thailand,THA,Timor-Leste,TLS,15,18,17,19,20
Thailand,THA,Togo,TGO,3,4,4,4,5
Thailand,THA,Tunisia,TUN,17,2,12,24,22
Thailand,THA,Uganda,UGA,3,3,3,3,1
Thailand,THA,United Kingdom,GBR,1299,124,739,36,32
Thailand,THA,United States,USA,3672,2886,67362,127144,186520
Thailand,THA,Vanuatu,VUT,10,11,6,5,1
Thailand,THA,"Venezuela, RB",VEN,8,2,18,18,60
Thailand,THA,Vietnam,VNM,7,19,122,213,1635
Thailand,THA,"Yemen, Rep.",YEM,10,12,15,18,21
Thailand,THA,Zambia,ZMB,2,2,35,5,5
Thailand,THA,Zimbabwe,ZWE,16,20,19,18,16
Timor-Leste,TLS,Australia,AUS,27,45,478,5,9250
Timor-Leste,TLS,Bangladesh,BGD,1,1,1,1,2
Timor-Leste,TLS,Fiji,FJI,6,5,4,5,6
Timor-Leste,TLS,France,FRA,351,35,22,10,592
Timor-Leste,TLS,Germany,DEU,2,2,4,62,126
Timor-Leste,TLS,Indonesia,IDN,51,32,33,40,35
Timor-Leste,TLS,Italy,ITA,2,2,2,12,45
Timor-Leste,TLS,Myanmar,MMR,26,24,17,14,11
Timor-Leste,TLS,New Zealand,NZL,12,47,85,172,32
Timor-Leste,TLS,Pakistan,PAK,1,3,2,2,2
Timor-Leste,TLS,Philippines,PHL,22,17,93,21,1648
Timor-Leste,TLS,Portugal,PRT,284,743,1941,2626,2442
Timor-Leste,TLS,Switzerland,CHE,2,1,1,4,17
Timor-Leste,TLS,Thailand,THA,5,10,188,370,1260
Timor-Leste,TLS,United Kingdom,GBR,44,10,108,3,1
Togo,TGO,Austria,AUT,19,13,22,40,95
Togo,TGO,Bangladesh,BGD,2,8,9,10,10
Togo,TGO,Belgium,BEL,17,24,121,156,157
Togo,TGO,Benin,BEN,7515,9764,12687,16691,28664
Togo,TGO,Brazil,BRA,7,2,4,13,14
Togo,TGO,Burkina Faso,BFA,1800,2554,4874,14120,10515
Togo,TGO,Burundi,BDI,2,2,1,10,8
Togo,TGO,Cameroon,CMR,369,415,331,29,24
Togo,TGO,Canada,CAN,27,155,288,104,782
Togo,TGO,Cape Verde,CPV,220,243,269,36,42
Togo,TGO,Central African Republic,CAF,13,7,16,125,39
Togo,TGO,Chad,TCD,3,3,4,4,5
Togo,TGO,"Congo, Rep.",COG,206,347,399,663,122
Togo,TGO,Cote d'Ivoire,CIV,6672,10315,13227,23586,42108
Togo,TGO,Cuba,CUB,1,1,1,2,4
Togo,TGO,Djibouti,DJI,3,5,11,17,22
Togo,TGO,Ethiopia,ETH,246,234,246,259,272
Togo,TGO,France,FRA,272,652,6051,9170,459
Togo,TGO,Gabon,GAB,66,1918,3832,7232,11005
Togo,TGO,Germany,DEU,91,102,90,719,2144
Togo,TGO,Ghana,GHA,175525,133254,23170,31838,40506
Togo,TGO,Greece,GRC,4,50,16,41,7
Togo,TGO,Guadeloupe,GLP,4,5,13,31,28
Togo,TGO,Guinea,GIN,93,139,207,346,1009
Togo,TGO,Guinea-Bissau,GNB,8,8,9,20,19
Togo,TGO,Hungary,HUN,1,5,4,4,4
Togo,TGO,India,IND,236,966,281,438,483
Togo,TGO,Ireland,IRL,1,2,3,3,51
Togo,TGO,Italy,ITA,72,111,476,767,1400
Togo,TGO,Liberia,LBR,142,173,514,514,489
Togo,TGO,Madagascar,MDG,6,3,13,3,2
Togo,TGO,Mali,MLI,3566,3501,3436,3373,909
Togo,TGO,Martinique,MTQ,3,9,9,17,20
Togo,TGO,Mauritania,MRT,51,86,143,112,124
Togo,TGO,Niger,NER,1687,2277,3074,7312,12526
Togo,TGO,Nigeria,NGA,6858,14879,127025,45872,76914
Togo,TGO,Pakistan,PAK,19,59,47,38,30
Togo,TGO,Senegal,SEN,1121,722,762,1420,1401
Togo,TGO,Sierra Leone,SLE,21,34,42,42,36
Togo,TGO,Somalia,SOM,2,4,24,81,1
Togo,TGO,Sudan,SDN,296,282,362,508,613
Togo,TGO,Switzerland,CHE,65,18,83,66,440
Togo,TGO,Uganda,UGA,13,13,60,115,18
Togo,TGO,United Kingdom,GBR,31,114,229,17,1188
Togo,TGO,United States,USA,51,115,877,787,3064
Togo,TGO,Zimbabwe,ZWE,17,22,21,20,18
Tokelau,TKL,Fiji,FJI,4,13,22,27,31
Tokelau,TKL,New Zealand,NZL,23,944,1344,1561,1659
Tokelau,TKL,Papua New Guinea,PNG,1,3,3,2,2
Tokelau,TKL,Samoa,WSM,328,10,86,158,130
Tokelau,TKL,Solomon Islands,SLB,5,5,10,1,3
Tokelau,TKL,United States,USA,2,6,1,38,246
Tokelau,TKL,Vanuatu,VUT,2,2,7,2,6
Tonga,TON,American Samoa,ASM,18,374,805,1313,1150
Tonga,TON,Australia,AUS,21,126,2602,5955,7596
Tonga,TON,Fiji,FJI,38,109,191,234,273
Tonga,TON,French Polynesia,PYF,2,2,2,14,20
Tonga,TON,Guam,GUM,9,68,4,26,42
Tonga,TON,India,IND,13,25,5,365,122
Tonga,TON,Kiribati,KIR,14,10,8,55,3
Tonga,TON,"Micronesia, Fed. Sts.",FSM,17,16,11,7,10
Tonga,TON,New Caledonia,NCL,2,12,10,15,22
Tonga,TON,New Zealand,NZL,780,1266,5500,8167,17817
Tonga,TON,Niue,NIU,33,58,109,98,87
Tonga,TON,Pakistan,PAK,4,13,10,8,7
Tonga,TON,Palau,PLW,2,3,4,14,25
Tonga,TON,Papua New Guinea,PNG,9,21,51,39,29
Tonga,TON,Peru,PER,8,5,1,9,7
Tonga,TON,Samoa,WSM,45,83,106,78,94
Tonga,TON,Solomon Islands,SLB,40,44,88,11,24
Tonga,TON,United States,USA,699,597,7489,11374,16694
Tonga,TON,Vanuatu,VUT,80,93,63,23,53
Tonga,TON,"Yemen, Rep.",YEM,5,6,8,10,11
Trinidad and Tobago,TTO,Anguilla,AIA,15,25,36,68,117
Trinidad and Tobago,TTO,Antigua and Barbuda,ATG,151,214,283,373,406
Trinidad and Tobago,TTO,Aruba,ABW,71,67,63,30,41
Trinidad and Tobago,TTO,Australia,AUS,15,196,101,889,1147
Trinidad and Tobago,TTO,"Bahamas, The",BHS,45,388,260,293,326
Trinidad and Tobago,TTO,Barbados,BRB,351,921,1598,1828,2094
Trinidad and Tobago,TTO,Bermuda,BMU,19,105,57,164,191
Trinidad and Tobago,TTO,Canada,CAN,183,2105,4110,46118,63625
Trinidad and Tobago,TTO,Cayman Islands,CYM,9,15,55,153,91
Trinidad and Tobago,TTO,Colombia,COL,45,44,35,28,33
Trinidad and Tobago,TTO,Costa Rica,CRI,1,2,11,16,27
Trinidad and Tobago,TTO,Cuba,CUB,225,203,114,70,89
Trinidad and Tobago,TTO,Denmark,DNK,21,16,85,111,145
Trinidad and Tobago,TTO,Dominica,DMA,73,67,64,120,178
Trinidad and Tobago,TTO,Dominican Republic,DOM,230,208,174,147,122
Trinidad and Tobago,TTO,Ecuador,ECU,7,13,20,21,20
Trinidad and Tobago,TTO,Fiji,FJI,2,2,2,4,4
Trinidad and Tobago,TTO,Finland,FIN,4,20,39,11,19
Trinidad and Tobago,TTO,France,FRA,2739,274,202,175,4621
Trinidad and Tobago,TTO,French Guiana,GUF,8,29,58,136,207
Trinidad and Tobago,TTO,Germany,DEU,18,10,14,246,70
Trinidad and Tobago,TTO,Grenada,GRD,177,401,658,1649,3072
Trinidad and Tobago,TTO,Guadeloupe,GLP,26,44,101,228,204
Trinidad and Tobago,TTO,Guyana,GUY,10,323,387,228,417
Trinidad and Tobago,TTO,Haiti,HTI,10,24,31,41,56
Trinidad and Tobago,TTO,Honduras,HND,8,3,4,10,4
Trinidad and Tobago,TTO,Hungary,HUN,3,16,15,13,12
Trinidad and Tobago,TTO,Ireland,IRL,8,10,19,13,171
Trinidad and Tobago,TTO,Italy,ITA,5,78,12,21,83
Trinidad and Tobago,TTO,Jamaica,JAM,519,970,842,787,205
Trinidad and Tobago,TTO,Luxembourg,LUX,3,3,7,39,8
Trinidad and Tobago,TTO,"Macedonia, FYR",MKD,1,1,3,35,41
Trinidad and Tobago,TTO,Martinique,MTQ,41,82,73,175,209
Trinidad and Tobago,TTO,Montserrat,MSR,46,55,52,66,6
Trinidad and Tobago,TTO,Netherlands Antilles,ANT,196,172,151,213,82
Trinidad and Tobago,TTO,New Zealand,NZL,31,4,160,160,138
Trinidad and Tobago,TTO,Nicaragua,NIC,11,19,22,23,28
Trinidad and Tobago,TTO,Niger,NER,5,7,10,7,2
Trinidad and Tobago,TTO,Nigeria,NGA,17,23,174,59,99
Trinidad and Tobago,TTO,Norway,NOR,3,77,172,224,271
Trinidad and Tobago,TTO,Panama,PAN,356,226,101,108,49
Trinidad and Tobago,TTO,Papua New Guinea,PNG,1,3,5,4,3
Trinidad and Tobago,TTO,Peru,PER,59,31,3,7,5
Trinidad and Tobago,TTO,Puerto Rico,PRI,46,137,197,89,1837
Trinidad and Tobago,TTO,Serbia and Montenegro,SCG,7,8,14,7,24
Trinidad and Tobago,TTO,St. Kitts and Nevis,KNA,105,81,77,113,122
Trinidad and Tobago,TTO,St. Lucia,LCA,75,171,273,478,632
Trinidad and Tobago,TTO,St. Vincent and the Grenadines,VCT,513,472,438,1342,2138
Trinidad and Tobago,TTO,Togo,TGO,8,11,12,12,13
Trinidad and Tobago,TTO,Turks and Caicos Islands,TCA,4,10,26,13,15
Trinidad and Tobago,TTO,United Kingdom,GBR,10734,13593,16727,17855,8078
Trinidad and Tobago,TTO,United States,USA,42888,25338,75872,126874,207679
Trinidad and Tobago,TTO,Uruguay,URY,40,33,24,24,7
Trinidad and Tobago,TTO,"Venezuela, RB",VEN,1593,4896,4412,3600,2767
Trinidad and Tobago,TTO,Virgin Islands (U.S.),VIR,46,563,2800,3239,2134
Trinidad and Tobago,TTO,"Virgin Islands, British",VGB,10,49,61,198,218
Tunisia,TUN,Afghanistan,AFG,2,7,4,8,13
Tunisia,TUN,Algeria,DZA,28258,11075,8731,6883,5426
Tunisia,TUN,Australia,AUS,42,115,337,401,427
Tunisia,TUN,Austria,AUT,618,445,1383,1313,1710
Tunisia,TUN,Bahrain,BHR,3,10,12,3,87
Tunisia,TUN,Bangladesh,BGD,4,19,21,23,25
Tunisia,TUN,Belgium,BEL,545,2252,7386,6562,3762
Tunisia,TUN,Benin,BEN,6,8,10,13,23
Tunisia,TUN,Bosnia and Herzegovina,BIH,7,7,13,65,51
Tunisia,TUN,Brazil,BRA,50,13,28,89,101
Tunisia,TUN,Bulgaria,BGR,12,13,13,13,59
Tunisia,TUN,Cameroon,CMR,73,82,65,17,15
Tunisia,TUN,Canada,CAN,163,922,1716,2000,5393
Tunisia,TUN,Chad,TCD,2,2,2,3,3
Tunisia,TUN,Chile,CHL,14,10,12,27,16
Tunisia,TUN,Colombia,COL,1,3,5,6,10
Tunisia,TUN,"Congo, Dem. Rep.",COD,68,27,14,10,8
Tunisia,TUN,Cote d'Ivoire,CIV,14,21,28,7,38
Tunisia,TUN,Cuba,CUB,14,13,16,18,45
Tunisia,TUN,Cyprus,CYP,14,48,82,117,18
Tunisia,TUN,Czech Republic,CZE,1,1,1,10,158
Tunisia,TUN,Denmark,DNK,381,6,193,458,728
Tunisia,TUN,Djibouti,DJI,2,4,9,14,18
Tunisia,TUN,Dominican Republic,DOM,9,9,9,10,11
Tunisia,TUN,"Egypt, Arab Rep.",EGY,942,730,508,1193,711
Tunisia,TUN,Ethiopia,ETH,4,4,4,4,4
Tunisia,TUN,Finland,FIN,7,30,58,156,292
Tunisia,TUN,France,FRA,184315,287917,354171,365219,310949
Tunisia,TUN,French Polynesia,PYF,12,58,148,157,5
Tunisia,TUN,Germany,DEU,2573,4881,28155,21343,25260
Tunisia,TUN,Greece,GRC,122,1941,537,465,225
Tunisia,TUN,Guadeloupe,GLP,36,112,213,463,416
Tunisia,TUN,Hungary,HUN,49,164,150,131,125
Tunisia,TUN,India,IND,564,2304,670,1046,1151
Tunisia,TUN,Indonesia,IDN,14,9,9,11,158
Tunisia,TUN,"Iran, Islamic Rep.",IRN,1,2,7,17,15
Tunisia,TUN,Iraq,IRQ,2,55,95,166,47
Tunisia,TUN,Ireland,IRL,81,102,181,221,125
Tunisia,TUN,Israel,ISR,28,33,44,307,677
Tunisia,TUN,Italy,ITA,2368,3656,43954,67184,75808
Tunisia,TUN,Jordan,JOR,32,26,64,143,256
Tunisia,TUN,Kuwait,KWT,9,99,234,293,277
Tunisia,TUN,Lebanon,LBN,3,1,4,35,375
Tunisia,TUN,Libya,LBY,1150,15154,38523,56748,67943
Tunisia,TUN,Luxembourg,LUX,23,35,120,712,237
Tunisia,TUN,"Macedonia, FYR",MKD,13,13,23,618,717
Tunisia,TUN,Martinique,MTQ,40,87,91,178,213
Tunisia,TUN,Mauritania,MRT,40,67,113,237,262
Tunisia,TUN,Monaco,MCO,22,118,167,207,245
Tunisia,TUN,Morocco,MAR,425,137,77,65,60
Tunisia,TUN,Myanmar,MMR,17,16,10,4,3
Tunisia,TUN,Netherlands,NLD,13,364,1000,2877,3800
Tunisia,TUN,New Caledonia,NCL,66,4,163,193,265
Tunisia,TUN,Nicaragua,NIC,2,4,5,5,6
Tunisia,TUN,Norway,NOR,53,51,115,382,543
Tunisia,TUN,Oman,OMN,15,21,50,145,213
Tunisia,TUN,Pakistan,PAK,45,141,113,91,73
Tunisia,TUN,Peru,PER,2,3,3,5,4
Tunisia,TUN,Philippines,PHL,6,34,26,23,243
Tunisia,TUN,Poland,POL,2,1,42,83,141
Tunisia,TUN,Qatar,QAT,3,6,53,58,560
Tunisia,TUN,Reunion,REU,68,114,1,2,3
Tunisia,TUN,Saudi Arabia,SAU,113,639,3258,8488,9182
Tunisia,TUN,Serbia and Montenegro,SCG,71,72,129,40,150
Tunisia,TUN,South Africa,ZAF,3,18,34,38,49
Tunisia,TUN,Sudan,SDN,2982,2845,3649,2066,2493
Tunisia,TUN,Sweden,SWE,12,363,801,1826,2698
Tunisia,TUN,Switzerland,CHE,2112,582,3146,2170,4617
Tunisia,TUN,Syrian Arab Republic,SYR,235,67,92,130,171
Tunisia,TUN,Trinidad and Tobago,TTO,5,4,4,4,2
Tunisia,TUN,Turkey,TUR,9,16,19,34,507
Tunisia,TUN,Uganda,UGA,8,8,8,8,11
Tunisia,TUN,United Arab Emirates,ARE,2,60,656,1217,2091
Tunisia,TUN,United Kingdom,GBR,2057,7501,2086,2975,9948
Tunisia,TUN,United States,USA,284,636,4349,4844,16956
Tunisia,TUN,"Venezuela, RB",VEN,4,2,16,10,13
Tunisia,TUN,West Bank and Gaza,PSE,1444,1722,2038,2682,4146
Tunisia,TUN,"Yemen, Rep.",YEM,16,20,25,31,36
Tunisia,TUN,Zimbabwe,ZWE,82,106,100,94,86
Turkey,TUR,Albania,ALB,6,6,7,8,9
Turkey,TUR,Algeria,DZA,11,4,3,3,2
Turkey,TUR,Andorra,AND,3,14,298,584,761
Turkey,TUR,Angola,AGO,17,7,3,3,5
Turkey,TUR,Argentina,ARG,11985,6741,1890,2866,1534
Turkey,TUR,Aruba,ABW,7,6,6,114,11
Turkey,TUR,Australia,AUS,1474,2855,23446,27015,29407
Turkey,TUR,Austria,AUT,7923,32618,151624,183825,179638
Turkey,TUR,Bahrain,BHR,4,4,858,1443,2205
Turkey,TUR,Bangladesh,BGD,2,1,1,1,2
Turkey,TUR,Belgium,BEL,3414,20782,68368,87317,58404
Turkey,TUR,Bolivia,BOL,34,30,26,6,11
Turkey,TUR,Bosnia and Herzegovina,BIH,7,7,13,61,48
Turkey,TUR,Brazil,BRA,2029,2054,1781,1024,690
Turkey,TUR,Bulgaria,BGR,512,535,548,543,2523
Turkey,TUR,Burundi,BDI,20,16,13,2,2
Turkey,TUR,Cameroon,CMR,12,13,11,79,66
Turkey,TUR,Canada,CAN,180,2369,4651,11939,17305
Turkey,TUR,Chad,TCD,36,40,44,48,55
Turkey,TUR,Chile,CHL,383,307,187,177,252
Turkey,TUR,Colombia,COL,137,122,83,46,43
Turkey,TUR,"Congo, Dem. Rep.",COD,580,278,148,103,84
Turkey,TUR,Costa Rica,CRI,4,1,2,4,6
Turkey,TUR,Croatia,HRV,4,4,7,116,19
Turkey,TUR,Cuba,CUB,326,295,138,57,2
Turkey,TUR,Cyprus,CYP,3798,2626,1440,258,316
Turkey,TUR,Czech Republic,CZE,22,25,27,193,224
Turkey,TUR,Denmark,DNK,344,320,13083,21156,29369
Turkey,TUR,Djibouti,DJI,1,3,5,8,10
Turkey,TUR,Dominican Republic,DOM,15,32,48,66,89
Turkey,TUR,Ecuador,ECU,12,23,36,38,16
Turkey,TUR,"Egypt, Arab Rep.",EGY,384,575,789,47,794
Turkey,TUR,Eritrea,ERI,6,7,5,7,1
Turkey,TUR,Ethiopia,ETH,4,4,4,4,5
Turkey,TUR,Fiji,FJI,55,43,36,44,52
Turkey,TUR,Finland,FIN,12,53,102,430,2055
Turkey,TUR,France,FRA,45348,4534,126356,173732,76505
Turkey,TUR,French Guiana,GUF,3,2,4,9,14
Turkey,TUR,Germany,DEU,26986,442229,1653805,1460465,2008979
Turkey,TUR,Ghana,GHA,52,26,8,29,50
Turkey,TUR,Greece,GRC,10342,16862,35985,27746,7603
Turkey,TUR,Guadeloupe,GLP,3,3,8,19,17
Turkey,TUR,Guam,GUM,10,74,4,36,46
Turkey,TUR,Guatemala,GTM,27,1,2,6,15
Turkey,TUR,Guinea,GIN,1,2,3,1,2
Turkey,TUR,Hungary,HUN,1271,1559,1364,1167,1101
Turkey,TUR,Indonesia,IDN,3,2,2,2,2
Turkey,TUR,"Iran, Islamic Rep.",IRN,19,34,129,310,702
Turkey,TUR,Iraq,IRQ,14369,8964,5419,3473,131
Turkey,TUR,Ireland,IRL,150,188,335,409,613
Turkey,TUR,Israel,ISR,41596,49426,1545,15410,34791
Turkey,TUR,Italy,ITA,22000,5103,49183,7174,9649
Turkey,TUR,Jordan,JOR,56,21,11,629,1013
Turkey,TUR,Kenya,KEN,117,1230,982,695,22
Turkey,TUR,Kuwait,KWT,49,169,217,5995,5661
Turkey,TUR,Lebanon,LBN,169,315,12,492,3529
Turkey,TUR,Liberia,LBR,9,13,2,2,2
Turkey,TUR,Libya,LBY,10,60,152,223,268
Turkey,TUR,Liechtenstein,LIE,10,2,291,480,846
Turkey,TUR,Luxembourg,LUX,21,69,143,182,288
Turkey,TUR,"Macedonia, FYR",MKD,12,12,22,632,734
Turkey,TUR,Malawi,MWI,2,2,3,3,3
Turkey,TUR,Marshall Islands,MHL,12,15,19,23,21
Turkey,TUR,Martinique,MTQ,1,6,5,9,11
Turkey,TUR,Mexico,MEX,51,55,46,254,247
Turkey,TUR,Monaco,MCO,20,118,150,187,220
Turkey,TUR,Mongolia,MNG,60,73,90,110,134
Turkey,TUR,Morocco,MAR,17,5,3,3,2
Turkey,TUR,Namibia,NAM,1,2,3,5,5
Turkey,TUR,Netherlands,NLD,11,18665,51658,148878,176306
Turkey,TUR,Netherlands Antilles,ANT,36,32,28,26,14
Turkey,TUR,New Zealand,NZL,188,205,185,159,394
Turkey,TUR,Nicaragua,NIC,7,12,14,15,17
Turkey,TUR,Niger,NER,8,11,15,12,4
Turkey,TUR,Nigeria,NGA,26,23,136,40,67
Turkey,TUR,Norway,NOR,42,252,2188,5048,7457
Turkey,TUR,Oman,OMN,5,7,17,50,74
Turkey,TUR,Panama,PAN,1,25,33,34,43
Turkey,TUR,Papua New Guinea,PNG,3,7,10,8,6
Turkey,TUR,Peru,PER,157,201,233,47,38
Turkey,TUR,Poland,POL,29,25,162,298,496
Turkey,TUR,Puerto Rico,PRI,1,4,5,48,48
Turkey,TUR,Qatar,QAT,162,1685,180,821,5274
Turkey,TUR,Romania,ROU,5,4,3,2,2853
Turkey,TUR,Rwanda,RWA,4,3,3,2,8
Turkey,TUR,Saudi Arabia,SAU,945,5321,27136,70700,76483
Turkey,TUR,Senegal,SEN,4,2,2,5,4
Turkey,TUR,Serbia and Montenegro,SCG,67,68,121,38,141
Turkey,TUR,Singapore,SGP,13,22,58,144,1062
Turkey,TUR,Slovak Republic,SVK,9,10,11,33,30
Turkey,TUR,Somalia,SOM,9,11,9,11,3
Turkey,TUR,South Africa,ZAF,348,477,603,355,479
Turkey,TUR,Sudan,SDN,587,560,718,266,321
Turkey,TUR,Sweden,SWE,199,3698,14310,29524,31545
Turkey,TUR,Switzerland,CHE,19619,13020,57206,91010,87066
Turkey,TUR,Syrian Arab Republic,SYR,1082,434,316,447,588
Turkey,TUR,Tanzania,TZA,96,89,159,153,133
Turkey,TUR,Togo,TGO,12,17,18,19,19
Turkey,TUR,Trinidad and Tobago,TTO,8,7,8,6,4
Turkey,TUR,Tunisia,TUN,22,43,16,31,30
Turkey,TUR,Uganda,UGA,23,23,37,57,18
Turkey,TUR,United Arab Emirates,ARE,2,49,531,986,1693
Turkey,TUR,United Kingdom,GBR,4574,1255,12131,32126,12709
Turkey,TUR,United States,USA,54645,61669,64788,68124,93670
Turkey,TUR,Uruguay,URY,72,59,43,44,330
Turkey,TUR,Vanuatu,VUT,17,20,11,9,2
Turkey,TUR,"Venezuela, RB",VEN,726,397,1626,1641,112
Turkey,TUR,West Bank and Gaza,PSE,187,223,264,347,537
Turkey,TUR,"Yemen, Rep.",YEM,6144,7606,9416,11657,13628
Turkey,TUR,Zambia,ZMB,10,8,156,23,21
Turkey,TUR,Zimbabwe,ZWE,103,133,126,119,109
Turkmenistan,TKM,Australia,AUS,24,54,26,113,26
Turkmenistan,TKM,Austria,AUT,3,1,2,2,14
Turkmenistan,TKM,Brazil,BRA,5,4,3,2,8
Turkmenistan,TKM,Bulgaria,BGR,35,37,38,37,173
Turkmenistan,TKM,Canada,CAN,134,113,93,93,106
Turkmenistan,TKM,China,CHN,80,26,1,8,180
Turkmenistan,TKM,"Congo, Dem. Rep.",COD,1,10,7,5,4
Turkmenistan,TKM,Croatia,HRV,3,3,6,2,17
Turkmenistan,TKM,Cyprus,CYP,29,99,169,241,8
Turkmenistan,TKM,Czech Republic,CZE,21,23,26,181,47
Turkmenistan,TKM,Finland,FIN,8,6,5,5,20
Turkmenistan,TKM,Germany,DEU,9,10,10,159,273
Turkmenistan,TKM,"Hong Kong SAR, China",HKG,230,226,12,108,2055
Turkmenistan,TKM,Hungary,HUN,8,21,19,17,16
Turkmenistan,TKM,Indonesia,IDN,11,7,7,9,8
Turkmenistan,TKM,Iraq,IRQ,585,361,214,130,2
Turkmenistan,TKM,Israel,ISR,3156,3750,6348,14544,27310
Turkmenistan,TKM,Italy,ITA,1,1,2,8,45
Turkmenistan,TKM,Kuwait,KWT,1,6,2,138,130
Turkmenistan,TKM,Lebanon,LBN,15,24,22,87,726
Turkmenistan,TKM,"Macao SAR, China",MAC,9,3,13,14,15
Turkmenistan,TKM,Myanmar,MMR,140,134,69,3,3
Turkmenistan,TKM,Nigeria,NGA,6,5,32,9,16
Turkmenistan,TKM,Norway,NOR,2,1,1,1,10
Turkmenistan,TKM,Philippines,PHL,5,5,21,3,16
Turkmenistan,TKM,Poland,POL,187,161,119,87,63
Turkmenistan,TKM,Qatar,QAT,14,127,328,145,1085
Turkmenistan,TKM,Romania,ROU,4,4,3,2,5
Turkmenistan,TKM,Russian Federation,RUS,203702,70879,81273,140551,175252
Turkmenistan,TKM,Slovak Republic,SVK,8,9,10,31,7
Turkmenistan,TKM,South Africa,ZAF,44,37,30,31,12
Turkmenistan,TKM,Sweden,SWE,76,17,17,16,74
Turkmenistan,TKM,Syrian Arab Republic,SYR,1,10,7,10,14
Turkmenistan,TKM,Tajikistan,TJK,2023,3140,3978,5825,4381
Turkmenistan,TKM,Thailand,THA,1,30,56,90,284
Turkmenistan,TKM,Togo,TGO,3,4,4,4,5
Turkmenistan,TKM,Turkey,TUR,761,641,465,570,2050
Turkmenistan,TKM,United States,USA,403,344,463,155,172
Turkmenistan,TKM,West Bank and Gaza,PSE,69,82,98,129,199
Turkmenistan,TKM,"Yemen, Rep.",YEM,2254,2790,3454,4276,4999
Turkmenistan,TKM,Zimbabwe,ZWE,5,6,6,6,5
Turks and Caicos Islands,TCA,Anguilla,AIA,8,14,20,39,66
Turks and Caicos Islands,TCA,Antigua and Barbuda,ATG,2,2,4,6,4
Turks and Caicos Islands,TCA,Aruba,ABW,46,44,42,20,27
Turks and Caicos Islands,TCA,"Bahamas, The",BHS,1898,3167,2694,2180,2423
Turks and Caicos Islands,TCA,Barbados,BRB,199,103,21,21,24
Turks and Caicos Islands,TCA,Cayman Islands,CYM,1,2,6,3,61
Turks and Caicos Islands,TCA,Cuba,CUB,147,133,75,46,60
Turks and Caicos Islands,TCA,Dominica,DMA,41,24,7,4,6
Turks and Caicos Islands,TCA,Dominican Republic,DOM,7,6,5,4,4
Turks and Caicos Islands,TCA,Grenada,GRD,100,51,5,14,27
Turks and Caicos Islands,TCA,Guadeloupe,GLP,21,35,80,180,161
Turks and Caicos Islands,TCA,Haiti,HTI,7,16,21,28,38
Turks and Caicos Islands,TCA,Jamaica,JAM,90,480,415,388,140
Turks and Caicos Islands,TCA,Netherlands Antilles,ANT,128,113,99,140,185
Turks and Caicos Islands,TCA,Nigeria,NGA,2,3,21,7,12
Turks and Caicos Islands,TCA,Puerto Rico,PRI,31,92,133,59,1240
Turks and Caicos Islands,TCA,St. Kitts and Nevis,KNA,4,3,3,15,2
Turks and Caicos Islands,TCA,St. Lucia,LCA,42,23,3,22,23
Turks and Caicos Islands,TCA,Trinidad and Tobago,TTO,2038,911,85,55,91
Turks and Caicos Islands,TCA,United States,USA,111,3,415,615,314
Turks and Caicos Islands,TCA,Virgin Islands (U.S.),VIR,22,308,56,97,195
Turks and Caicos Islands,TCA,"Virgin Islands, British",VGB,1,6,7,4,5
Tuvalu,TUV,Fiji,FJI,3,8,14,17,20
Tuvalu,TUV,Samoa,WSM,12,6,40,71,90
Tuvalu,TUV,Solomon Islands,SLB,43,47,63,64,2
Tuvalu,TUV,United States,USA,4,12,3,74,479
Tuvalu,TUV,Vanuatu,VUT,6,7,5,1,4
Uganda,UGA,Afghanistan,AFG,15,88,60,16,129
Uganda,UGA,Angola,AGO,9,4,1,2,3
Uganda,UGA,Australia,AUS,77,209,610,894,1214
Uganda,UGA,Austria,AUT,4,3,5,9,226
Uganda,UGA,Bangladesh,BGD,38,189,209,229,251
Uganda,UGA,Belgium,BEL,4,5,36,35,35
Uganda,UGA,Benin,BEN,9,12,15,20,35
Uganda,UGA,Brazil,BRA,7,2,4,13,14
Uganda,UGA,Burundi,BDI,2803,2248,1803,878,704
Uganda,UGA,Cameroon,CMR,50,56,45,2295,1932
Uganda,UGA,Canada,CAN,226,1287,2395,10809,10771
Uganda,UGA,Central African Republic,CAF,34,19,41,7,2
Uganda,UGA,Chad,TCD,261,289,319,353,400
Uganda,UGA,Comoros,COM,1,4,14,23,23
Uganda,UGA,"Congo, Rep.",COG,33,55,9,14,3
Uganda,UGA,Cote d'Ivoire,CIV,21,33,42,11,325
Uganda,UGA,Cyprus,CYP,3,10,17,24,9
Uganda,UGA,Djibouti,DJI,245,447,899,1410,1811
Uganda,UGA,"Egypt, Arab Rep.",EGY,5,116,237,4,94
Uganda,UGA,Eritrea,ERI,1045,258,285,623,2854
Uganda,UGA,Ethiopia,ETH,634,603,634,666,700
Uganda,UGA,France,FRA,1662,3984,30,53,2805
Uganda,UGA,Gabon,GAB,170,39,21,5,8
Uganda,UGA,"Gambia, The",GMB,2,20,13,49,70
Uganda,UGA,Germany,DEU,21,23,21,638,480
Uganda,UGA,Ghana,GHA,5,3,2,23,44
Uganda,UGA,Hungary,HUN,3,11,10,9,8
Uganda,UGA,India,IND,5254,28793,9866,1999,11575
Uganda,UGA,Ireland,IRL,7,9,17,20,136
Uganda,UGA,Italy,ITA,17,26,107,172,364
Uganda,UGA,Kenya,KEN,28535,33323,39950,46795,351083
Uganda,UGA,Libya,LBY,1,1,4,5,6
Uganda,UGA,Luxembourg,LUX,3,4,15,88,13
Uganda,UGA,"Macedonia, FYR",MKD,2,2,3,76,88
Uganda,UGA,Madagascar,MDG,24,14,33,3,3
Uganda,UGA,Malawi,MWI,3,3,470,462,453
Uganda,UGA,Martinique,MTQ,1,2,2,4,5
Uganda,UGA,Mayotte,MYT,24,50,105,273,544
Uganda,UGA,Monaco,MCO,3,2,20,25,30
Uganda,UGA,Namibia,NAM,1,2,3,5,5
Uganda,UGA,New Zealand,NZL,40,229,282,283,259
Uganda,UGA,Norway,NOR,5,30,201,247,470
Uganda,UGA,Pakistan,PAK,448,1412,1134,910,731
Uganda,UGA,Papua New Guinea,PNG,1,3,12,9,7
Uganda,UGA,Portugal,PRT,2,4,11,38,7247
Uganda,UGA,Serbia and Montenegro,SCG,9,9,16,5,18
Uganda,UGA,Somalia,SOM,1553,378,488,956,5474
Uganda,UGA,South Africa,ZAF,85,292,501,870,2001
Uganda,UGA,Sudan,SDN,24951,23805,30536,42548,51331
Uganda,UGA,Swaziland,SWZ,1,3,3,5,8
Uganda,UGA,Switzerland,CHE,15,4,19,15,304
Uganda,UGA,Tanzania,TZA,15489,14355,28368,20740,11641
Uganda,UGA,United Kingdom,GBR,2549,828,47026,53829,29745
Uganda,UGA,United States,USA,434,630,5008,9015,12270
Uganda,UGA,Zambia,ZMB,379,304,97,351,318
Uganda,UGA,Zimbabwe,ZWE,70,91,86,81,74
Ukraine,UKR,Afghanistan,AFG,1,1,1,6,2
Ukraine,UKR,Albania,ALB,46,51,57,63,71
Ukraine,UKR,Algeria,DZA,9,4,3,2,2
Ukraine,UKR,Angola,AGO,50,20,8,9,14
Ukraine,UKR,Argentina,ARG,14440,9488,5083,4534,9498
Ukraine,UKR,Armenia,ARM,7126,13953,14581,13294,4295
Ukraine,UKR,Australia,AUS,17134,8735,14757,8761,13931
Ukraine,UKR,Austria,AUT,597,149,326,2,2534
Ukraine,UKR,Azerbaijan,AZE,25224,28533,25835,31650,20764
Ukraine,UKR,Bahrain,BHR,2,1,4,2,2
Ukraine,UKR,Bangladesh,BGD,1,7,7,8,9
Ukraine,UKR,Belarus,BLR,122548,175761,212735,268015,187293
Ukraine,UKR,Belgium,BEL,1141,523,187,173,540
Ukraine,UKR,Benin,BEN,1,2,3,3,6
Ukraine,UKR,Bermuda,BMU,31,52,38,47,60
Ukraine,UKR,Bolivia,BOL,46,51,53,27,206
Ukraine,UKR,Bosnia and Herzegovina,BIH,3,3,5,26,20
Ukraine,UKR,Brazil,BRA,10519,7766,4855,3028,152
Ukraine,UKR,Bulgaria,BGR,1582,1652,1692,1677,7794
Ukraine,UKR,Burkina Faso,BFA,5,7,13,6,12
Ukraine,UKR,Canada,CAN,67976,57180,47265,47286,53801
Ukraine,UKR,Cape Verde,CPV,1,1,2,2,2
Ukraine,UKR,Central African Republic,CAF,24,13,29,4,1
Ukraine,UKR,Chile,CHL,88,51,29,35,157
Ukraine,UKR,China,CHN,83,71,5,51,66
Ukraine,UKR,Colombia,COL,51,90,119,156,199
Ukraine,UKR,"Congo, Dem. Rep.",COD,38,188,116,80,66
Ukraine,UKR,Costa Rica,CRI,6,3,22,56,117
Ukraine,UKR,Cote d'Ivoire,CIV,13,20,26,41,11
Ukraine,UKR,Croatia,HRV,1287,1308,2342,254,3925
Ukraine,UKR,Cuba,CUB,293,265,266,284,666
Ukraine,UKR,Cyprus,CYP,210,529,847,1174,1501
Ukraine,UKR,Czech Republic,CZE,4746,5246,5797,40980,33595
Ukraine,UKR,Denmark,DNK,52,386,276,226,1056
Ukraine,UKR,Dominican Republic,DOM,25,54,80,111,148
Ukraine,UKR,Ecuador,ECU,25,47,74,79,153
Ukraine,UKR,"Egypt, Arab Rep.",EGY,3,10,19,21,68
Ukraine,UKR,Estonia,EST,15132,26952,34589,46322,25185
Ukraine,UKR,Ethiopia,ETH,3,3,3,4,4
Ukraine,UKR,Faeroe Islands,FRO,1,2,3,3,5
Ukraine,UKR,Fiji,FJI,46,24,4,1,2
Ukraine,UKR,Finland,FIN,338,242,192,236,878
Ukraine,UKR,France,FRA,6928,2526,1047,12,11687
Ukraine,UKR,French Guiana,GUF,1,5,9,21,32
Ukraine,UKR,Georgia,GEO,65714,62425,56656,65974,41382
Ukraine,UKR,Germany,DEU,2426,2708,7324,44527,58163
Ukraine,UKR,Ghana,GHA,15,21,7,24,41
Ukraine,UKR,Greece,GRC,112,216,296,6084,13082
Ukraine,UKR,Guatemala,GTM,9,23,17,16,8
Ukraine,UKR,Guinea,GIN,89,133,198,60,51
Ukraine,UKR,Guyana,GUY,36,21,2,2,4
Ukraine,UKR,Haiti,HTI,1,1,1,2,2
Ukraine,UKR,Honduras,HND,5,2,3,7,9
Ukraine,UKR,"Hong Kong SAR, China",HKG,232,579,10,686,718
Ukraine,UKR,Hungary,HUN,12019,21065,18856,16266,15422
Ukraine,UKR,India,IND,438,412,211,777,168
Ukraine,UKR,Indonesia,IDN,2,1,1,1,1
Ukraine,UKR,Iraq,IRQ,73,50,35,30,4
Ukraine,UKR,Ireland,IRL,42,52,93,126,1566
Ukraine,UKR,Israel,ISR,8094,9617,15742,31168,56111
Ukraine,UKR,Italy,ITA,817,739,785,5298,13755
Ukraine,UKR,Jordan,JOR,8,12,37,28,391
Ukraine,UKR,Kazakhstan,KAZ,419850,515091,507057,510702,402671
Ukraine,UKR,"Korea, Dem. Rep.",PRK,3,7,1,9,6
Ukraine,UKR,"Korea, Rep.",KOR,4,32,90,119,3
Ukraine,UKR,Kuwait,KWT,2,11,1,15,14
Ukraine,UKR,Kyrgyz Republic,KGZ,65728,57598,52438,53652,13605
Ukraine,UKR,Latvia,LVA,29896,54289,67736,93528,53535
Ukraine,UKR,Lebanon,LBN,19,61,55,71,1484
Ukraine,UKR,Liberia,LBR,18,2,2,2,2
Ukraine,UKR,Lithuania,LTU,18402,26498,33746,47453,20225
Ukraine,UKR,Luxembourg,LUX,6,13,16,98,204
Ukraine,UKR,"Macao SAR, China",MAC,7,3,11,12,13
Ukraine,UKR,"Macedonia, FYR",MKD,5,5,9,94,109
Ukraine,UKR,Malawi,MWI,3,3,7,7,6
Ukraine,UKR,Martinique,MTQ,1,7,5,10,12
Ukraine,UKR,Mauritius,MUS,2,2,35,69,9
Ukraine,UKR,Mexico,MEX,641,671,73,428,223
Ukraine,UKR,Moldova,MDA,186092,224007,247940,266585,218596
Ukraine,UKR,Monaco,MCO,3,3,23,29,34
Ukraine,UKR,Namibia,NAM,14,23,37,59,56
Ukraine,UKR,Netherlands,NLD,454,117,88,25,225
Ukraine,UKR,Netherlands Antilles,ANT,2,2,2,2,16
Ukraine,UKR,New Caledonia,NCL,3,5,3,5,7
Ukraine,UKR,New Zealand,NZL,177,182,370,355,829
Ukraine,UKR,Nicaragua,NIC,30,51,58,62,74
Ukraine,UKR,Niger,NER,36,48,65,49,16
Ukraine,UKR,Nigeria,NGA,111,77,362,85,143
Ukraine,UKR,Norway,NOR,63,55,44,43,347
Ukraine,UKR,Pakistan,PAK,16,49,40,32,26
Ukraine,UKR,Panama,PAN,11,10,21,77,134
Ukraine,UKR,Papua New Guinea,PNG,3,8,16,12,9
Ukraine,UKR,Paraguay,PRY,179,535,299,252,154
Ukraine,UKR,Peru,PER,2,237,449,188,153
Ukraine,UKR,Poland,POL,1177694,1014094,730271,508018,331462
Ukraine,UKR,Puerto Rico,PRI,2,6,8,6,78
Ukraine,UKR,Qatar,QAT,18,325,813,118,2218
Ukraine,UKR,Romania,ROU,42522,36477,25742,18348,15114
Ukraine,UKR,Russian Federation,RUS,3500317,3486564,3811434,4595811,3559975
Ukraine,UKR,Senegal,SEN,7,4,5,9,9
Ukraine,UKR,Serbia and Montenegro,SCG,28,28,51,35,130
Ukraine,UKR,Sierra Leone,SLE,9,14,17,17,1
Ukraine,UKR,Singapore,SGP,12,2,6,16,21
Ukraine,UKR,Slovak Republic,SVK,1879,2077,2295,7083,7468
Ukraine,UKR,Slovenia,SVN,161,163,292,138,844
Ukraine,UKR,South Africa,ZAF,1132,961,773,783,1928
Ukraine,UKR,Spain,ESP,31,52,89,796,18491
Ukraine,UKR,Sweden,SWE,1992,471,431,428,1919
Ukraine,UKR,Switzerland,CHE,311,137,300,5769,1887
Ukraine,UKR,Syrian Arab Republic,SYR,2,19,13,19,25
Ukraine,UKR,Tajikistan,TJK,24071,28319,32034,43446,32679
Ukraine,UKR,Thailand,THA,1,3,8,14,46
Ukraine,UKR,Togo,TGO,50,72,76,79,82
Ukraine,UKR,Trinidad and Tobago,TTO,14,11,13,10,6
Ukraine,UKR,Turkey,TUR,1563,1325,970,1199,4176
Ukraine,UKR,Turkmenistan,TKM,19544,33014,34618,33182,24323
Ukraine,UKR,United Kingdom,GBR,2403,1922,1351,1010,783
Ukraine,UKR,United States,USA,381955,293268,190645,146724,444101
Ukraine,UKR,Uruguay,URY,1835,1520,1098,697,153
Ukraine,UKR,"Venezuela, RB",VEN,3,524,360,6,181
Ukraine,UKR,West Bank and Gaza,PSE,146,174,205,270,418
Ukraine,UKR,"Yemen, Rep.",YEM,83,103,127,158,184
Ukraine,UKR,Zambia,ZMB,7,6,58,9,8
Ukraine,UKR,Zimbabwe,ZWE,52,67,63,59,54
United Arab Emirates,ARE,Algeria,DZA,18,7,6,5,4
United Arab Emirates,ARE,Australia,AUS,7,12,126,542,1438
United Arab Emirates,ARE,Bangladesh,BGD,38,30,33,36,40
United Arab Emirates,ARE,Bulgaria,BGR,3,3,3,3,16
United Arab Emirates,ARE,Canada,CAN,68,889,1746,202,6496
United Arab Emirates,ARE,Chad,TCD,1,1,1,1,2
United Arab Emirates,ARE,"Egypt, Arab Rep.",EGY,406,803,1243,1072,487
United Arab Emirates,ARE,Ethiopia,ETH,3,3,3,3,3
United Arab Emirates,ARE,Fiji,FJI,2,1,1,1,1
United Arab Emirates,ARE,France,FRA,84,8,5,2,141
United Arab Emirates,ARE,Germany,DEU,2,2,5,104,151
United Arab Emirates,ARE,Guinea,GIN,1,2,3,1,2
United Arab Emirates,ARE,Hungary,HUN,7,8,7,6,5
United Arab Emirates,ARE,India,IND,28,165,3294,9656,14316
United Arab Emirates,ARE,"Iran, Islamic Rep.",IRN,1,2,7,17,15
United Arab Emirates,ARE,Iraq,IRQ,247,257,274,376,93
United Arab Emirates,ARE,Israel,ISR,12,14,14,143,323
United Arab Emirates,ARE,Italy,ITA,2,2,3,15,19
United Arab Emirates,ARE,Kuwait,KWT,5,5264,4755,9521,8991
United Arab Emirates,ARE,Lebanon,LBN,5,32,10,585,223
United Arab Emirates,ARE,Libya,LBY,4,62,157,232,277
United Arab Emirates,ARE,Morocco,MAR,28,9,5,4,4
United Arab Emirates,ARE,New Zealand,NZL,2,9,20,29,404
United Arab Emirates,ARE,Niger,NER,8,11,15,11,4
United Arab Emirates,ARE,Nigeria,NGA,26,23,135,39,66
United Arab Emirates,ARE,Oman,OMN,21,31,71,207,305
United Arab Emirates,ARE,Pakistan,PAK,8,669,537,431,346
United Arab Emirates,ARE,Qatar,QAT,5,173,152,977,334
United Arab Emirates,ARE,Saudi Arabia,SAU,10,56,284,739,800
United Arab Emirates,ARE,Sudan,SDN,18,17,22,8,10
United Arab Emirates,ARE,Switzerland,CHE,2,1,1,9,43
United Arab Emirates,ARE,Syrian Arab Republic,SYR,143,68,55,77,102
United Arab Emirates,ARE,Tanzania,TZA,3,3,5,5,4
United Arab Emirates,ARE,Togo,TGO,12,17,18,18,19
United Arab Emirates,ARE,Turkey,TUR,61,1053,1637,3305,41
United Arab Emirates,ARE,United Kingdom,GBR,11,2,136,57,141
United Arab Emirates,ARE,West Bank and Gaza,PSE,11215,13372,15832,20833,32202
United Arab Emirates,ARE,"Yemen, Rep.",YEM,968,1198,1483,1836,2146
United Arab Emirates,ARE,Zimbabwe,ZWE,3,4,4,3,3
United Kingdom,GBR,Afghanistan,AFG,45,31,53,38,90
United Kingdom,GBR,Albania,ALB,72,79,88,97,109
United Kingdom,GBR,Algeria,DZA,966,378,298,235,185
United Kingdom,GBR,American Samoa,ASM,1,65,141,148,115
United Kingdom,GBR,Andorra,AND,15,82,51,99,129
United Kingdom,GBR,Angola,AGO,7786,3103,1237,1358,2138
United Kingdom,GBR,Anguilla,AIA,50,84,123,184,315
United Kingdom,GBR,Antigua and Barbuda,ATG,364,516,559,645,559
United Kingdom,GBR,Argentina,ARG,7069,5654,4559,2604,2383
United Kingdom,GBR,Aruba,ABW,36,34,32,45,80
United Kingdom,GBR,Australia,AUS,724397,1041138,1092182,1076261,1026553
United Kingdom,GBR,Austria,AUT,16223,9806,6931,5330,7721
United Kingdom,GBR,"Bahamas, The",BHS,1273,4563,2677,2063,2293
United Kingdom,GBR,Bahrain,BHR,2758,2906,5605,3853,3914
United Kingdom,GBR,Bangladesh,BGD,29,144,160,175,192
United Kingdom,GBR,Barbados,BRB,164,1480,2966,3122,3576
United Kingdom,GBR,Belgium,BEL,9924,15658,24146,23461,27635
United Kingdom,GBR,Benin,BEN,97,127,165,216,372
United Kingdom,GBR,Bermuda,BMU,3257,5181,4847,4870,4818
United Kingdom,GBR,Bhutan,BTN,7,10,13,18,24
United Kingdom,GBR,Bolivia,BOL,325,179,55,425,382
United Kingdom,GBR,Bosnia and Herzegovina,BIH,33,34,61,297,234
United Kingdom,GBR,Botswana,BWA,914,815,647,3183,2138
United Kingdom,GBR,Brazil,BRA,5651,4152,4249,3823,4029
United Kingdom,GBR,Brunei Darussalam,BRN,16,745,2399,2020,2874
United Kingdom,GBR,Bulgaria,BGR,57,60,61,61,283
United Kingdom,GBR,Burkina Faso,BFA,454,645,1230,543,1095
United Kingdom,GBR,Burundi,BDI,590,473,379,25,20
United Kingdom,GBR,Cambodia,KHM,496,418,5,50,308
United Kingdom,GBR,Cameroon,CMR,1634,1838,1464,2173,1829
United Kingdom,GBR,Canada,CAN,941217,903698,883022,914883,606723
United Kingdom,GBR,Cape Verde,CPV,81,90,99,117,136
United Kingdom,GBR,Cayman Islands,CYM,142,236,850,1426,2344
United Kingdom,GBR,Central African Republic,CAF,174,96,207,26,8
United Kingdom,GBR,Chad,TCD,146,161,178,197,223
United Kingdom,GBR,Chile,CHL,1999,1433,1203,1422,1645
United Kingdom,GBR,China,CHN,4098,2513,1082,1743,3210
United Kingdom,GBR,Colombia,COL,505,740,887,1086,14
United Kingdom,GBR,Comoros,COM,4,9,38,33,32
United Kingdom,GBR,"Congo, Dem. Rep.",COD,19195,83873,51894,35861,29360
United Kingdom,GBR,"Congo, Rep.",COG,345,581,223,370,68
United Kingdom,GBR,Cook Islands,COK,58,87,115,198,251
United Kingdom,GBR,Costa Rica,CRI,184,166,206,265,391
United Kingdom,GBR,Cote d'Ivoire,CIV,860,1330,1706,2735,723
United Kingdom,GBR,Croatia,HRV,268,272,488,188,313
United Kingdom,GBR,Cuba,CUB,2495,2258,1110,528,285
United Kingdom,GBR,Cyprus,CYP,15182,14896,14553,14323,16800
United Kingdom,GBR,Czech Republic,CZE,157,174,192,1360,1436
United Kingdom,GBR,Denmark,DNK,3362,5129,8379,9954,13477
United Kingdom,GBR,Djibouti,DJI,18,34,68,106,136
United Kingdom,GBR,Dominica,DMA,52,140,233,238,352
United Kingdom,GBR,Dominican Republic,DOM,6541,5288,3687,2247,708
United Kingdom,GBR,Ecuador,ECU,26,49,76,81,743
United Kingdom,GBR,El Salvador,SLV,123,111,91,76,87
United Kingdom,GBR,Equatorial Guinea,GNQ,12057,5773,102,53,88
United Kingdom,GBR,Eritrea,ERI,739,154,542,98,24
United Kingdom,GBR,Ethiopia,ETH,1491,1418,1491,1567,1647
United Kingdom,GBR,Faeroe Islands,FRO,280,372,494,542,153
United Kingdom,GBR,Falkland Islands (Malvinas),FLK,326,106,203,617,996
United Kingdom,GBR,Fiji,FJI,976,1005,1122,935,1088
United Kingdom,GBR,Finland,FIN,349,273,247,1657,2670
United Kingdom,GBR,France,FRA,59652,21828,42545,62630,100636
United Kingdom,GBR,French Guiana,GUF,13,5,10,23,34
United Kingdom,GBR,French Polynesia,PYF,50,41,39,71,516
United Kingdom,GBR,Gabon,GAB,352,201,288,471,717
United Kingdom,GBR,"Gambia, The",GMB,366,70,523,742,1072
United Kingdom,GBR,Germany,DEU,12501,29675,92204,81910,117124
United Kingdom,GBR,Ghana,GHA,6994,5139,1664,5820,9976
United Kingdom,GBR,Gibraltar,GIB,1824,2549,3437,3408,3641
United Kingdom,GBR,Greece,GRC,6435,7254,8762,27167,12697
United Kingdom,GBR,Greenland,GRL,4,13,15,15,13
United Kingdom,GBR,Grenada,GRD,59,206,371,68,127
United Kingdom,GBR,Guadeloupe,GLP,67,34,144,351,315
United Kingdom,GBR,Guam,GUM,1005,566,21,761,854
United Kingdom,GBR,Guatemala,GTM,251,127,122,131,140
United Kingdom,GBR,Guinea,GIN,229,342,510,172,193
United Kingdom,GBR,Guinea-Bissau,GNB,51,54,57,129,124
United Kingdom,GBR,Guyana,GUY,2227,2097,1106,374,282
United Kingdom,GBR,Haiti,HTI,33,77,98,132,179
United Kingdom,GBR,Honduras,HND,46,21,27,58,75
United Kingdom,GBR,"Hong Kong SAR, China",HKG,9465,19441,20366,23047,24095
United Kingdom,GBR,Hungary,HUN,74245,12142,5260,2809,1821
United Kingdom,GBR,Iceland,ISL,138,242,438,674,722
United Kingdom,GBR,India,IND,15031,8316,7804,4919,7708
United Kingdom,GBR,Indonesia,IDN,2159,1359,1384,1678,8517
United Kingdom,GBR,"Iran, Islamic Rep.",IRN,8,13,51,122,102
United Kingdom,GBR,Iraq,IRQ,52,270,438,746,211
United Kingdom,GBR,Ireland,IRL,54693,104694,179606,180936,227440
United Kingdom,GBR,Israel,ISR,1420,1687,1989,10011,21489
United Kingdom,GBR,Italy,ITA,34425,63925,60481,57722,31746
United Kingdom,GBR,Jamaica,JAM,4983,9614,8130,5171,4722
United Kingdom,GBR,Japan,JPN,1937,2430,5377,7979,13718
United Kingdom,GBR,Jordan,JOR,389,362,957,7,798
United Kingdom,GBR,Kenya,KEN,262,16458,11765,6404,297
United Kingdom,GBR,Kiribati,KIR,110,235,192,41,12
United Kingdom,GBR,"Korea, Dem. Rep.",PRK,132,263,287,314,285
United Kingdom,GBR,"Korea, Rep.",KOR,662,110,662,493,1210
United Kingdom,GBR,Kuwait,KWT,2308,3325,4457,11635,10987
United Kingdom,GBR,Lao PDR,LAO,78,82,87,91,87
United Kingdom,GBR,Lebanon,LBN,79,48,94,1386,1997
United Kingdom,GBR,Lesotho,LSO,17,52,88,85,29
United Kingdom,GBR,Liberia,LBR,272,801,518,518,493
United Kingdom,GBR,Libya,LBY,6582,23,60,88,105
United Kingdom,GBR,Liechtenstein,LIE,2,38,24,38,37
United Kingdom,GBR,Luxembourg,LUX,139,357,1645,2214,3141
United Kingdom,GBR,"Macao SAR, China",MAC,300,120,435,477,517
United Kingdom,GBR,"Macedonia, FYR",MKD,58,59,106,831,965
United Kingdom,GBR,Madagascar,MDG,722,415,365,234,211
United Kingdom,GBR,Malawi,MWI,3485,3423,1015,997,979
United Kingdom,GBR,Malaysia,MYS,19,786,2356,7567,8110
United Kingdom,GBR,Maldives,MDV,2,1,2,2,4
United Kingdom,GBR,Mali,MLI,213,209,205,201,13
United Kingdom,GBR,Malta,MLT,1584,9169,5013,3895,4361
United Kingdom,GBR,Marshall Islands,MHL,4,5,6,8,796
United Kingdom,GBR,Martinique,MTQ,79,9,73,142,170
United Kingdom,GBR,Mauritania,MRT,4,6,10,70,77
United Kingdom,GBR,Mauritius,MUS,3055,3138,1937,1672,1147
United Kingdom,GBR,Mayotte,MYT,2,4,8,20,41
United Kingdom,GBR,Mexico,MEX,2453,1199,2290,1991,2733
United Kingdom,GBR,"Micronesia, Fed. Sts.",FSM,1966,1779,932,26,43
United Kingdom,GBR,Monaco,MCO,442,329,197,246,290
United Kingdom,GBR,Mongolia,MNG,42,52,63,77,94
United Kingdom,GBR,Montserrat,MSR,67,157,204,154,14
United Kingdom,GBR,Morocco,MAR,127,41,23,19,18
United Kingdom,GBR,Mozambique,MOZ,1044,202,245,2337,9270
United Kingdom,GBR,Myanmar,MMR,450,428,431,579,477
United Kingdom,GBR,Namibia,NAM,1586,2543,4076,6533,6255
United Kingdom,GBR,Naura,NRU,10,30,63,83,104
United Kingdom,GBR,Netherlands,NLD,7795,6738,14590,38152,45408
United Kingdom,GBR,Netherlands Antilles,ANT,249,219,192,180,168
United Kingdom,GBR,New Caledonia,NCL,35,433,48,316,672
United Kingdom,GBR,New Zealand,NZL,217720,248101,265055,272190,221729
United Kingdom,GBR,Nicaragua,NIC,18,30,33,36,43
United Kingdom,GBR,Niger,NER,2387,3222,4349,3280,1060
United Kingdom,GBR,Nigeria,NGA,14211,8534,33054,5708,9572
United Kingdom,GBR,Northern Mariana Islands,MNP,28,38,51,76,185
United Kingdom,GBR,Norway,NOR,4451,6495,11274,14791,14654
United Kingdom,GBR,Oman,OMN,610,878,2041,5921,8717
United Kingdom,GBR,Pakistan,PAK,342,1079,866,695,558
United Kingdom,GBR,Palau,PLW,1,2,2,14,140
United Kingdom,GBR,Panama,PAN,569,444,335,387,337
United Kingdom,GBR,Papua New Guinea,PNG,2064,5088,4304,3335,2504
United Kingdom,GBR,Paraguay,PRY,45,135,117,132,154
United Kingdom,GBR,Peru,PER,1471,1435,1334,769,628
United Kingdom,GBR,Philippines,PHL,786,1158,3946,7128,32865
United Kingdom,GBR,Poland,POL,2859,2462,2393,2465,2912
United Kingdom,GBR,Portugal,PRT,334,872,2277,7572,10118
United Kingdom,GBR,Puerto Rico,PRI,148,437,628,448,5865
United Kingdom,GBR,Qatar,QAT,76,259,1385,2314,2985
United Kingdom,GBR,Reunion,REU,144,11,1604,2134,3166
United Kingdom,GBR,Romania,ROU,245,210,148,106,489
United Kingdom,GBR,Rwanda,RWA,395,520,640,631,1486
United Kingdom,GBR,Saint Helena,SHN,86,146,225,272,287
United Kingdom,GBR,Saint Pierre and Miquelon,SPM,1,3,4,4,4
United Kingdom,GBR,Samoa,WSM,10,95,90,25,34
United Kingdom,GBR,San Marino,SMR,7,7,482,507,533
United Kingdom,GBR,Sao Tome and Principe,STP,6,6,5,14,14
United Kingdom,GBR,Saudi Arabia,SAU,292,1647,8400,21885,23675
United Kingdom,GBR,Senegal,SEN,829,534,563,1050,1035
United Kingdom,GBR,Serbia and Montenegro,SCG,322,328,586,671,2482
United Kingdom,GBR,Seychelles,SYC,258,790,1017,616,536
United Kingdom,GBR,Sierra Leone,SLE,301,494,610,600,330
United Kingdom,GBR,Singapore,SGP,4691,439,1452,3806,8061
United Kingdom,GBR,Slovak Republic,SVK,62,69,76,235,97
United Kingdom,GBR,Slovenia,SVN,71,72,129,75,28
United Kingdom,GBR,Solomon Islands,SLB,386,425,512,346,123
United Kingdom,GBR,Somalia,SOM,1097,226,926,150,45
United Kingdom,GBR,South Africa,ZAF,127568,170900,213123,154620,126343
United Kingdom,GBR,Spain,ESP,10849,18300,31347,65258,86985
United Kingdom,GBR,Sri Lanka,LKA,1780,722,798,553,476
United Kingdom,GBR,St. Kitts and Nevis,KNA,428,331,315,73,225
United Kingdom,GBR,St. Lucia,LCA,52,297,553,105,596
United Kingdom,GBR,St. Vincent and the Grenadines,VCT,426,392,364,348,554
United Kingdom,GBR,Sudan,SDN,666,636,816,3172,3827
United Kingdom,GBR,Suriname,SUR,24,16,10,14,18
United Kingdom,GBR,Swaziland,SWZ,600,1194,139,1123,774
United Kingdom,GBR,Sweden,SWE,2699,5657,8216,11651,14443
United Kingdom,GBR,Switzerland,CHE,13220,15048,19660,19827,23360
United Kingdom,GBR,Syrian Arab Republic,SYR,49,474,345,487,641
United Kingdom,GBR,Tanzania,TZA,6821,6322,2122,2044,983
United Kingdom,GBR,Thailand,THA,1599,3370,2416,2326,5091
United Kingdom,GBR,Timor-Leste,TLS,2,2,2,2,2
United Kingdom,GBR,Togo,TGO,3390,4847,5099,5326,5487
United Kingdom,GBR,Tonga,TON,35,121,354,542,266
United Kingdom,GBR,Trinidad and Tobago,TTO,3668,3260,4032,2150,2126
United Kingdom,GBR,Tunisia,TUN,168,730,124,240,226
United Kingdom,GBR,Turkey,TUR,1496,2885,3510,6407,18877
United Kingdom,GBR,Turks and Caicos Islands,TCA,9,22,58,248,274
United Kingdom,GBR,Tuvalu,TUV,69,120,115,110,75
United Kingdom,GBR,Uganda,UGA,3939,3932,2385,1043,1272
United Kingdom,GBR,United Arab Emirates,ARE,44,1313,14331,26591,45687
United Kingdom,GBR,United States,USA,870668,812912,797768,809113,833858
United Kingdom,GBR,Uruguay,URY,151,125,90,93,487
United Kingdom,GBR,Vanuatu,VUT,194,226,237,242,52
United Kingdom,GBR,"Venezuela, RB",VEN,850,1998,2732,1920,1640
United Kingdom,GBR,Vietnam,VNM,13,12,52,72,775
United Kingdom,GBR,Virgin Islands (U.S.),VIR,58,363,13,422,267
United Kingdom,GBR,"Virgin Islands, British",VGB,52,256,315,382,422
United Kingdom,GBR,West Bank and Gaza,PSE,104,124,147,194,300
United Kingdom,GBR,"Yemen, Rep.",YEM,62,76,95,117,137
United Kingdom,GBR,Zambia,ZMB,30777,24662,8080,3260,2949
United Kingdom,GBR,Zimbabwe,ZWE,41401,53367,50333,47472,43662
United States,USA,Afghanistan,AFG,14,17,35,92,146
United States,USA,Albania,ALB,10,11,13,14,16
United States,USA,Algeria,DZA,141,55,43,34,27
United States,USA,American Samoa,ASM,259,1122,2214,3533,3605
United States,USA,Andorra,AND,3,14,37,73,95
United States,USA,Angola,AGO,35,14,6,6,10
United States,USA,Anguilla,AIA,51,86,126,201,344
United States,USA,Antigua and Barbuda,ATG,656,932,1101,1354,1474
United States,USA,Argentina,ARG,7932,8686,9922,10199,10338
United States,USA,Aruba,ABW,344,326,308,437,779
United States,USA,Australia,AUS,11031,20504,36153,42482,53104
United States,USA,Austria,AUT,21615,18092,10639,8954,8643
United States,USA,"Bahamas, The",BHS,3307,6721,3758,4488,4989
United States,USA,Bahrain,BHR,3,272,863,1170,3008
United States,USA,Bangladesh,BGD,26,129,143,157,172
United States,USA,Barbados,BRB,1705,1303,1059,1162,1332
United States,USA,Belgium,BEL,3520,12938,12209,11746,12317
United States,USA,Benin,BEN,135,175,228,300,515
United States,USA,Bermuda,BMU,1713,2324,2799,3504,3537
United States,USA,Bhutan,BTN,28,38,51,68,92
United States,USA,Bolivia,BOL,1065,2056,2839,2540,3285
United States,USA,Bosnia and Herzegovina,BIH,256,260,466,2271,1788
United States,USA,Botswana,BWA,5,5,112,584,910
United States,USA,Brazil,BRA,12784,12580,13697,11727,13954
United States,USA,Brunei Darussalam,BRN,7,9,53,113,161
United States,USA,Bulgaria,BGR,119,124,127,126,584
United States,USA,Burkina Faso,BFA,1,2,4,158,61
United States,USA,Burundi,BDI,109,88,70,10,8
United States,USA,Cambodia,KHM,1057,891,12,106,656
United States,USA,Cameroon,CMR,325,365,291,969,816
United States,USA,Canada,CAN,276126,291996,313920,325306,270708
United States,USA,Cape Verde,CPV,220,243,269,249,289
United States,USA,Cayman Islands,CYM,149,247,891,2196,3031
United States,USA,Chad,TCD,105,116,128,142,160
United States,USA,Chile,CHL,2987,3567,4660,5625,7874
United States,USA,China,CHN,8807,2804,1188,3469,7748
United States,USA,Colombia,COL,5991,9025,11023,13659,15062
United States,USA,Comoros,COM,2,4,17,69,67
United States,USA,"Congo, Dem. Rep.",COD,14435,7298,3929,2715,2223
United States,USA,"Congo, Rep.",COG,12,20,19,32,6
United States,USA,Cook Islands,COK,25,45,39,25,13
United States,USA,Costa Rica,CRI,151,2519,3280,5410,9520
United States,USA,Cote d'Ivoire,CIV,336,519,666,1876,169
United States,USA,Croatia,HRV,2483,2524,4519,1207,945
United States,USA,Cuba,CUB,2439,2207,1149,621,577
United States,USA,Cyprus,CYP,919,1065,1208,1361,1465
United States,USA,Czech Republic,CZE,71,79,87,613,2117
United States,USA,Denmark,DNK,4590,6110,6521,7103,8195
United States,USA,Djibouti,DJI,7,13,26,41,52
United States,USA,Dominica,DMA,539,469,410,235,348
United States,USA,Dominican Republic,DOM,2817,4755,6471,8575,11114
United States,USA,Ecuador,ECU,2560,4765,7416,8553,10824
United States,USA,"Egypt, Arab Rep.",EGY,473,1684,3017,2599,6952
United States,USA,El Salvador,SLV,2103,2023,3496,4553,4069
United States,USA,Eritrea,ERI,58,37,47,52,21
United States,USA,Ethiopia,ETH,113,107,113,119,125
United States,USA,Faeroe Islands,FRO,53,71,94,103,46
United States,USA,Falkland Islands (Malvinas),FLK,3,2,4,16,6
United States,USA,Fiji,FJI,219,224,248,391,455
United States,USA,Finland,FIN,4339,2369,856,2898,3464
United States,USA,France,FRA,48713,4871,27394,37519,82181
United States,USA,French Guiana,GUF,17,23,47,109,166
United States,USA,French Polynesia,PYF,47,62,108,447,422
United States,USA,Gabon,GAB,27,37,65,118,179
United States,USA,"Gambia, The",GMB,2,5,40,57,82
United States,USA,Germany,DEU,17115,49707,90487,76471,114932
United States,USA,Ghana,GHA,779,114,37,129,222
United States,USA,Greece,GRC,14466,20000,33344,34364,17432
United States,USA,Greenland,GRL,2,5,6,6,5
United States,USA,Grenada,GRD,615,459,330,707,1317
United States,USA,Guadeloupe,GLP,119,120,342,797,716
United States,USA,Guam,GUM,21132,17,23650,28053,19125
United States,USA,Guatemala,GTM,3636,3849,3801,5612,5144
United States,USA,Guinea,GIN,34,50,75,120,347
United States,USA,Guinea-Bissau,GNB,2,3,3,6,6
United States,USA,Guyana,GUY,485,649,475,311,613
United States,USA,Haiti,HTI,299,1312,1662,2250,3046
United States,USA,Honduras,HND,1680,813,1092,2445,4946
United States,USA,"Hong Kong SAR, China",HKG,8742,4210,6333,15779,28841
United States,USA,Hungary,HUN,2283,5128,4644,4022,3822
United States,USA,Iceland,ISL,284,502,752,1119,1384
United States,USA,India,IND,4919,4106,5327,12443,13049
United States,USA,Indonesia,IDN,3311,2084,2124,2574,2300
United States,USA,"Iran, Islamic Rep.",IRN,6,11,40,96,81
United States,USA,Iraq,IRQ,1975,1276,822,613,57
United States,USA,Ireland,IRL,6554,10586,15938,15621,24104
United States,USA,Israel,ISR,2101,2496,2359,30705,70135
United States,USA,Italy,ITA,2756,133755,115807,60379,26837
United States,USA,Jamaica,JAM,1918,3939,2544,4335,6169
United States,USA,Japan,JPN,12491,21058,22256,41124,50202
United States,USA,Jordan,JOR,1057,524,753,1090,2583
United States,USA,Kenya,KEN,225,3649,4444,5269,114
United States,USA,"Korea, Dem. Rep.",PRK,284,294,316,625,688
United States,USA,"Korea, Rep.",KOR,6204,2448,3711,4136,12142
United States,USA,Kuwait,KWT,163,1034,1277,4309,4069
United States,USA,Lao PDR,LAO,19,20,21,22,21
United States,USA,Lebanon,LBN,219,25,27,1135,3334
United States,USA,Lesotho,LSO,28,180,335,567,84
United States,USA,Liberia,LBR,1717,1977,281,281,267
United States,USA,Libya,LBY,6646,1587,4034,5943,7115
United States,USA,Liechtenstein,LIE,15,22,28,58,42
United States,USA,Luxembourg,LUX,475,607,596,1033,1089
United States,USA,"Macao SAR, China",MAC,277,111,402,441,477
United States,USA,"Macedonia, FYR",MKD,447,455,814,1005,1167
United States,USA,Madagascar,MDG,4,2,196,255,231
United States,USA,Malawi,MWI,654,642,33,32,32
United States,USA,Malaysia,MYS,8,318,954,3063,5433
United States,USA,Mali,MLI,275,270,265,260,4
United States,USA,Malta,MLT,52,496,292,257,364
United States,USA,Marshall Islands,MHL,125,152,186,228,38
United States,USA,Martinique,MTQ,36,58,69,134,160
United States,USA,Mauritania,MRT,3,4,7,106,118
United States,USA,Mauritius,MUS,65,67,71,89,103
United States,USA,Mexico,MEX,99121,98764,160890,201431,350626
United States,USA,"Micronesia, Fed. Sts.",FSM,847,767,764,753,629
United States,USA,Monaco,MCO,104,132,161,201,237
United States,USA,Mongolia,MNG,143,175,214,261,319
United States,USA,Montserrat,MSR,9,138,222,168,15
United States,USA,Morocco,MAR,216,69,39,33,30
United States,USA,Mozambique,MOZ,95,53,180,844,2727
United States,USA,Myanmar,MMR,4003,3807,2266,888,731
United States,USA,Namibia,NAM,110,177,284,455,436
United States,USA,Netherlands,NLD,12,1833,5067,14598,20877
United States,USA,Netherlands Antilles,ANT,930,817,718,1376,1174
United States,USA,New Caledonia,NCL,15,55,54,80,126
United States,USA,New Zealand,NZL,2670,5837,6418,8070,13258
United States,USA,Nicaragua,NIC,1403,2368,2661,2854,3416
United States,USA,Niger,NER,1637,2209,2982,2134,455
United States,USA,Nigeria,NGA,3740,6261,50147,17592,29497
United States,USA,Northern Mariana Islands,MNP,317,428,578,1290,2269
United States,USA,Norway,NOR,8549,11802,16901,16046,15273
United States,USA,Oman,OMN,167,240,558,1618,2382
United States,USA,Pakistan,PAK,307,967,777,623,500
United States,USA,Palau,PLW,30,41,56,272,515
United States,USA,Panama,PAN,5840,8500,4146,4375,5303
United States,USA,Papua New Guinea,PNG,706,1740,1498,1161,872
United States,USA,Paraguay,PRY,288,860,1022,1482,1771
United States,USA,Peru,PER,5445,6396,6995,5906,4829
United States,USA,Philippines,PHL,1210,19673,12356,20469,36157
United States,USA,Poland,POL,92,79,2875,5639,9604
United States,USA,Portugal,PRT,322,841,2197,5422,6700
United States,USA,Puerto Rico,PRI,55207,162837,233924,233011,243628
United States,USA,Qatar,QAT,210,134,402,1896,4982
United States,USA,Reunion,REU,6,5,52,69,102
United States,USA,Romania,ROU,15,13,9,6,1468
United States,USA,Rwanda,RWA,637,245,279,353,868
United States,USA,Saint Pierre and Miquelon,SPM,4,3,5,5,4
United States,USA,Samoa,WSM,74,481,528,272,444
United States,USA,San Marino,SMR,23,24,3376,3549,3730
United States,USA,Saudi Arabia,SAU,331,1866,9518,24798,26826
United States,USA,Senegal,SEN,34,22,23,43,42
United States,USA,Serbia and Montenegro,SCG,2460,2500,4477,6178,22865
United States,USA,Seychelles,SYC,11,103,174,251,103
United States,USA,Sierra Leone,SLE,241,395,488,480,344
United States,USA,Singapore,SGP,575,178,588,1541,6893
United States,USA,Slovak Republic,SVK,28,31,34,106,828
United States,USA,Slovenia,SVN,723,735,1316,732,435
United States,USA,Solomon Islands,SLB,79,87,79,5,193
United States,USA,Somalia,SOM,87,54,81,80,39
United States,USA,South Africa,ZAF,2691,3786,4860,3296,7081
United States,USA,Spain,ESP,5798,9779,16752,14492,17204
United States,USA,Sri Lanka,LKA,261,241,313,217,186
United States,USA,St. Kitts and Nevis,KNA,519,401,382,756,815
United States,USA,St. Lucia,LCA,542,447,368,1093,943
United States,USA,St. Vincent and the Grenadines,VCT,173,159,148,269,429
United States,USA,Sudan,SDN,314,299,384,1222,1475
United States,USA,Suriname,SUR,47,63,66,133,253
United States,USA,Swaziland,SWZ,33,66,17,445,192
United States,USA,Sweden,SWE,10719,12412,11941,16162,14258
United States,USA,Switzerland,CHE,12068,12313,12309,11293,14729
United States,USA,Syrian Arab Republic,SYR,40,373,271,384,505
United States,USA,Tanzania,TZA,2100,1947,746,718,1164
United States,USA,Thailand,THA,2327,3191,2601,2831,6980
United States,USA,Togo,TGO,265,379,399,417,429
United States,USA,Trinidad and Tobago,TTO,1379,1635,2495,2422,3561
United States,USA,Tunisia,TUN,285,457,210,406,383
United States,USA,Turkey,TUR,15782,13568,10097,12718,13575
United States,USA,Turks and Caicos Islands,TCA,24,62,162,460,508
United States,USA,Uganda,UGA,1150,1148,811,551,1019
United States,USA,United Arab Emirates,ARE,8,245,2677,4966,8533
United States,USA,United Kingdom,GBR,119195,139813,120940,145459,165086
United States,USA,Uruguay,URY,619,513,370,976,1390
United States,USA,Vanuatu,VUT,14,16,38,47,23
United States,USA,"Venezuela, RB",VEN,5157,10918,11867,11652,10169
United States,USA,Vietnam,VNM,8,41,79,93,710
United States,USA,Virgin Islands (U.S.),VIR,2707,16960,12769,2133,15745
United States,USA,"Virgin Islands, British",VGB,53,261,321,584,646
United States,USA,West Bank and Gaza,PSE,14341,17098,20243,26637,41175
United States,USA,"Yemen, Rep.",YEM,1162,1439,1781,2205,2578
United States,USA,Zambia,ZMB,950,761,1977,619,560
United States,USA,Zimbabwe,ZWE,861,1110,1047,988,908
Uruguay,URY,Argentina,ARG,56568,83443,114876,138094,119169
Uruguay,URY,Aruba,ABW,2,1,1,9,20
Uruguay,URY,Australia,AUS,127,382,9796,9390,9463
Uruguay,URY,Austria,AUT,16,6,15,46,50
Uruguay,URY,Barbados,BRB,1,3,6,2,3
Uruguay,URY,Belgium,BEL,13,67,189,67,89
Uruguay,URY,Bolivia,BOL,94,296,457,342,431
Uruguay,URY,Brazil,BRA,12787,13448,21084,23207,24756
Uruguay,URY,Bulgaria,BGR,2,2,2,2,9
Uruguay,URY,Cameroon,CMR,6,7,5,2,2
Uruguay,URY,Canada,CAN,392,497,614,4889,6146
Uruguay,URY,Chad,TCD,1,1,2,2,2
Uruguay,URY,Chile,CHL,531,750,932,1387,2235
Uruguay,URY,Colombia,COL,94,237,364,514,438
Uruguay,URY,"Congo, Dem. Rep.",COD,2,4,2,2,1
Uruguay,URY,Costa Rica,CRI,11,45,123,159,235
Uruguay,URY,Cuba,CUB,6,6,3,2,2
Uruguay,URY,Denmark,DNK,12,14,134,178,192
Uruguay,URY,Dominican Republic,DOM,16,467,904,1399,1982
Uruguay,URY,Ecuador,ECU,218,405,631,673,472
Uruguay,URY,El Salvador,SLV,20,31,52,68,24
Uruguay,URY,Finland,FIN,3,15,28,34,52
Uruguay,URY,French Guiana,GUF,2,9,17,40,61
Uruguay,URY,French Polynesia,PYF,4,3,4,13,40
Uruguay,URY,Germany,DEU,137,140,90,650,1041
Uruguay,URY,Greece,GRC,3,9,16,1,33
Uruguay,URY,Guyana,GUY,309,180,18,15,35
Uruguay,URY,Honduras,HND,15,7,9,19,49
Uruguay,URY,Hungary,HUN,7,31,28,25,23
Uruguay,URY,Ireland,IRL,7,9,16,11,21
Uruguay,URY,Israel,ISR,57,68,64,831,1899
Uruguay,URY,Italy,ITA,61,365,23,99,2604
Uruguay,URY,Mexico,MEX,3,6,1661,977,1353
Uruguay,URY,Netherlands Antilles,ANT,5,5,4,17,23
Uruguay,URY,Nicaragua,NIC,3,5,5,6,7
Uruguay,URY,Nigeria,NGA,1,1,11,4,6
Uruguay,URY,Norway,NOR,3,16,82,147,166
Uruguay,URY,Panama,PAN,23,139,141,156,270
Uruguay,URY,Papua New Guinea,PNG,3,7,7,5,4
Uruguay,URY,Paraguay,PRY,401,722,2031,3083,3305
Uruguay,URY,Peru,PER,184,360,509,420,343
Uruguay,URY,Puerto Rico,PRI,1,4,5,27,51
Uruguay,URY,Samoa,WSM,1,4,4,3,9
Uruguay,URY,Senegal,SEN,3,2,2,4,4
Uruguay,URY,Serbia and Montenegro,SCG,2,2,4,8,31
Uruguay,URY,South Africa,ZAF,5,40,76,82,49
Uruguay,URY,Spain,ESP,144,243,417,1478,19876
Uruguay,URY,Suriname,SUR,12,8,5,7,10
Uruguay,URY,Sweden,SWE,30,70,2094,2169,2203
Uruguay,URY,Switzerland,CHE,54,67,38,252,587
Uruguay,URY,Tanzania,TZA,5,4,2,2,4
Uruguay,URY,Trinidad and Tobago,TTO,9,7,8,7,4
Uruguay,URY,Turkey,TUR,7,12,15,26,45
Uruguay,URY,United Kingdom,GBR,52,3,529,674,1486
Uruguay,URY,United States,USA,1283,6579,15685,24694,25507
Uruguay,URY,Vanuatu,VUT,1,2,4,4,2
Uruguay,URY,"Venezuela, RB",VEN,2730,987,6283,6169,4697
Uruguay,URY,West Bank and Gaza,PSE,3,4,5,6,9
Uruguay,URY,"Yemen, Rep.",YEM,2,2,2,3,4
Uzbekistan,UZB,Argentina,ARG,50,40,32,3,4
Uzbekistan,UZB,Australia,AUS,376,848,410,1787,407
Uzbekistan,UZB,Austria,AUT,26,12,14,23,110
Uzbekistan,UZB,Belgium,BEL,49,22,8,7,23
Uzbekistan,UZB,Benin,BEN,3,4,5,6,11
Uzbekistan,UZB,Brazil,BRA,38,28,19,11,70
Uzbekistan,UZB,Bulgaria,BGR,92,96,99,98,454
Uzbekistan,UZB,Canada,CAN,1945,1636,1353,1353,1540
Uzbekistan,UZB,Chile,CHL,101,65,37,40,4
Uzbekistan,UZB,China,CHN,316,104,5,32,711
Uzbekistan,UZB,Colombia,COL,3,5,6,8,12
Uzbekistan,UZB,"Congo, Dem. Rep.",COD,22,180,112,77,63
Uzbekistan,UZB,Cote d'Ivoire,CIV,13,20,25,39,4
Uzbekistan,UZB,Croatia,HRV,8,8,14,4,41
Uzbekistan,UZB,Cyprus,CYP,67,233,399,569,38
Uzbekistan,UZB,Czech Republic,CZE,49,55,60,426,180
Uzbekistan,UZB,Denmark,DNK,6,23,17,14,63
Uzbekistan,UZB,"Egypt, Arab Rep.",EGY,27,26,24,3,88
Uzbekistan,UZB,Ethiopia,ETH,3,3,3,3,4
Uzbekistan,UZB,Fiji,FJI,2,2,2,2,2
Uzbekistan,UZB,Finland,FIN,20,15,13,14,53
Uzbekistan,UZB,France,FRA,798,80,174,23,1347
Uzbekistan,UZB,Germany,DEU,272,287,287,5182,6514
Uzbekistan,UZB,Ghana,GHA,2,9,3,10,17
Uzbekistan,UZB,Greece,GRC,6,13,17,358,771
Uzbekistan,UZB,Guinea,GIN,73,109,163,39,7
Uzbekistan,UZB,"Hong Kong SAR, China",HKG,903,886,48,426,8071
Uzbekistan,UZB,Hungary,HUN,32,60,54,47,44
Uzbekistan,UZB,Indonesia,IDN,196,124,126,153,136
Uzbekistan,UZB,Iraq,IRQ,2276,1405,833,505,8
Uzbekistan,UZB,Ireland,IRL,2,3,5,6,86
Uzbekistan,UZB,Israel,ISR,12271,14581,24682,56552,106193
Uzbekistan,UZB,Italy,ITA,14,28,23,197,1164
Uzbekistan,UZB,Kazakhstan,KAZ,57380,90896,152934,139498,109989
Uzbekistan,UZB,"Korea, Dem. Rep.",PRK,10,11,1,6,63
Uzbekistan,UZB,Kuwait,KWT,4,19,7,472,445
Uzbekistan,UZB,Kyrgyz Republic,KGZ,27238,41967,53907,69560,67084
Uzbekistan,UZB,Lao PDR,LAO,10,11,11,12,11
Uzbekistan,UZB,Lebanon,LBN,59,92,86,330,2793
Uzbekistan,UZB,"Macao SAR, China",MAC,34,14,50,55,59
Uzbekistan,UZB,Madagascar,MDG,8,5,2,3,2
Uzbekistan,UZB,Mexico,MEX,14,15,7,28,1
Uzbekistan,UZB,Myanmar,MMR,2402,2285,1184,53,43
Uzbekistan,UZB,Netherlands Antilles,ANT,3,2,2,2,1
Uzbekistan,UZB,New Zealand,NZL,8,9,18,17,62
Uzbekistan,UZB,Nicaragua,NIC,7,12,14,15,17
Uzbekistan,UZB,Niger,NER,34,46,62,46,15
Uzbekistan,UZB,Nigeria,NGA,106,93,549,160,269
Uzbekistan,UZB,Norway,NOR,6,5,7,7,33
Uzbekistan,UZB,Philippines,PHL,86,92,359,50,279
Uzbekistan,UZB,Poland,POL,1342,1155,842,598,410
Uzbekistan,UZB,Qatar,QAT,56,493,1276,551,4174
Uzbekistan,UZB,Romania,ROU,10,9,6,4,13
Uzbekistan,UZB,Saudi Arabia,SAU,1,7,37,97,105
Uzbekistan,UZB,Slovak Republic,SVK,20,22,24,74,23
Uzbekistan,UZB,South Africa,ZAF,169,144,115,120,48
Uzbekistan,UZB,Sweden,SWE,212,48,46,45,204
Uzbekistan,UZB,Switzerland,CHE,12,6,8,19,88
Uzbekistan,UZB,Syrian Arab Republic,SYR,4,34,25,35,46
Uzbekistan,UZB,Tajikistan,TJK,32696,48169,63188,86619,65152
Uzbekistan,UZB,Thailand,THA,19,505,957,1543,4866
Uzbekistan,UZB,Togo,TGO,48,69,72,75,78
Uzbekistan,UZB,Turkey,TUR,2957,2491,1810,2216,7970
Uzbekistan,UZB,Turkmenistan,TKM,14488,20948,27201,36860,27020
Uzbekistan,UZB,United Kingdom,GBR,286,229,161,131,7
Uzbekistan,UZB,United States,USA,24536,20164,8716,9447,33632
Uzbekistan,UZB,"Venezuela, RB",VEN,12,2,2,28,1
Uzbekistan,UZB,West Bank and Gaza,PSE,269,321,380,500,772
Uzbekistan,UZB,"Yemen, Rep.",YEM,8763,10848,13431,16627,19438
Uzbekistan,UZB,Zambia,ZMB,3,2,40,6,5
Uzbekistan,UZB,Zimbabwe,ZWE,19,25,24,22,20
Vanuatu,VUT,American Samoa,ASM,2,1,1,12,17
Vanuatu,VUT,Australia,AUS,278,422,660,833,888
Vanuatu,VUT,Bulgaria,BGR,6,6,6,6,30
Vanuatu,VUT,Fiji,FJI,9,41,77,96,112
Vanuatu,VUT,"Micronesia, Fed. Sts.",FSM,4,4,3,2,2
Vanuatu,VUT,New Caledonia,NCL,494,1283,2515,2964,4064
Vanuatu,VUT,New Zealand,NZL,55,48,118,5,272
Vanuatu,VUT,Papua New Guinea,PNG,25,61,213,165,124
Vanuatu,VUT,Samoa,WSM,10,19,20,10,21
Vanuatu,VUT,Solomon Islands,SLB,41,45,20,95,15
Vanuatu,VUT,Tuvalu,TUV,2,2,2,2,1
Vanuatu,VUT,United States,USA,5,12,3,76,492
"Venezuela, RB",VEN,Antigua and Barbuda,ATG,20,29,20,12,24
"Venezuela, RB",VEN,Argentina,ARG,662,329,15,1993,3068
"Venezuela, RB",VEN,Aruba,ABW,464,439,415,1138,2859
"Venezuela, RB",VEN,Australia,AUS,15,45,98,586,1109
"Venezuela, RB",VEN,Austria,AUT,76,29,73,218,299
"Venezuela, RB",VEN,"Bahamas, The",BHS,5,41,13,18,20
"Venezuela, RB",VEN,Barbados,BRB,50,97,154,83,95
"Venezuela, RB",VEN,Bolivia,BOL,27,72,109,278,492
"Venezuela, RB",VEN,Bosnia and Herzegovina,BIH,1,1,2,12,9
"Venezuela, RB",VEN,Brazil,BRA,1395,981,1258,1212,2162
"Venezuela, RB",VEN,Cameroon,CMR,5,6,5,2,2
"Venezuela, RB",VEN,Canada,CAN,1137,1442,1782,3160,7987
"Venezuela, RB",VEN,Chad,TCD,1,1,1,1,2
"Venezuela, RB",VEN,Chile,CHL,411,378,888,2336,4034
"Venezuela, RB",VEN,Colombia,COL,12855,23498,31923,42329,37169
"Venezuela, RB",VEN,"Congo, Dem. Rep.",COD,10,18,11,7,6
"Venezuela, RB",VEN,Costa Rica,CRI,181,248,457,649,1038
"Venezuela, RB",VEN,Cuba,CUB,612,554,302,179,210
"Venezuela, RB",VEN,Cyprus,CYP,1,4,6,9,29
"Venezuela, RB",VEN,Denmark,DNK,67,77,167,205,412
"Venezuela, RB",VEN,Dominica,DMA,16,13,10,12,18
"Venezuela, RB",VEN,Dominican Republic,DOM,581,4434,8141,12371,17358
"Venezuela, RB",VEN,Ecuador,ECU,528,982,1529,2537,3448
"Venezuela, RB",VEN,El Salvador,SLV,67,43,104,148,182
"Venezuela, RB",VEN,Finland,FIN,19,82,158,47,73
"Venezuela, RB",VEN,France,FRA,8878,888,2259,2541,14978
"Venezuela, RB",VEN,French Guiana,GUF,7,10,19,45,69
"Venezuela, RB",VEN,Germany,DEU,645,671,353,1169,4980
"Venezuela, RB",VEN,Greece,GRC,15,42,343,469,205
"Venezuela, RB",VEN,Grenada,GRD,18,38,60,21,39
"Venezuela, RB",VEN,Guadeloupe,GLP,4,9,18,39,35
"Venezuela, RB",VEN,Guatemala,GTM,244,127,112,130,173
"Venezuela, RB",VEN,Guyana,GUY,572,465,194,364,1025
"Venezuela, RB",VEN,Haiti,HTI,2,24,30,41,55
"Venezuela, RB",VEN,Honduras,HND,58,26,34,74,72
"Venezuela, RB",VEN,Hungary,HUN,24,110,102,89,85
"Venezuela, RB",VEN,Indonesia,IDN,2,2,2,2,2
"Venezuela, RB",VEN,Ireland,IRL,40,50,89,64,109
"Venezuela, RB",VEN,Israel,ISR,51,60,57,739,1688
"Venezuela, RB",VEN,Italy,ITA,290,20337,17433,14777,8776
"Venezuela, RB",VEN,Jordan,JOR,9,3,2,29,31
"Venezuela, RB",VEN,Luxembourg,LUX,4,6,21,126,97
"Venezuela, RB",VEN,"Macedonia, FYR",MKD,2,2,4,116,134
"Venezuela, RB",VEN,Martinique,MTQ,67,67,101,196,235
"Venezuela, RB",VEN,Mexico,MEX,7,834,2167,1488,2845
"Venezuela, RB",VEN,Monaco,MCO,4,8,29,37,43
"Venezuela, RB",VEN,Netherlands,NLD,2,193,533,1536,2400
"Venezuela, RB",VEN,Netherlands Antilles,ANT,1189,1045,918,706,1509
"Venezuela, RB",VEN,Nicaragua,NIC,55,93,105,112,134
"Venezuela, RB",VEN,Nigeria,NGA,5,7,52,18,30
"Venezuela, RB",VEN,Norway,NOR,16,27,57,83,182
"Venezuela, RB",VEN,Panama,PAN,355,395,323,529,1008
"Venezuela, RB",VEN,Paraguay,PRY,39,3,20,87,146
"Venezuela, RB",VEN,Peru,PER,460,643,786,1565,1279
"Venezuela, RB",VEN,Philippines,PHL,1,58,4,10,4
"Venezuela, RB",VEN,Portugal,PRT,703,1836,4797,15106,21370
"Venezuela, RB",VEN,Puerto Rico,PRI,124,367,527,1301,1804
"Venezuela, RB",VEN,Senegal,SEN,3,2,2,4,3
"Venezuela, RB",VEN,Serbia and Montenegro,SCG,13,13,24,46,172
"Venezuela, RB",VEN,South Africa,ZAF,3,6,9,9,128
"Venezuela, RB",VEN,Spain,ESP,10853,18306,31357,41530,54198
"Venezuela, RB",VEN,St. Kitts and Nevis,KNA,4,3,3,22,7
"Venezuela, RB",VEN,St. Lucia,LCA,16,19,24,32,17
"Venezuela, RB",VEN,Suriname,SUR,3,2,1,2,3
"Venezuela, RB",VEN,Sweden,SWE,16,137,588,484,444
"Venezuela, RB",VEN,Switzerland,CHE,258,322,179,1185,821
"Venezuela, RB",VEN,Tanzania,TZA,4,4,1,1,3
"Venezuela, RB",VEN,Togo,TGO,2,3,3,4,4
"Venezuela, RB",VEN,Trinidad and Tobago,TTO,3289,2123,1701,1333,1437
"Venezuela, RB",VEN,Turkey,TUR,6,11,13,23,40
"Venezuela, RB",VEN,United Kingdom,GBR,1267,71,2974,3787,8372
"Venezuela, RB",VEN,United States,USA,7287,14645,41821,54323,118195
"Venezuela, RB",VEN,Uruguay,URY,298,247,178,183,706
"Venezuela, RB",VEN,West Bank and Gaza,PSE,3,3,4,5,8
"Venezuela, RB",VEN,"Yemen, Rep.",YEM,1,2,2,3,3
Vietnam,VNM,Albania,ALB,23,25,28,31,35
Vietnam,VNM,Aruba,ABW,7,6,6,7,11
Vietnam,VNM,Australia,AUS,947,1579,39630,118469,152582
Vietnam,VNM,Austria,AUT,191,656,2540,980,1002
Vietnam,VNM,Bangladesh,BGD,8,6,7,7,8
Vietnam,VNM,Belgium,BEL,58,409,1124,436,748
Vietnam,VNM,Bermuda,BMU,1,17,50,1,83
Vietnam,VNM,Bosnia and Herzegovina,BIH,2,2,4,19,15
Vietnam,VNM,Brunei Darussalam,BRN,81,108,650,6,9
Vietnam,VNM,Bulgaria,BGR,285,297,305,302,1403
Vietnam,VNM,Cambodia,KHM,196744,165809,2151,19802,122104
Vietnam,VNM,Canada,CAN,1522,20030,39334,95419,146343
Vietnam,VNM,China,CHN,74,80,580,354,4131
Vietnam,VNM,Colombia,COL,2,3,4,5,11
Vietnam,VNM,Croatia,HRV,7,7,13,229,37
Vietnam,VNM,Cuba,CUB,60,55,26,11,3
Vietnam,VNM,Cyprus,CYP,60,208,356,508,34
Vietnam,VNM,Czech Republic,CZE,44,49,54,380,14767
Vietnam,VNM,Denmark,DNK,105,97,1806,5522,8380
Vietnam,VNM,Dominican Republic,DOM,19,30,40,52,66
Vietnam,VNM,"Egypt, Arab Rep.",EGY,44,77,113,5,9
Vietnam,VNM,Ethiopia,ETH,2,2,2,2,2
Vietnam,VNM,Fiji,FJI,207,164,135,169,196
Vietnam,VNM,Finland,FIN,4,16,31,1513,2741
Vietnam,VNM,France,FRA,13927,1393,101651,113740,23496
Vietnam,VNM,French Guiana,GUF,133,68,136,317,483
Vietnam,VNM,French Polynesia,PYF,24,34,61,175,215
Vietnam,VNM,Germany,DEU,827,1105,1890,27393,69517
Vietnam,VNM,Ghana,GHA,7,57,18,64,110
Vietnam,VNM,Greece,GRC,38,107,362,578,210
Vietnam,VNM,Greenland,GRL,2,5,6,6,5
Vietnam,VNM,Guadeloupe,GLP,82,96,256,591,531
Vietnam,VNM,Guam,GUM,39,280,20,353,176
Vietnam,VNM,Guinea,GIN,2,3,4,1,2
Vietnam,VNM,"Hong Kong SAR, China",HKG,164,44,12219,24,374
Vietnam,VNM,Hungary,HUN,4995,5532,4798,4092,3857
Vietnam,VNM,India,IND,8,33,2285,2751,677
Vietnam,VNM,Indonesia,IDN,8997,5662,5770,6995,6250
Vietnam,VNM,Ireland,IRL,45,57,102,124,663
Vietnam,VNM,Italy,ITA,733,1003,1216,6818,2023
Vietnam,VNM,Japan,JPN,48,772,1708,6291,16750
Vietnam,VNM,"Korea, Dem. Rep.",PRK,2,8,154,64,367
Vietnam,VNM,Lao PDR,LAO,12114,12757,13411,14099,13401
Vietnam,VNM,Liberia,LBR,5,10,2,2,1
Vietnam,VNM,Libya,LBY,1,7,17,26,31
Vietnam,VNM,Luxembourg,LUX,6,10,33,197,324
Vietnam,VNM,"Macao SAR, China",MAC,73,29,107,117,127
Vietnam,VNM,"Macedonia, FYR",MKD,4,4,7,194,225
Vietnam,VNM,Malaysia,MYS,19,3887,446,6313,13551
Vietnam,VNM,Martinique,MTQ,137,102,183,356,427
Vietnam,VNM,Mexico,MEX,297,327,88,71,36
Vietnam,VNM,"Micronesia, Fed. Sts.",FSM,3,3,9,15,14
Vietnam,VNM,Monaco,MCO,6,75,46,57,68
Vietnam,VNM,Mongolia,MNG,8,10,12,14,18
Vietnam,VNM,Myanmar,MMR,4556,4334,3096,2412,1987
Vietnam,VNM,Netherlands,NLD,4,956,2643,7617,10479
Vietnam,VNM,Netherlands Antilles,ANT,36,31,27,31,13
Vietnam,VNM,New Caledonia,NCL,451,1116,982,1150,1571
Vietnam,VNM,New Zealand,NZL,247,133,2507,2750,3913
Vietnam,VNM,Nicaragua,NIC,10,18,20,21,25
Vietnam,VNM,Niger,NER,4,5,7,6,2
Vietnam,VNM,Nigeria,NGA,13,11,65,19,32
Vietnam,VNM,Northern Mariana Islands,MNP,2,2,3,164,198
Vietnam,VNM,Norway,NOR,13,100,2133,7627,11416
Vietnam,VNM,Pakistan,PAK,2,136,109,87,70
Vietnam,VNM,Papua New Guinea,PNG,5,12,19,15,11
Vietnam,VNM,Peru,PER,2,2,3,4,3
Vietnam,VNM,Philippines,PHL,3306,2061,16448,1709,9257
Vietnam,VNM,Poland,POL,58,50,556,1059,1785
Vietnam,VNM,Puerto Rico,PRI,1,4,6,47,58
Vietnam,VNM,Reunion,REU,216,132,1,1,2
Vietnam,VNM,Romania,ROU,9,8,6,4,12
Vietnam,VNM,Senegal,SEN,3,2,2,4,4
Vietnam,VNM,Serbia and Montenegro,SCG,21,21,37,12,43
Vietnam,VNM,Singapore,SGP,173,2172,2144,2936,4319
Vietnam,VNM,Slovak Republic,SVK,17,19,21,66,687
Vietnam,VNM,Solomon Islands,SLB,2,2,5,65,12
Vietnam,VNM,Sweden,SWE,6,316,1405,2650,10777
Vietnam,VNM,Switzerland,CHE,654,565,6051,1147,5007
Vietnam,VNM,Thailand,THA,2324,4057,3933,4857,13191
Vietnam,VNM,Timor-Leste,TLS,8,9,9,10,10
Vietnam,VNM,Togo,TGO,6,8,9,9,9
Vietnam,VNM,Trinidad and Tobago,TTO,10,8,9,8,4
Vietnam,VNM,Tunisia,TUN,3,39,2,4,3
Vietnam,VNM,United Kingdom,GBR,1775,403,13612,20635,44
Vietnam,VNM,United States,USA,14419,11234,262190,583889,1028454
Vietnam,VNM,Vanuatu,VUT,66,77,43,33,9
Vietnam,VNM,"Yemen, Rep.",YEM,2,3,3,4,5
Vietnam,VNM,Zambia,ZMB,2,2,37,5,5
Vietnam,VNM,Zimbabwe,ZWE,17,21,20,19,18
Virgin Islands (U.S.),VIR,Anguilla,AIA,3,5,8,179,308
Virgin Islands (U.S.),VIR,Antigua and Barbuda,ATG,165,235,327,443,421
Virgin Islands (U.S.),VIR,Aruba,ABW,16,15,14,7,9
Virgin Islands (U.S.),VIR,Barbados,BRB,12,8,5,7,8
Virgin Islands (U.S.),VIR,Burkina Faso,BFA,28,40,76,3309,1277
Virgin Islands (U.S.),VIR,Cameroon,CMR,2,2,2,7,6
Virgin Islands (U.S.),VIR,Canada,CAN,65,697,1357,35,39
Virgin Islands (U.S.),VIR,Cuba,CUB,51,46,26,16,21
Virgin Islands (U.S.),VIR,Dominica,DMA,4,6,7,70,104
Virgin Islands (U.S.),VIR,Dominican Republic,DOM,63,181,293,422,576
Virgin Islands (U.S.),VIR,Ghana,GHA,133012,2386,772,2702,4632
Virgin Islands (U.S.),VIR,Guadeloupe,GLP,11,18,41,92,83
Virgin Islands (U.S.),VIR,Guinea-Bissau,GNB,50,52,55,125,120
Virgin Islands (U.S.),VIR,Haiti,HTI,2,6,7,10,13
Virgin Islands (U.S.),VIR,Liberia,LBR,288,207,1505,1505,1431
Virgin Islands (U.S.),VIR,Mali,MLI,1295,1271,1248,1225,81
Virgin Islands (U.S.),VIR,Netherlands Antilles,ANT,44,39,34,48,170
Virgin Islands (U.S.),VIR,Puerto Rico,PRI,37,108,156,965,1454
Virgin Islands (U.S.),VIR,Senegal,SEN,703,453,478,891,878
Virgin Islands (U.S.),VIR,St. Kitts and Nevis,KNA,53,41,39,268,254
Virgin Islands (U.S.),VIR,St. Lucia,LCA,4,6,9,118,54
Virgin Islands (U.S.),VIR,St. Vincent and the Grenadines,VCT,5,5,4,5,8
Virgin Islands (U.S.),VIR,Sudan,SDN,2,2,2,6,7
Virgin Islands (U.S.),VIR,Tanzania,TZA,14,13,3,3,7
Virgin Islands (U.S.),VIR,Trinidad and Tobago,TTO,77,45,29,19,32
Virgin Islands (U.S.),VIR,United Kingdom,GBR,7,9,8,8,11
Virgin Islands (U.S.),VIR,United States,USA,14977,50288,45969,8933,78966
Virgin Islands (U.S.),VIR,"Virgin Islands, British",VGB,34,164,202,64,71
"Virgin Islands, British",VGB,Anguilla,AIA,10,17,24,46,78
"Virgin Islands, British",VGB,Antigua and Barbuda,ATG,24,35,51,71,58
"Virgin Islands, British",VGB,Aruba,ABW,52,50,47,22,30
"Virgin Islands, British",VGB,"Bahamas, The",BHS,34,7,8,6,7
"Virgin Islands, British",VGB,Barbados,BRB,236,122,24,24,27
"Virgin Islands, British",VGB,Canada,CAN,1,16,32,52,39
"Virgin Islands, British",VGB,Cuba,CUB,166,150,84,52,66
"Virgin Islands, British",VGB,Dominica,DMA,49,30,11,36,53
"Virgin Islands, British",VGB,Dominican Republic,DOM,30,27,22,18,15
"Virgin Islands, British",VGB,Grenada,GRD,118,61,5,8,14
"Virgin Islands, British",VGB,Guadeloupe,GLP,25,41,94,213,191
"Virgin Islands, British",VGB,Haiti,HTI,7,18,23,31,42
"Virgin Islands, British",VGB,Israel,ISR,3,3,3,43,97
"Virgin Islands, British",VGB,Jamaica,JAM,99,71,53,50,153
"Virgin Islands, British",VGB,Montserrat,MSR,14,18,18,22,2
"Virgin Islands, British",VGB,Netherlands Antilles,ANT,145,127,112,158,1811
"Virgin Islands, British",VGB,Puerto Rico,PRI,34,102,146,66,1362
"Virgin Islands, British",VGB,St. Kitts and Nevis,KNA,161,125,119,108,76
"Virgin Islands, British",VGB,St. Lucia,LCA,50,27,4,11,24
"Virgin Islands, British",VGB,Trinidad and Tobago,TTO,2421,1079,96,62,100
"Virgin Islands, British",VGB,Turks and Caicos Islands,TCA,3,7,19,10,11
"Virgin Islands, British",VGB,United Kingdom,GBR,5,7,7,6,9
"Virgin Islands, British",VGB,United States,USA,356,8,1138,1971,1008
"Virgin Islands, British",VGB,Virgin Islands (U.S.),VIR,2152,475,3457,4631,2733
"Virgin Islands, British",VGB,"Yemen, Rep.",YEM,2,2,2,3,4
Wallis and Futuna,WLF,American Samoa,ASM,2,1,1,12,16
Wallis and Futuna,WLF,Fiji,FJI,8,24,42,51,60
Wallis and Futuna,WLF,French Polynesia,PYF,24,15,6,51,254
Wallis and Futuna,WLF,"Micronesia, Fed. Sts.",FSM,4,4,3,1,2
Wallis and Futuna,WLF,New Caledonia,NCL,42,25,4788,5393,7165
Wallis and Futuna,WLF,Papua New Guinea,PNG,2,6,6,4,3
Wallis and Futuna,WLF,Solomon Islands,SLB,9,10,19,2,5
Wallis and Futuna,WLF,Vanuatu,VUT,4,4,13,4,11
West Bank and Gaza,PSE,Algeria,DZA,1042,409,322,254,200
West Bank and Gaza,PSE,Aruba,ABW,2,1,1,2,3
West Bank and Gaza,PSE,Australia,AUS,13,22,236,1776,2647
West Bank and Gaza,PSE,Austria,AUT,1,4,6,7,166
West Bank and Gaza,PSE,Bahrain,BHR,31,27,8126,11375,18231
West Bank and Gaza,PSE,Bangladesh,BGD,4,3,3,3,4
West Bank and Gaza,PSE,Benin,BEN,1,2,3,3,6
West Bank and Gaza,PSE,Bolivia,BOL,412,190,3,3,50
West Bank and Gaza,PSE,Brazil,BRA,100,5,17,606,363
West Bank and Gaza,PSE,Bulgaria,BGR,4,4,4,4,21
West Bank and Gaza,PSE,Colombia,COL,392,354,248,149,6
West Bank and Gaza,PSE,"Congo, Dem. Rep.",COD,2,4475,2816,1946,1593
West Bank and Gaza,PSE,"Congo, Rep.",COG,8,14,36,59,11
West Bank and Gaza,PSE,Cote d'Ivoire,CIV,6,9,12,21,2
West Bank and Gaza,PSE,Dominican Republic,DOM,5,57,106,162,229
West Bank and Gaza,PSE,Ecuador,ECU,2,3,5,5,34
West Bank and Gaza,PSE,"Egypt, Arab Rep.",EGY,25879,32976,41029,53744,41067
West Bank and Gaza,PSE,El Salvador,SLV,458,37,18,3,29
West Bank and Gaza,PSE,Ethiopia,ETH,81,77,81,85,89
West Bank and Gaza,PSE,Fiji,FJI,3,2,2,2,3
West Bank and Gaza,PSE,France,FRA,115,12,7,3,195
West Bank and Gaza,PSE,Gabon,GAB,19,6,6,8,12
West Bank and Gaza,PSE,"Gambia, The",GMB,2,4,28,40,58
West Bank and Gaza,PSE,Germany,DEU,6,7,12,193,394
West Bank and Gaza,PSE,Guatemala,GTM,268,70,30,99,5
West Bank and Gaza,PSE,Guinea,GIN,3,4,6,2,3
West Bank and Gaza,PSE,Honduras,HND,7,3,4,8,111
West Bank and Gaza,PSE,Hungary,HUN,35,36,31,27,25
West Bank and Gaza,PSE,Indonesia,IDN,67,42,43,52,559
West Bank and Gaza,PSE,"Iran, Islamic Rep.",IRN,55,97,367,879,741
West Bank and Gaza,PSE,Iraq,IRQ,108,1301,2207,3825,1090
West Bank and Gaza,PSE,Israel,ISR,5,6,6,63,142
West Bank and Gaza,PSE,Italy,ITA,5,6,7,39,374
West Bank and Gaza,PSE,Jordan,JOR,48,6799,27169,63444,104718
West Bank and Gaza,PSE,Kuwait,KWT,342,661,57772,82268,77686
West Bank and Gaza,PSE,Lao PDR,LAO,2,3,3,3,3
West Bank and Gaza,PSE,Lebanon,LBN,1290,25,1225,8713,6903
West Bank and Gaza,PSE,Libya,LBY,746,10062,25577,37678,45111
West Bank and Gaza,PSE,Madagascar,MDG,307,177,58,16,14
West Bank and Gaza,PSE,Morocco,MAR,1546,497,279,236,216
West Bank and Gaza,PSE,Myanmar,MMR,583,555,289,18,15
West Bank and Gaza,PSE,Netherlands Antilles,ANT,8,7,7,9,3
West Bank and Gaza,PSE,Nicaragua,NIC,2,3,4,4,5
West Bank and Gaza,PSE,Niger,NER,18,24,33,25,8
West Bank and Gaza,PSE,Nigeria,NGA,56,49,292,85,143
West Bank and Gaza,PSE,Oman,OMN,277,399,927,2688,3958
West Bank and Gaza,PSE,Pakistan,PAK,3,7,6,4,4
West Bank and Gaza,PSE,Philippines,PHL,29,28,123,17,94
West Bank and Gaza,PSE,Qatar,QAT,1236,132,18114,14548,10316
West Bank and Gaza,PSE,Saudi Arabia,SAU,1121,6312,32186,83856,90715
West Bank and Gaza,PSE,Sudan,SDN,15,14,18,7,8
West Bank and Gaza,PSE,Switzerland,CHE,5,3,3,44,212
West Bank and Gaza,PSE,Syrian Arab Republic,SYR,112765,3426,246564,348765,458611
West Bank and Gaza,PSE,Tanzania,TZA,2,2,4,4,3
West Bank and Gaza,PSE,Thailand,THA,7,123,303,517,1671
West Bank and Gaza,PSE,Togo,TGO,26,36,38,40,41
West Bank and Gaza,PSE,Trinidad and Tobago,TTO,3,2,3,2,1
West Bank and Gaza,PSE,Tunisia,TUN,2112,61,1907,5,5
West Bank and Gaza,PSE,Turkey,TUR,27,49,59,106,741
West Bank and Gaza,PSE,United Arab Emirates,ARE,82,2455,26802,49732,85447
West Bank and Gaza,PSE,United Kingdom,GBR,15,3,187,79,195
West Bank and Gaza,PSE,Uruguay,URY,9,7,5,6,13
West Bank and Gaza,PSE,"Venezuela, RB",VEN,64,12,144,145,411
West Bank and Gaza,PSE,"Yemen, Rep.",YEM,424,525,651,805,941
West Bank and Gaza,PSE,Zimbabwe,ZWE,2,2,2,2,2
"Yemen, Rep.",YEM,Algeria,DZA,57,22,18,14,11
"Yemen, Rep.",YEM,Australia,AUS,2,3,34,214,373
"Yemen, Rep.",YEM,Austria,AUT,1,5,7,47,25
"Yemen, Rep.",YEM,Bahrain,BHR,562,23,6998,9942,15578
"Yemen, Rep.",YEM,Bangladesh,BGD,17,13,14,16,17
"Yemen, Rep.",YEM,Bulgaria,BGR,22,23,24,24,110
"Yemen, Rep.",YEM,Burundi,BDI,137,110,88,13,10
"Yemen, Rep.",YEM,Cameroon,CMR,81,91,73,231,195
"Yemen, Rep.",YEM,Canada,CAN,11,141,277,219,1030
"Yemen, Rep.",YEM,Central African Republic,CAF,2,1,3,40,12
"Yemen, Rep.",YEM,Chad,TCD,242,268,296,327,370
"Yemen, Rep.",YEM,Chile,CHL,89,6,4,8,4
"Yemen, Rep.",YEM,"Congo, Dem. Rep.",COD,5,11482,7225,4992,4087
"Yemen, Rep.",YEM,"Congo, Rep.",COG,21,36,92,152,28
"Yemen, Rep.",YEM,Denmark,DNK,2,2,75,79,134
"Yemen, Rep.",YEM,Djibouti,DJI,84,153,308,483,620
"Yemen, Rep.",YEM,"Egypt, Arab Rep.",EGY,1252,1132,1015,3300,3955
"Yemen, Rep.",YEM,Eritrea,ERI,30,54,101,47,10
"Yemen, Rep.",YEM,Ethiopia,ETH,208,197,208,218,229
"Yemen, Rep.",YEM,France,FRA,259,26,16,7,437
"Yemen, Rep.",YEM,Gabon,GAB,49,16,16,21,32
"Yemen, Rep.",YEM,"Gambia, The",GMB,6,10,73,104,150
"Yemen, Rep.",YEM,Germany,DEU,6,8,17,402,482
"Yemen, Rep.",YEM,"Hong Kong SAR, China",HKG,47,47,3,22,424
"Yemen, Rep.",YEM,Hungary,HUN,32,33,29,24,23
"Yemen, Rep.",YEM,India,IND,4,368,2,847,1
"Yemen, Rep.",YEM,Indonesia,IDN,52,33,33,41,432
"Yemen, Rep.",YEM,"Iran, Islamic Rep.",IRN,44,78,297,711,600
"Yemen, Rep.",YEM,Iraq,IRQ,2646,2101,1788,2026,421
"Yemen, Rep.",YEM,Israel,ISR,48518,57650,53470,42746,40931
"Yemen, Rep.",YEM,Italy,ITA,6,7,9,47,227
"Yemen, Rep.",YEM,Jordan,JOR,31,187,708,1618,2350
"Yemen, Rep.",YEM,Kenya,KEN,792,8327,6650,4703,150
"Yemen, Rep.",YEM,Kuwait,KWT,291,3286,31573,60909,57517
"Yemen, Rep.",YEM,Lao PDR,LAO,2,2,2,2,2
"Yemen, Rep.",YEM,Lebanon,LBN,149,1332,352,3139,13246
"Yemen, Rep.",YEM,Libya,LBY,13,191,485,715,856
"Yemen, Rep.",YEM,Madagascar,MDG,788,453,149,40,37
"Yemen, Rep.",YEM,Morocco,MAR,85,27,15,13,12
"Yemen, Rep.",YEM,Myanmar,MMR,451,429,223,14,12
"Yemen, Rep.",YEM,Nicaragua,NIC,5,9,10,11,13
"Yemen, Rep.",YEM,Nigeria,NGA,3,2,13,4,7
"Yemen, Rep.",YEM,Oman,OMN,237,340,792,2296,3381
"Yemen, Rep.",YEM,Pakistan,PAK,14,33,26,21,17
"Yemen, Rep.",YEM,Philippines,PHL,23,22,95,13,73
"Yemen, Rep.",YEM,Qatar,QAT,143,7114,5206,5242,19793
"Yemen, Rep.",YEM,Saudi Arabia,SAU,4300,24217,123492,321742,348060
"Yemen, Rep.",YEM,Singapore,SGP,6,3,7,17,128
"Yemen, Rep.",YEM,Somalia,SOM,44,79,173,72,19
"Yemen, Rep.",YEM,Sudan,SDN,4184,3991,5120,1833,2212
"Yemen, Rep.",YEM,Switzerland,CHE,5,4,3,50,238
"Yemen, Rep.",YEM,Syrian Arab Republic,SYR,9097,154795,3546,5016,6596
"Yemen, Rep.",YEM,Tanzania,TZA,652,604,1073,1033,903
"Yemen, Rep.",YEM,Thailand,THA,5,95,234,400,1291
"Yemen, Rep.",YEM,Togo,TGO,1,2,2,2,2
"Yemen, Rep.",YEM,Turkey,TUR,635,1155,1379,2495,165
"Yemen, Rep.",YEM,Uganda,UGA,156,156,153,167,75
"Yemen, Rep.",YEM,United Arab Emirates,ARE,54,1608,17551,32567,55955
"Yemen, Rep.",YEM,United Kingdom,GBR,4629,266,421,256,549
"Yemen, Rep.",YEM,United States,USA,184,145,3385,6218,19762
"Yemen, Rep.",YEM,West Bank and Gaza,PSE,2527,3012,3567,4693,7255
"Yemen, Rep.",YEM,Zimbabwe,ZWE,1,2,2,2,1
Zambia,ZMB,Afghanistan,AFG,6,34,19,8,56
Zambia,ZMB,Angola,AGO,1129,450,179,197,310
Zambia,ZMB,Australia,AUS,202,550,1610,2234,3068
Zambia,ZMB,Bangladesh,BGD,15,73,81,89,97
Zambia,ZMB,Belgium,BEL,1,1,20,9,9
Zambia,ZMB,Botswana,BWA,577,515,47,1926,890
Zambia,ZMB,Brazil,BRA,5,1,3,9,10
Zambia,ZMB,Burkina Faso,BFA,3,4,7,69,17
Zambia,ZMB,Burundi,BDI,17,13,11,92,74
Zambia,ZMB,Cameroon,CMR,5,6,5,238,201
Zambia,ZMB,Canada,CAN,97,551,1025,1147,2313
Zambia,ZMB,Chad,TCD,27,30,33,37,42
Zambia,ZMB,Cuba,CUB,2,2,2,2,6
Zambia,ZMB,Cyprus,CYP,5,18,30,43,63
Zambia,ZMB,Djibouti,DJI,26,47,94,148,190
Zambia,ZMB,Dominican Republic,DOM,3,4,5,6,7
Zambia,ZMB,Eritrea,ERI,2,66,72,147,118
Zambia,ZMB,Ethiopia,ETH,3,3,3,3,3
Zambia,ZMB,France,FRA,483,1158,9,15,815
Zambia,ZMB,Germany,DEU,6,6,6,175,127
Zambia,ZMB,Ghana,GHA,21,79,42,542,1043
Zambia,ZMB,Hungary,HUN,5,17,16,14,13
Zambia,ZMB,India,IND,2056,11081,3083,979,5007
Zambia,ZMB,Indonesia,IDN,3,2,2,2,2
Zambia,ZMB,Ireland,IRL,2,3,5,6,509
Zambia,ZMB,Israel,ISR,2,2,3,22,49
Zambia,ZMB,Italy,ITA,4,7,28,45,159
Zambia,ZMB,Lesotho,LSO,50,29,11,22,23
Zambia,ZMB,Malawi,MWI,22438,22043,18637,18309,17987
Zambia,ZMB,Mali,MLI,17,17,17,16,2
Zambia,ZMB,Martinique,MTQ,4,7,8,15,18
Zambia,ZMB,Mauritius,MUS,26,27,47,11,11
Zambia,ZMB,Mayotte,MYT,2,5,11,29,57
Zambia,ZMB,Namibia,NAM,2464,3950,6332,10149,9717
Zambia,ZMB,New Zealand,NZL,211,354,466,420,941
Zambia,ZMB,Norway,NOR,1,8,46,117,188
Zambia,ZMB,Pakistan,PAK,173,547,439,352,283
Zambia,ZMB,Papua New Guinea,PNG,3,8,30,23,18
Zambia,ZMB,Philippines,PHL,1,1,5,16,72
Zambia,ZMB,Reunion,REU,2,7,443,589,874
Zambia,ZMB,Senegal,SEN,7,4,5,8,8
Zambia,ZMB,Serbia and Montenegro,SCG,3,3,5,1,5
Zambia,ZMB,Seychelles,SYC,9,11,5,3,18
Zambia,ZMB,Sierra Leone,SLE,33,53,66,65,99
Zambia,ZMB,Somalia,SOM,3,97,124,225,225
Zambia,ZMB,South Africa,ZAF,20346,20769,20924,36943,23518
Zambia,ZMB,Sudan,SDN,2595,2476,3176,4468,5390
Zambia,ZMB,Swaziland,SWZ,53,105,121,215,326
Zambia,ZMB,Switzerland,CHE,4,1,5,4,93
Zambia,ZMB,Tanzania,TZA,12665,11738,15482,21027,13522
Zambia,ZMB,Uganda,UGA,116,115,134,169,156
Zambia,ZMB,United Kingdom,GBR,55,202,12855,17566,8632
Zambia,ZMB,United States,USA,181,405,1952,3886,10804
Zambia,ZMB,"Yemen, Rep.",YEM,1,1,2,2,3
Zambia,ZMB,Zimbabwe,ZWE,43465,56026,52842,49838,45838
Zimbabwe,ZWE,Angola,AGO,1217,485,193,212,334
Zimbabwe,ZWE,Australia,AUS,755,2057,3963,7987,11676
Zimbabwe,ZWE,Austria,AUT,2,1,2,4,51
Zimbabwe,ZWE,Bangladesh,BGD,2,11,12,13,15
Zimbabwe,ZWE,Belgium,BEL,2,2,5,15,15
Zimbabwe,ZWE,Benin,BEN,15,19,24,32,55
Zimbabwe,ZWE,Botswana,BWA,1719,1534,422,4747,5444
Zimbabwe,ZWE,Brazil,BRA,11,3,6,19,22
Zimbabwe,ZWE,Bulgaria,BGR,2,2,2,2,11
Zimbabwe,ZWE,Canada,CAN,139,785,1461,1891,4066
Zimbabwe,ZWE,Chad,TCD,1,1,1,2,2
Zimbabwe,ZWE,Cote d'Ivoire,CIV,34,52,67,17,515
Zimbabwe,ZWE,Cyprus,CYP,8,29,49,70,139
Zimbabwe,ZWE,Djibouti,DJI,1,2,4,6,8
Zimbabwe,ZWE,Dominican Republic,DOM,1,2,2,3,4
Zimbabwe,ZWE,Ethiopia,ETH,2,2,2,2,2
Zimbabwe,ZWE,France,FRA,1532,3671,28,49,2584
Zimbabwe,ZWE,French Polynesia,PYF,9,6,3,26,97
Zimbabwe,ZWE,Germany,DEU,9,10,9,242,202
Zimbabwe,ZWE,Ghana,GHA,10,7,3,45,86
Zimbabwe,ZWE,Hungary,HUN,17,62,57,50,48
Zimbabwe,ZWE,India,IND,330,1348,392,612,673
Zimbabwe,ZWE,Indonesia,IDN,4,3,3,3,3
Zimbabwe,ZWE,Ireland,IRL,7,9,15,19,1339
Zimbabwe,ZWE,Italy,ITA,7,11,45,72,151
Zimbabwe,ZWE,Lesotho,LSO,304,179,66,132,143
Zimbabwe,ZWE,Luxembourg,LUX,2,3,11,64,28
Zimbabwe,ZWE,"Macedonia, FYR",MKD,1,1,2,56,65
Zimbabwe,ZWE,Malawi,MWI,34762,34150,59662,58612,57580
Zimbabwe,ZWE,Martinique,MTQ,2,3,4,7,9
Zimbabwe,ZWE,Mauritius,MUS,18,18,82,66,67
Zimbabwe,ZWE,Monaco,MCO,2,2,15,19,22
Zimbabwe,ZWE,Mozambique,MOZ,3,535,2442,13525,46688
Zimbabwe,ZWE,Namibia,NAM,99,159,254,407,390
Zimbabwe,ZWE,New Zealand,NZL,133,329,748,944,2849
Zimbabwe,ZWE,Norway,NOR,5,15,22,71,151
Zimbabwe,ZWE,Pakistan,PAK,26,82,66,53,43
Zimbabwe,ZWE,Papua New Guinea,PNG,11,28,116,90,68
Zimbabwe,ZWE,Philippines,PHL,2,84,8,4,43
Zimbabwe,ZWE,Portugal,PRT,116,304,795,1446,1367
Zimbabwe,ZWE,Reunion,REU,7,23,1401,1863,2764
Zimbabwe,ZWE,Saint Helena,SHN,2,4,5,1,1
Zimbabwe,ZWE,Serbia and Montenegro,SCG,6,6,12,4,13
Zimbabwe,ZWE,Seychelles,SYC,53,68,30,9,107
Zimbabwe,ZWE,South Africa,ZAF,26957,50720,74455,145958,129558
Zimbabwe,ZWE,Sudan,SDN,113,108,138,194,234
Zimbabwe,ZWE,Swaziland,SWZ,70,140,366,662,1025
Zimbabwe,ZWE,Sweden,SWE,15,31,68,128,251
Zimbabwe,ZWE,Switzerland,CHE,6,2,8,6,209
Zimbabwe,ZWE,Tanzania,TZA,1415,1311,515,8,750
Zimbabwe,ZWE,Uganda,UGA,5,5,36,72,7
Zimbabwe,ZWE,United Kingdom,GBR,176,8009,16717,22660,49791
Zimbabwe,ZWE,United States,USA,331,552,4795,5923,12203
Zimbabwe,ZWE,Zambia,ZMB,90416,72452,49691,34855,31538
